timestamp,batteryLevel,timeRemaining,isCharging,batteryHealth
2026-06-15 19:24:12,79,723.0000,0,100
2026-06-15 19:24:14,79,723.0000,0,100
2026-06-15 19:24:16,79,723.0000,0,100
2026-06-15 19:24:18,79,723.0000,0,100
2026-06-15 19:24:20,79,723.0000,0,100
2026-06-15 19:24:22,79,723.0000,0,100
2026-06-15 19:24:24,79,723.0000,0,100
2026-06-15 19:24:26,79,723.0000,0,100
2026-06-15 19:24:28,79,723.0000,0,100
2026-06-15 19:24:30,79,723.0000,0,100
2026-06-15 19:24:32,79,723.0000,0,100
2026-06-15 19:24:34,79,723.0000,0,100
2026-06-15 19:24:36,79,723.0000,0,100
2026-06-15 19:24:38,79,723.0000,0,100
2026-06-15 19:24:40,79,723.0000,0,100
2026-06-15 19:24:42,79,723.0000,0,100
2026-06-15 19:24:44,79,723.0000,0,100
2026-06-15 19:24:46,79,723.0000,0,100
2026-06-15 19:24:48,79,723.0000,0,100
2026-06-15 19:24:50,79,723.0000,0,100
2026-06-15 19:24:52,79,713.0000,0,100
2026-06-15 19:24:54,79,713.0000,0,100
2026-06-15 19:24:56,79,713.0000,0,100
2026-06-15 19:24:58,79,713.0000,0,100
2026-06-15 19:25:00,79,713.0000,0,100
2026-06-15 19:25:29,79,713.0000,0,100
2026-06-15 19:25:31,79,713.0000,0,100
2026-06-15 19:25:33,79,713.0000,0,100
2026-06-15 19:25:35,79,713.0000,0,100
2026-06-15 19:25:37,79,713.0000,0,100
2026-06-15 19:25:39,79,713.0000,0,100
2026-06-15 19:25:41,79,713.0000,0,100
2026-06-15 19:25:43,79,713.0000,0,100
2026-06-15 19:25:45,79,713.0000,0,100
2026-06-15 19:25:47,79,713.0000,0,100
2026-06-15 19:25:49,79,713.0000,0,100
2026-06-15 19:25:51,79,713.0000,0,100
2026-06-15 19:25:53,79,703.0000,0,100
2026-06-15 19:25:55,79,703.0000,0,100
2026-06-15 19:25:57,79,703.0000,0,100
2026-06-15 19:25:59,79,703.0000,0,100
2026-06-15 19:26:01,79,703.0000,0,100
2026-06-15 19:26:07,79,703.0000,0,100
2026-06-15 19:26:09,79,703.0000,0,100
2026-06-15 19:26:11,79,703.0000,0,100
2026-06-15 19:26:13,79,703.0000,0,100
2026-06-15 19:26:15,79,703.0000,0,100
2026-06-15 19:26:17,79,703.0000,0,100
2026-06-15 19:26:19,79,703.0000,0,100
2026-06-15 19:26:21,79,703.0000,0,100
2026-06-15 19:26:23,79,703.0000,0,100
2026-06-15 19:26:25,79,703.0000,0,100
2026-06-15 19:26:27,79,703.0000,0,100
2026-06-15 19:26:33,79,703.0000,0,100
2026-06-15 19:26:35,79,703.0000,0,100
2026-06-15 19:26:37,79,703.0000,0,100
2026-06-15 19:26:39,79,703.0000,0,100
2026-06-15 19:26:41,79,703.0000,0,100
2026-06-15 19:26:43,79,703.0000,0,100
2026-06-15 19:26:47,79,703.0000,0,100
2026-06-15 19:26:49,79,703.0000,0,100
2026-06-15 19:26:51,79,693.0000,0,100
2026-06-15 19:26:53,79,693.0000,0,100
2026-06-15 19:26:55,79,693.0000,0,100
2026-06-15 19:26:57,79,693.0000,0,100
2026-06-15 19:26:59,79,693.0000,0,100
2026-06-15 19:27:01,79,693.0000,0,100
2026-06-15 19:27:03,79,693.0000,0,100
2026-06-15 19:27:05,79,693.0000,0,100
2026-06-15 19:27:07,79,693.0000,0,100
2026-06-15 19:27:09,79,693.0000,0,100
2026-06-15 19:27:11,79,693.0000,0,100
2026-06-15 19:27:13,79,693.0000,0,100
2026-06-15 19:27:15,79,693.0000,0,100
2026-06-15 19:27:17,79,693.0000,0,100
2026-06-15 19:27:19,79,693.0000,0,100
2026-06-15 19:27:21,79,693.0000,0,100
2026-06-15 19:27:23,79,693.0000,0,100
2026-06-15 19:27:25,79,693.0000,0,100
2026-06-15 19:27:27,79,693.0000,0,100
2026-06-15 19:27:29,79,693.0000,0,100
2026-06-15 19:27:31,79,693.0000,0,100
2026-06-15 19:27:33,79,693.0000,0,100
2026-06-15 19:27:35,79,693.0000,0,100
2026-06-15 19:27:37,79,693.0000,0,100
2026-06-15 19:27:39,79,693.0000,0,100
2026-06-15 19:27:41,79,693.0000,0,100
2026-06-15 19:27:43,79,693.0000,0,100
2026-06-15 19:27:45,79,693.0000,0,100
2026-06-15 19:27:47,79,693.0000,0,100
2026-06-15 19:27:49,79,693.0000,0,100
2026-06-15 19:27:51,79,703.0000,0,100
2026-06-15 19:27:53,79,703.0000,0,100
2026-06-15 19:27:55,79,703.0000,0,100
2026-06-15 19:27:57,79,703.0000,0,100
2026-06-15 19:27:59,79,703.0000,0,100
2026-06-15 19:28:01,79,703.0000,0,100
2026-06-15 19:28:03,79,703.0000,0,100
2026-06-15 19:28:05,79,703.0000,0,100
2026-06-15 19:28:07,79,703.0000,0,100
2026-06-15 19:28:09,79,703.0000,0,100
2026-06-15 19:28:11,79,703.0000,0,100
2026-06-15 19:28:13,79,703.0000,0,100
2026-06-15 19:28:15,79,703.0000,0,100
2026-06-15 19:28:17,79,703.0000,0,100
2026-06-15 19:28:19,79,703.0000,0,100
2026-06-15 19:28:21,79,703.0000,0,100
2026-06-15 19:28:23,79,703.0000,0,100
2026-06-15 19:28:25,78,693.0000,0,100
2026-06-15 19:28:27,78,693.0000,0,100
2026-06-15 19:28:29,78,693.0000,0,100
2026-06-15 19:28:31,78,693.0000,0,100
2026-06-15 19:28:33,78,693.0000,0,100
2026-06-15 19:28:35,78,693.0000,0,100
2026-06-15 19:28:37,78,693.0000,0,100
2026-06-15 19:28:42,78,693.0000,0,100
2026-06-15 19:28:44,78,693.0000,0,100
2026-06-15 19:28:46,78,693.0000,0,100
2026-06-15 19:28:48,78,693.0000,0,100
2026-06-15 19:28:50,78,693.0000,0,100
2026-06-15 19:28:52,78,693.0000,0,100
2026-06-15 19:28:54,78,693.0000,0,100
2026-06-15 19:29:00,78,693.0000,0,100
2026-06-15 19:29:02,78,693.0000,0,100
2026-06-15 19:29:04,78,693.0000,0,100
2026-06-15 19:29:06,78,693.0000,0,100
2026-06-15 19:29:08,78,693.0000,0,100
2026-06-15 19:29:10,78,693.0000,0,100
2026-06-15 19:29:12,78,693.0000,0,100
2026-06-15 19:29:14,78,693.0000,0,100
2026-06-15 19:29:16,78,693.0000,0,100
2026-06-15 19:29:18,78,693.0000,0,100
2026-06-15 19:29:20,78,693.0000,0,100
2026-06-15 19:29:22,78,693.0000,0,100
2026-06-15 19:29:24,78,683.0000,0,100
2026-06-15 19:29:26,78,683.0000,0,100
2026-06-15 19:29:28,78,683.0000,0,100
2026-06-15 19:29:30,78,683.0000,0,100
2026-06-15 19:29:32,78,683.0000,0,100
2026-06-15 19:29:34,78,683.0000,0,100
2026-06-15 19:29:39,78,683.0000,0,100
2026-06-15 19:29:41,78,683.0000,0,100
2026-06-15 19:29:43,78,683.0000,0,100
2026-06-15 19:29:45,78,683.0000,0,100
2026-06-15 19:29:47,78,683.0000,0,100
2026-06-15 19:29:49,78,683.0000,0,100
2026-06-15 19:29:51,78,683.0000,0,100
2026-06-15 19:29:53,78,683.0000,0,100
2026-06-15 19:29:55,78,683.0000,0,100
2026-06-15 19:29:57,78,683.0000,0,100
2026-06-15 19:29:59,78,683.0000,0,100
2026-06-15 19:30:01,78,683.0000,0,100
2026-06-15 19:30:03,78,683.0000,0,100
2026-06-15 19:30:05,78,683.0000,0,100
2026-06-15 19:30:07,78,683.0000,0,100
2026-06-15 19:30:09,78,683.0000,0,100
2026-06-15 19:30:11,78,683.0000,0,100
2026-06-15 19:30:13,78,683.0000,0,100
2026-06-15 19:30:15,78,683.0000,0,100
2026-06-15 19:30:17,78,683.0000,0,100
2026-06-15 19:30:19,78,683.0000,0,100
2026-06-15 19:30:21,78,683.0000,0,100
2026-06-15 19:30:23,78,683.0000,0,100
2026-06-15 19:30:25,78,673.0000,0,100
2026-06-15 19:30:27,78,673.0000,0,100
2026-06-15 19:30:29,78,673.0000,0,100
2026-06-15 19:30:31,78,673.0000,0,100
2026-06-15 19:30:33,78,673.0000,0,100
2026-06-15 19:30:35,78,673.0000,0,100
2026-06-15 19:30:37,78,673.0000,0,100
2026-06-15 19:30:39,78,673.0000,0,100
2026-06-15 19:30:41,78,673.0000,0,100
2026-06-15 19:30:43,78,673.0000,0,100
2026-06-15 19:30:45,78,673.0000,0,100
2026-06-15 19:30:47,78,673.0000,0,100
2026-06-15 19:30:49,78,673.0000,0,100
2026-06-15 19:30:51,78,673.0000,0,100
2026-06-15 19:30:53,78,673.0000,0,100
2026-06-15 19:30:55,78,673.0000,0,100
2026-06-15 19:30:57,78,673.0000,0,100
2026-06-15 19:30:59,78,673.0000,0,100
2026-06-15 19:31:01,78,673.0000,0,100
2026-06-15 19:31:03,78,673.0000,0,100
2026-06-15 19:31:05,78,673.0000,0,100
2026-06-15 19:31:07,78,673.0000,0,100
2026-06-15 19:31:09,78,673.0000,0,100
2026-06-15 19:31:11,78,673.0000,0,100
2026-06-15 19:31:13,78,673.0000,0,100
2026-06-15 19:31:15,78,673.0000,0,100
2026-06-15 19:31:17,78,673.0000,0,100
2026-06-15 19:31:19,78,673.0000,0,100
2026-06-15 19:31:21,78,673.0000,0,100
2026-06-15 19:31:23,78,673.0000,0,100
2026-06-15 19:31:25,78,683.0000,0,100
2026-06-15 19:31:27,78,683.0000,0,100
2026-06-15 19:31:29,78,683.0000,0,100
2026-06-15 19:31:31,78,683.0000,0,100
2026-06-15 19:31:33,78,683.0000,0,100
2026-06-15 19:31:35,78,683.0000,0,100
2026-06-15 19:31:37,78,683.0000,0,100
2026-06-15 19:31:39,78,683.0000,0,100
2026-06-15 19:31:41,78,683.0000,0,100
2026-06-15 19:31:43,78,683.0000,0,100
2026-06-15 19:31:45,78,683.0000,0,100
2026-06-15 19:31:47,78,683.0000,0,100
2026-06-15 19:31:49,78,683.0000,0,100
2026-06-15 19:31:51,78,683.0000,0,100
2026-06-15 19:31:53,78,683.0000,0,100
2026-06-15 19:31:55,78,683.0000,0,100
2026-06-15 19:31:57,78,683.0000,0,100
2026-06-15 19:31:59,78,683.0000,0,100
2026-06-15 19:32:01,78,683.0000,0,100
2026-06-15 19:32:03,78,683.0000,0,100
2026-06-15 19:32:05,78,683.0000,0,100
2026-06-15 19:32:07,78,683.0000,0,100
2026-06-15 19:32:09,78,683.0000,0,100
2026-06-15 19:32:11,78,683.0000,0,100
2026-06-15 19:32:13,78,683.0000,0,100
2026-06-15 19:32:15,78,683.0000,0,100
2026-06-15 19:32:17,78,683.0000,0,100
2026-06-15 19:32:19,78,683.0000,0,100
2026-06-15 19:32:21,78,683.0000,0,100
2026-06-15 19:32:23,78,683.0000,0,100
2026-06-15 19:32:25,78,693.0000,0,100
2026-06-15 19:32:27,78,693.0000,0,100
2026-06-15 19:32:29,78,693.0000,0,100
2026-06-15 19:32:31,78,693.0000,0,100
2026-06-15 19:32:33,78,693.0000,0,100
2026-06-15 19:32:35,78,693.0000,0,100
2026-06-15 19:32:37,78,693.0000,0,100
2026-06-15 19:33:47,78,683.0000,0,100
2026-06-15 19:33:49,78,683.0000,0,100
2026-06-15 19:33:51,78,683.0000,0,100
2026-06-15 19:33:53,78,683.0000,0,100
2026-06-15 19:33:55,78,683.0000,0,100
2026-06-15 19:33:57,78,683.0000,0,100
2026-06-15 19:35:27,78,683.0000,0,100
2026-06-15 19:35:29,78,683.0000,0,100
2026-06-15 19:35:31,78,683.0000,0,100
2026-06-15 19:35:33,78,683.0000,0,100
2026-06-15 19:35:35,78,683.0000,0,100
2026-06-15 19:35:37,78,683.0000,0,100
2026-06-15 19:35:39,78,683.0000,0,100
2026-06-15 19:35:41,78,683.0000,0,100
2026-06-15 19:35:43,78,683.0000,0,100
2026-06-15 19:35:45,78,683.0000,0,100
2026-06-15 19:35:47,78,683.0000,0,100
2026-06-15 19:35:49,78,683.0000,0,100
2026-06-15 19:35:51,78,683.0000,0,100
2026-06-15 19:35:53,78,683.0000,0,100
2026-06-15 19:35:55,78,683.0000,0,100
2026-06-15 19:35:57,78,683.0000,0,100
2026-06-15 19:35:59,77,673.0000,0,100
2026-06-15 19:36:01,77,673.0000,0,100
2026-06-15 19:36:03,77,673.0000,0,100
2026-06-15 19:36:05,77,673.0000,0,100
2026-06-15 19:36:07,77,673.0000,0,100
2026-06-15 19:36:09,77,673.0000,0,100
2026-06-15 19:36:11,77,673.0000,0,100
2026-06-15 19:36:13,77,673.0000,0,100
2026-06-15 19:36:15,77,673.0000,0,100
2026-06-15 19:36:17,77,673.0000,0,100
2026-06-15 19:36:19,77,673.0000,0,100
2026-06-15 19:36:21,77,673.0000,0,100
2026-06-15 19:36:23,77,673.0000,0,100
2026-06-15 19:36:25,77,673.0000,0,100
2026-06-15 19:36:27,77,673.0000,0,100
2026-06-15 19:36:29,77,673.0000,0,100
2026-06-15 19:36:31,77,673.0000,0,100
2026-06-15 19:36:33,77,673.0000,0,100
2026-06-15 19:36:35,77,673.0000,0,100
2026-06-15 19:36:37,77,673.0000,0,100
2026-06-15 19:36:39,77,673.0000,0,100
2026-06-15 19:36:41,77,673.0000,0,100
2026-06-15 19:36:43,77,673.0000,0,100
2026-06-15 19:36:45,77,673.0000,0,100
2026-06-15 19:36:47,77,673.0000,0,100
2026-06-15 19:36:49,77,673.0000,0,100
2026-06-15 19:36:55,77,673.0000,0,100
2026-06-15 19:36:57,77,673.0000,0,100
2026-06-15 19:36:59,77,663.0000,0,100
2026-06-15 19:37:01,77,663.0000,0,100
2026-06-15 19:37:03,77,663.0000,0,100
2026-06-15 19:37:05,77,663.0000,0,100
2026-06-15 19:37:07,77,663.0000,0,100
2026-06-15 19:37:09,77,663.0000,0,100
2026-06-15 19:37:11,77,663.0000,0,100
2026-06-15 19:37:13,77,663.0000,0,100
2026-06-15 19:37:15,77,663.0000,0,100
2026-06-15 19:37:17,77,663.0000,0,100
2026-06-15 19:37:23,77,663.0000,0,100
2026-06-15 19:37:25,77,663.0000,0,100
2026-06-15 19:37:27,77,663.0000,0,100
2026-06-15 19:37:29,77,663.0000,0,100
2026-06-15 19:37:31,77,653.0000,0,100
2026-06-15 19:37:33,77,0.0000,0,100
2026-06-15 19:37:35,77,0.0000,1,100
2026-06-15 19:37:37,77,0.0000,1,100
2026-06-15 19:37:39,77,0.0000,1,100
2026-06-15 19:37:41,77,-1.0000,0,100
2026-06-15 19:37:43,77,-1.0000,0,100
2026-06-15 19:37:45,77,-1.0000,0,100
2026-06-15 19:37:47,77,-1.0000,0,100
2026-06-15 19:42:56,77,-1.0000,0,100
2026-06-15 19:42:58,77,-1.0000,0,100
2026-06-15 19:43:00,77,-1.0000,0,100
2026-06-15 19:43:02,77,-1.0000,0,100
2026-06-15 19:43:04,77,-1.0000,0,100
2026-06-15 19:43:06,77,-1.0000,0,100
2026-06-15 19:43:08,77,-1.0000,0,100
2026-06-15 19:43:34,77,-1.0000,0,100
2026-06-15 19:43:36,77,-1.0000,0,100
2026-06-15 19:43:38,77,-1.0000,0,100
2026-06-15 19:43:40,77,-1.0000,0,100
2026-06-15 19:43:42,77,-1.0000,0,100
2026-06-15 19:43:44,77,-1.0000,0,100
2026-06-15 19:43:46,77,-1.0000,0,100
2026-06-15 19:49:33,77,-1.0000,0,100
2026-06-15 19:49:35,77,-1.0000,0,100
2026-06-15 19:49:37,77,-1.0000,0,100
2026-06-15 19:49:39,77,-1.0000,0,100
2026-06-15 20:01:36,77,-1.0000,0,100
2026-06-15 20:01:38,77,-1.0000,0,100
2026-06-15 20:01:40,77,-1.0000,0,100
2026-06-15 20:01:42,77,0.0000,0,100
2026-06-15 20:01:44,77,0.0000,0,100
2026-06-15 20:01:46,77,0.0000,1,100
2026-06-15 20:01:48,77,0.0000,1,100
2026-06-15 20:01:50,77,0.0000,1,100
2026-06-15 20:01:52,77,0.0000,1,100
2026-06-15 20:01:54,77,0.0000,1,100
2026-06-15 20:01:56,77,0.0000,1,100
2026-06-15 20:01:58,77,0.0000,1,100
2026-06-15 20:02:00,77,0.0000,1,100
2026-06-15 20:02:02,77,0.0000,1,100
2026-06-15 20:02:04,77,0.0000,1,100
2026-06-15 20:02:06,77,0.0000,1,100
2026-06-15 20:02:08,77,0.0000,1,100
2026-06-15 20:02:10,77,0.0000,1,100
2026-06-15 20:02:12,77,0.0000,1,100
2026-06-15 20:02:14,77,0.0000,1,100
2026-06-15 20:02:16,77,0.0000,1,100
2026-06-15 20:02:18,77,0.0000,1,100
2026-06-15 20:02:20,77,0.0000,1,100
2026-06-15 20:02:22,77,0.0000,1,100
2026-06-15 20:02:24,77,0.0000,1,100
2026-06-15 20:02:26,77,0.0000,1,100
2026-06-15 20:02:28,77,0.0000,1,100
2026-06-15 20:02:30,77,0.0000,1,100
2026-06-15 20:02:32,77,0.0000,1,100
2026-06-15 20:02:34,77,0.0000,1,100
2026-06-15 20:02:36,77,0.0000,1,100
2026-06-15 20:02:38,77,0.0000,1,100
2026-06-15 20:02:40,77,0.0000,1,100
2026-06-15 20:02:42,77,0.0000,1,100
2026-06-15 20:02:44,77,0.0000,1,100
2026-06-15 20:02:46,77,0.0000,1,100
2026-06-15 20:02:48,77,0.0000,1,100
2026-06-15 20:02:50,77,0.0000,1,100
2026-06-15 20:02:52,77,0.0000,1,100
2026-06-15 20:02:54,77,0.0000,1,100
2026-06-15 20:02:56,77,0.0000,1,100
2026-06-15 20:02:58,77,0.0000,1,100
2026-06-15 20:03:00,77,0.0000,1,100
2026-06-15 20:03:02,77,0.0000,1,100
2026-06-15 20:03:04,77,0.0000,1,100
2026-06-15 20:03:06,77,0.0000,1,100
2026-06-15 20:03:08,77,0.0000,1,100
2026-06-15 20:03:10,77,0.0000,1,100
2026-06-15 20:03:12,77,0.0000,1,100
2026-06-15 20:03:14,77,0.0000,1,100
2026-06-15 20:03:16,77,0.0000,1,100
2026-06-15 20:03:18,77,0.0000,1,100
2026-06-15 20:03:20,77,0.0000,1,100
2026-06-15 20:03:22,77,0.0000,1,100
2026-06-15 20:03:24,77,0.0000,1,100
2026-06-15 20:03:26,77,0.0000,1,100
2026-06-15 20:03:28,77,0.0000,1,100
2026-06-15 20:03:30,77,0.0000,1,100
2026-06-15 20:03:32,77,0.0000,1,100
2026-06-15 20:03:34,77,0.0000,1,100
2026-06-15 20:03:36,77,0.0000,1,100
2026-06-15 20:03:38,77,0.0000,1,100
2026-06-15 20:03:40,77,0.0000,1,100
2026-06-15 20:03:42,77,0.0000,1,100
2026-06-15 20:03:44,77,0.0000,1,100
2026-06-15 20:03:46,77,0.0000,1,100
2026-06-15 20:03:48,77,0.0000,1,100
2026-06-15 20:03:50,77,0.0000,1,100
2026-06-15 20:03:52,77,0.0000,1,100
2026-06-15 20:03:54,77,0.0000,1,100
2026-06-15 20:03:56,77,0.0000,1,100
2026-06-15 20:03:58,77,0.0000,1,100
2026-06-15 20:04:00,77,0.0000,1,100
2026-06-15 20:04:02,77,0.0000,1,100
2026-06-15 20:04:04,77,0.0000,1,100
2026-06-15 20:04:06,77,0.0000,1,100
2026-06-15 20:04:08,77,0.0000,1,100
2026-06-15 20:04:10,77,0.0000,1,100
2026-06-15 20:04:12,77,0.0000,1,100
2026-06-15 20:04:14,77,0.0000,1,100
2026-06-15 20:04:16,77,0.0000,1,100
2026-06-15 20:04:18,77,0.0000,1,100
2026-06-15 20:04:20,77,0.0000,1,100
2026-06-15 20:04:22,77,0.0000,1,100
2026-06-15 20:04:24,77,0.0000,1,100
2026-06-15 20:04:26,77,0.0000,1,100
2026-06-15 20:04:28,77,0.0000,1,100
2026-06-15 20:04:30,77,0.0000,1,100
2026-06-15 20:04:32,77,0.0000,1,100
2026-06-15 20:04:34,77,0.0000,1,100
2026-06-15 20:04:36,77,0.0000,1,100
2026-06-15 20:04:38,77,0.0000,1,100
2026-06-15 20:04:40,77,0.0000,1,100
2026-06-15 20:04:42,77,0.0000,1,100
2026-06-15 20:04:44,77,0.0000,1,100
2026-06-15 20:04:46,77,0.0000,1,100
2026-06-15 20:04:48,77,0.0000,1,100
2026-06-15 20:04:50,77,0.0000,1,100
2026-06-15 20:04:52,77,0.0000,1,100
2026-06-15 20:04:54,77,0.0000,1,100
2026-06-15 20:04:56,77,0.0000,1,100
2026-06-15 20:04:58,77,0.0000,1,100
2026-06-15 20:05:00,77,0.0000,1,100
2026-06-15 20:05:02,77,0.0000,1,100
2026-06-15 20:05:04,77,0.0000,1,100
2026-06-15 20:05:06,77,0.0000,1,100
2026-06-15 20:05:08,77,0.0000,1,100
2026-06-15 20:05:10,77,0.0000,1,100
2026-06-15 20:05:12,77,0.0000,1,100
2026-06-15 20:05:14,77,0.0000,1,100
2026-06-15 20:05:16,77,0.0000,1,100
2026-06-15 20:05:18,77,0.0000,1,100
2026-06-15 20:05:20,77,0.0000,1,100
2026-06-15 20:05:22,77,0.0000,1,100
2026-06-15 20:05:24,77,0.0000,1,100
2026-06-15 20:05:26,77,0.0000,1,100
2026-06-15 20:05:28,77,0.0000,1,100
2026-06-15 20:05:30,77,0.0000,1,100
2026-06-15 20:05:32,77,0.0000,1,100
2026-06-15 20:05:34,77,0.0000,1,100
2026-06-15 20:05:36,78,0.0000,1,100
2026-06-15 20:05:38,78,0.0000,1,100
2026-06-15 20:05:40,78,0.0000,1,100
2026-06-15 20:05:42,78,0.0000,1,100
2026-06-15 20:05:44,78,0.0000,1,100
2026-06-15 20:05:46,78,0.0000,1,100
2026-06-15 20:05:48,78,0.0000,1,100
2026-06-15 20:05:50,78,0.0000,1,100
2026-06-15 20:05:52,78,0.0000,1,100
2026-06-15 20:05:54,78,0.0000,1,100
2026-06-15 20:05:56,78,0.0000,1,100
2026-06-15 20:05:58,78,0.0000,1,100
2026-06-15 20:06:00,78,0.0000,1,100
2026-06-15 20:06:02,78,0.0000,1,100
2026-06-15 20:06:04,78,0.0000,1,100
2026-06-15 20:06:06,78,0.0000,1,100
2026-06-15 20:06:08,78,0.0000,1,100
2026-06-15 20:06:10,78,0.0000,1,100
2026-06-15 20:06:12,78,0.0000,1,100
2026-06-15 20:06:14,78,0.0000,1,100
2026-06-15 20:06:16,78,0.0000,1,100
2026-06-15 20:06:18,78,0.0000,1,100
2026-06-15 20:06:20,78,0.0000,1,100
2026-06-15 20:06:22,78,0.0000,1,100
2026-06-15 20:06:24,78,0.0000,1,100
2026-06-15 20:06:26,78,0.0000,1,100
2026-06-15 20:06:28,78,0.0000,1,100
2026-06-15 20:06:30,78,0.0000,1,100
2026-06-15 20:06:32,78,0.0000,1,100
2026-06-15 20:06:34,79,0.0000,1,100
2026-06-15 20:06:36,79,0.0000,1,100
2026-06-15 20:06:38,79,0.0000,1,100
2026-06-15 20:06:40,79,0.0000,1,100
2026-06-15 20:06:42,79,0.0000,1,100
2026-06-15 20:06:44,79,0.0000,1,100
2026-06-15 20:06:46,79,0.0000,1,100
2026-06-15 20:06:48,79,0.0000,1,100
2026-06-15 20:06:50,79,0.0000,1,100
2026-06-15 20:06:52,79,0.0000,1,100
2026-06-15 20:06:54,79,0.0000,1,100
2026-06-15 20:06:56,79,0.0000,1,100
2026-06-15 20:06:58,79,0.0000,1,100
2026-06-15 20:07:00,79,0.0000,1,100
2026-06-15 20:07:02,79,0.0000,1,100
2026-06-15 20:07:04,79,0.0000,1,100
2026-06-15 20:07:06,79,0.0000,1,100
2026-06-15 20:07:08,79,0.0000,1,100
2026-06-15 20:07:10,79,0.0000,1,100
2026-06-15 20:07:12,79,0.0000,1,100
2026-06-15 20:07:14,79,0.0000,1,100
2026-06-15 20:07:16,79,0.0000,1,100
2026-06-15 20:07:18,79,0.0000,1,100
2026-06-15 20:07:20,79,0.0000,1,100
2026-06-15 20:07:22,79,0.0000,1,100
2026-06-15 20:07:24,79,0.0000,1,100
2026-06-15 20:07:26,79,0.0000,1,100
2026-06-15 20:07:28,80,0.0000,1,100
2026-06-15 20:07:30,80,0.0000,1,100
2026-06-15 20:07:32,80,0.0000,1,100
2026-06-15 20:07:34,80,0.0000,1,100
2026-06-15 20:07:36,80,0.0000,1,100
2026-06-15 20:07:38,80,0.0000,1,100
2026-06-15 20:07:40,80,0.0000,1,100
2026-06-15 20:07:42,80,0.0000,1,100
2026-06-15 20:07:44,80,0.0000,1,100
2026-06-15 20:07:46,80,0.0000,1,100
2026-06-15 20:07:48,80,0.0000,1,100
2026-06-15 20:07:50,80,0.0000,1,100
2026-06-15 20:07:52,80,0.0000,1,100
2026-06-15 20:07:54,80,0.0000,1,100
2026-06-15 20:07:56,80,0.0000,1,100
2026-06-15 20:07:58,80,0.0000,1,100
2026-06-15 20:08:00,80,0.0000,1,100
2026-06-15 20:09:10,80,0.0000,0,100
2026-06-15 20:09:12,80,0.0000,0,100
2026-06-15 20:09:14,80,0.0000,0,100
2026-06-15 20:09:16,80,0.0000,0,100
2026-06-15 20:09:18,80,0.0000,0,100
2026-06-15 20:09:20,80,0.0000,0,100
2026-06-15 20:09:22,80,0.0000,0,100
2026-06-15 20:09:24,80,0.0000,0,100
2026-06-15 20:09:26,80,0.0000,0,100
2026-06-15 20:09:28,80,0.0000,0,100
2026-06-15 20:09:30,80,0.0000,0,100
2026-06-15 20:09:32,80,0.0000,0,100
2026-06-15 20:09:34,80,0.0000,0,100
2026-06-15 20:09:36,80,0.0000,0,100
2026-06-15 20:09:38,80,0.0000,0,100
2026-06-15 20:09:40,80,0.0000,0,100
2026-06-15 20:09:42,80,0.0000,0,100
2026-06-15 20:09:44,80,0.0000,0,100
2026-06-15 20:09:46,80,0.0000,0,100
2026-06-15 20:09:48,80,0.0000,0,100
2026-06-15 20:09:50,80,0.0000,0,100
2026-06-15 20:09:52,80,0.0000,0,100
2026-06-15 20:09:54,80,0.0000,0,100
2026-06-15 20:09:56,80,0.0000,0,100
2026-06-15 20:09:58,80,0.0000,0,100
2026-06-15 20:10:00,80,0.0000,0,100
2026-06-15 20:10:05,80,0.0000,0,100
2026-06-15 20:10:07,80,0.0000,0,100
2026-06-15 20:10:09,80,-1.0000,0,100
2026-06-15 20:10:11,80,-1.0000,0,100
2026-06-15 20:10:13,80,-1.0000,0,100
2026-06-15 20:10:15,80,-1.0000,0,100
2026-06-15 20:10:17,80,0.0000,0,100
2026-06-15 20:10:19,80,0.0000,0,100
2026-06-15 20:10:21,80,0.0000,0,100
2026-06-15 20:10:23,80,0.0000,0,100
2026-06-15 20:10:25,80,0.0000,0,100
2026-06-15 20:10:27,80,0.0000,0,100
2026-06-15 20:10:29,80,0.0000,0,100
2026-06-15 20:10:31,80,0.0000,0,100
2026-06-15 20:10:33,80,0.0000,0,100
2026-06-15 20:15:25,80,0.0000,0,100
2026-06-15 20:15:27,80,0.0000,0,100
2026-06-15 20:15:29,80,0.0000,0,100
2026-06-15 20:15:31,80,0.0000,0,100
2026-06-15 20:15:33,80,0.0000,0,100
2026-06-15 20:15:35,80,0.0000,0,100
2026-06-15 20:15:37,80,0.0000,0,100
2026-06-15 20:15:39,80,0.0000,0,100
2026-06-15 20:15:41,80,0.0000,0,100
2026-06-15 20:15:43,80,0.0000,0,100
2026-06-15 20:15:45,80,0.0000,0,100
2026-06-15 20:15:47,80,0.0000,0,100
2026-06-15 20:15:49,80,0.0000,0,100
2026-06-15 20:15:51,80,0.0000,0,100
2026-06-15 20:15:53,80,0.0000,0,100
2026-06-15 20:15:55,80,0.0000,0,100
2026-06-15 20:15:57,80,0.0000,0,100
2026-06-15 20:15:59,80,0.0000,0,100
2026-06-15 20:16:01,80,0.0000,0,100
2026-06-15 20:16:03,80,0.0000,0,100
2026-06-15 20:16:05,80,0.0000,0,100
2026-06-15 20:16:07,80,0.0000,0,100
2026-06-15 20:16:09,80,0.0000,0,100
2026-06-15 20:16:11,80,0.0000,0,100
2026-06-15 20:16:13,80,0.0000,0,100
2026-06-15 20:16:15,80,0.0000,0,100
2026-06-15 20:16:17,80,0.0000,0,100
2026-06-15 20:16:19,80,0.0000,0,100
2026-06-15 20:16:21,80,0.0000,0,100
2026-06-15 20:16:23,80,0.0000,0,100
2026-06-15 20:16:25,80,0.0000,0,100
2026-06-15 20:16:27,80,0.0000,0,100
2026-06-15 20:16:29,80,0.0000,0,100
2026-06-15 20:16:31,80,0.0000,0,100
2026-06-15 20:16:33,80,0.0000,0,100
2026-06-15 20:16:35,80,0.0000,0,100
2026-06-15 20:16:37,80,0.0000,0,100
2026-06-15 20:16:39,80,0.0000,0,100
2026-06-15 20:16:41,80,0.0000,0,100
2026-06-15 20:16:43,80,0.0000,0,100
2026-06-15 20:16:45,80,0.0000,0,100
2026-06-15 20:16:47,80,0.0000,0,100
2026-06-15 20:16:49,80,0.0000,0,100
2026-06-15 20:16:51,80,0.0000,0,100
2026-06-15 20:16:53,80,0.0000,0,100
2026-06-15 20:16:55,80,0.0000,0,100
2026-06-15 20:16:57,80,0.0000,0,100
2026-06-15 20:16:59,80,0.0000,0,100
2026-06-15 20:17:01,80,0.0000,0,100
2026-06-15 20:17:03,80,0.0000,0,100
2026-06-15 20:17:05,80,0.0000,0,100
2026-06-15 20:17:07,80,0.0000,0,100
2026-06-15 20:17:09,80,0.0000,0,100
2026-06-15 20:17:11,80,0.0000,0,100
2026-06-15 20:17:13,80,0.0000,0,100
2026-06-15 20:17:15,80,0.0000,0,100
2026-06-15 20:17:20,80,0.0000,0,100
2026-06-15 20:17:22,80,0.0000,0,100
2026-06-15 20:17:24,80,0.0000,0,100
2026-06-15 20:17:26,80,-1.0000,0,100
2026-06-15 20:17:28,80,-1.0000,0,100
2026-06-15 20:17:30,80,-1.0000,0,100
2026-06-15 20:17:32,80,-1.0000,0,100
2026-06-15 20:17:34,80,-1.0000,0,100
2026-06-15 20:17:36,80,0.0000,0,100
2026-06-15 20:17:38,80,0.0000,0,100
2026-06-15 20:17:40,80,0.0000,0,100
2026-06-15 20:17:42,80,0.0000,0,100
2026-06-15 20:17:44,80,0.0000,0,100
2026-06-15 20:17:46,80,0.0000,0,100
2026-06-15 20:17:48,80,0.0000,0,100
2026-06-15 20:17:50,80,0.0000,0,100
2026-06-15 20:17:52,80,0.0000,0,100
2026-06-15 20:17:54,80,0.0000,0,100
2026-06-15 20:17:56,80,0.0000,0,100
2026-06-15 20:17:58,80,0.0000,0,100
2026-06-15 20:18:00,80,0.0000,0,100
2026-06-15 20:18:02,80,0.0000,0,100
2026-06-15 20:18:04,80,0.0000,0,100
2026-06-15 20:18:06,80,0.0000,0,100
2026-06-15 20:18:08,80,0.0000,0,100
2026-06-15 20:18:10,80,0.0000,0,100
2026-06-15 20:18:12,80,0.0000,0,100
2026-06-15 20:18:14,80,0.0000,0,100
2026-06-15 20:18:16,80,0.0000,0,100
2026-06-15 20:18:18,80,0.0000,0,100
2026-06-15 20:18:20,80,0.0000,0,100
2026-06-15 20:18:22,80,0.0000,0,100
2026-06-15 20:18:24,80,0.0000,0,100
2026-06-15 20:18:26,80,0.0000,0,100
2026-06-15 20:18:28,80,0.0000,0,100
2026-06-15 20:18:30,80,0.0000,0,100
2026-06-15 20:18:32,80,0.0000,0,100
2026-06-15 20:18:34,80,0.0000,0,100
2026-06-15 20:18:36,80,0.0000,0,100
2026-06-15 20:18:38,80,0.0000,0,100
2026-06-15 20:18:40,80,0.0000,0,100
2026-06-15 20:18:42,80,0.0000,0,100
2026-06-15 20:18:44,80,0.0000,0,100
2026-06-15 20:18:46,80,0.0000,0,100
2026-06-15 20:18:48,80,0.0000,0,100
2026-06-15 20:18:50,80,0.0000,0,100
2026-06-15 20:18:52,80,0.0000,0,100
2026-06-15 20:18:54,80,0.0000,0,100
2026-06-15 20:18:56,80,0.0000,0,100
2026-06-15 20:18:58,80,0.0000,0,100
2026-06-15 20:19:00,80,0.0000,0,100
2026-06-15 20:19:02,80,0.0000,0,100
2026-06-15 20:19:04,80,0.0000,0,100
2026-06-15 20:19:06,80,0.0000,0,100
2026-06-15 20:19:08,80,0.0000,0,100
2026-06-15 20:19:10,80,0.0000,0,100
2026-06-15 20:19:12,80,0.0000,0,100
2026-06-15 20:19:14,80,0.0000,0,100
2026-06-15 20:19:16,80,0.0000,0,100
2026-06-15 20:19:18,80,0.0000,0,100
2026-06-15 20:19:20,80,0.0000,0,100
2026-06-15 20:19:22,80,0.0000,0,100
2026-06-15 20:19:24,80,0.0000,0,100
2026-06-15 20:19:26,80,0.0000,0,100
2026-06-15 20:19:28,80,0.0000,0,100
2026-06-15 20:19:30,80,0.0000,0,100
2026-06-15 20:19:32,80,0.0000,0,100
2026-06-15 20:19:34,80,0.0000,0,100
2026-06-15 20:19:36,80,0.0000,0,100
2026-06-15 20:19:38,80,0.0000,0,100
2026-06-15 20:19:40,80,0.0000,0,100
2026-06-15 20:19:42,80,0.0000,0,100
2026-06-15 20:19:44,80,0.0000,0,100
2026-06-15 20:19:46,80,0.0000,0,100
2026-06-15 20:19:48,80,0.0000,0,100
2026-06-15 20:19:50,80,0.0000,0,100
2026-06-15 20:19:52,80,0.0000,0,100
2026-06-15 20:19:54,80,0.0000,0,100
2026-06-15 20:19:56,80,0.0000,0,100
2026-06-15 20:19:58,80,0.0000,0,100
2026-06-15 20:20:00,80,0.0000,0,100
2026-06-15 20:20:02,80,0.0000,0,100
2026-06-15 20:20:04,80,0.0000,0,100
2026-06-15 20:20:06,80,0.0000,0,100
2026-06-15 20:20:08,80,0.0000,0,100
2026-06-15 20:20:10,80,0.0000,0,100
2026-06-15 20:20:12,80,0.0000,0,100
2026-06-15 20:20:14,80,0.0000,0,100
2026-06-15 20:20:16,80,0.0000,0,100
2026-06-15 20:20:18,80,0.0000,0,100
2026-06-15 20:20:20,80,0.0000,0,100
2026-06-15 20:20:22,80,0.0000,0,100
2026-06-15 20:20:24,80,0.0000,0,100
2026-06-15 20:20:26,80,0.0000,0,100
2026-06-15 20:20:28,80,0.0000,0,100
2026-06-15 20:20:30,80,0.0000,0,100
2026-06-15 20:20:32,80,0.0000,0,100
2026-06-15 20:20:34,80,0.0000,0,100
2026-06-15 20:20:36,80,0.0000,0,100
2026-06-15 20:20:38,80,0.0000,0,100
2026-06-15 20:20:40,80,0.0000,0,100
2026-06-15 20:20:42,80,0.0000,0,100
2026-06-15 20:20:44,80,0.0000,0,100
2026-06-15 20:20:46,80,0.0000,0,100
2026-06-15 20:20:48,80,0.0000,0,100
2026-06-15 20:20:50,80,0.0000,0,100
2026-06-15 20:20:52,80,0.0000,0,100
2026-06-15 20:20:54,80,0.0000,0,100
2026-06-15 20:20:56,80,0.0000,0,100
2026-06-15 20:20:58,80,0.0000,0,100
2026-06-15 20:21:00,80,0.0000,0,100
2026-06-15 20:21:02,80,0.0000,0,100
2026-06-15 20:21:04,80,0.0000,0,100
2026-06-15 20:21:06,80,-1.0000,0,100
2026-06-15 20:21:08,80,-1.0000,0,100
2026-06-15 20:21:10,80,-1.0000,0,100
2026-06-15 20:21:12,80,-1.0000,0,100
2026-06-15 20:21:14,80,-1.0000,0,100
2026-06-15 20:21:16,80,-1.0000,0,100
2026-06-15 20:21:18,80,-1.0000,0,100
2026-06-15 20:21:20,80,-1.0000,0,100
2026-06-15 20:21:22,80,-1.0000,0,100
2026-06-15 20:21:24,80,-1.0000,0,100
2026-06-15 20:21:26,80,-1.0000,0,100
2026-06-15 20:21:28,80,-1.0000,0,100
2026-06-15 20:21:30,80,-1.0000,0,100
2026-06-15 20:21:32,80,-1.0000,0,100
2026-06-15 20:21:34,80,-1.0000,0,100
2026-06-15 20:21:36,80,-1.0000,0,100
2026-06-15 20:21:38,80,-1.0000,0,100
2026-06-15 20:21:40,80,-1.0000,0,100
2026-06-15 20:21:42,80,-1.0000,0,100
2026-06-15 20:21:44,80,-1.0000,0,100
2026-06-15 20:21:46,80,-1.0000,0,100
2026-06-15 20:21:48,80,-1.0000,0,100
2026-06-15 20:21:50,80,-1.0000,0,100
2026-06-15 20:21:52,80,-1.0000,0,100
2026-06-15 20:21:57,80,-1.0000,0,100
2026-06-15 20:21:59,80,-1.0000,0,100
2026-06-15 20:22:01,80,-1.0000,0,100
2026-06-15 20:22:03,80,-1.0000,0,100
2026-06-15 20:22:05,80,-1.0000,0,100
2026-06-15 20:22:07,80,-1.0000,0,100
2026-06-15 20:22:09,80,-1.0000,0,100
2026-06-15 20:22:11,80,-1.0000,0,100
2026-06-15 20:22:13,80,-1.0000,0,100
2026-06-15 20:22:15,80,-1.0000,0,100
2026-06-15 20:22:17,80,-1.0000,0,100
2026-06-15 20:22:19,80,-1.0000,0,100
2026-06-15 20:22:21,80,-1.0000,0,100
2026-06-15 20:22:23,80,-1.0000,0,100
2026-06-15 20:22:25,80,-1.0000,0,100
2026-06-15 20:22:27,80,-1.0000,0,100
2026-06-15 20:22:29,80,-1.0000,0,100
2026-06-15 20:22:31,80,-1.0000,0,100
2026-06-15 20:22:33,80,-1.0000,0,100
2026-06-15 20:22:35,80,-1.0000,0,100
2026-06-15 20:22:37,80,-1.0000,0,100
2026-06-15 20:22:39,80,-1.0000,0,100
2026-06-15 20:22:41,80,-1.0000,0,100
2026-06-15 20:22:43,80,-1.0000,0,100
2026-06-15 20:22:45,80,-1.0000,0,100
2026-06-15 20:22:47,80,-1.0000,0,100
2026-06-15 20:22:49,80,-1.0000,0,100
2026-06-15 20:22:51,80,-1.0000,0,100
2026-06-15 20:22:53,80,-1.0000,0,100
2026-06-15 20:22:55,80,-1.0000,0,100
2026-06-15 20:22:57,80,-1.0000,0,100
2026-06-15 20:22:59,80,-1.0000,0,100
2026-06-15 20:23:01,80,-1.0000,0,100
2026-06-15 20:23:03,80,914.0000,0,100
2026-06-15 20:23:05,80,914.0000,0,100
2026-06-15 20:23:07,80,914.0000,0,100
2026-06-15 20:23:09,80,914.0000,0,100
2026-06-15 20:23:11,80,914.0000,0,100
2026-06-15 20:23:13,80,914.0000,0,100
2026-06-15 20:23:15,80,914.0000,0,100
2026-06-15 20:23:17,80,914.0000,0,100
2026-06-15 20:23:19,80,914.0000,0,100
2026-06-15 20:23:21,80,914.0000,0,100
2026-06-15 20:23:23,80,914.0000,0,100
2026-06-15 20:23:25,80,914.0000,0,100
2026-06-15 20:23:27,80,914.0000,0,100
2026-06-15 20:23:29,80,914.0000,0,100
2026-06-15 20:23:31,80,914.0000,0,100
2026-06-15 20:23:33,80,914.0000,0,100
2026-06-15 20:23:35,80,914.0000,0,100
2026-06-15 20:23:37,80,914.0000,0,100
2026-06-15 20:23:39,80,914.0000,0,100
2026-06-15 20:23:41,80,914.0000,0,100
2026-06-15 20:23:43,80,914.0000,0,100
2026-06-15 20:23:45,80,914.0000,0,100
2026-06-15 20:23:47,80,914.0000,0,100
2026-06-15 20:23:49,80,914.0000,0,100
2026-06-15 20:23:51,80,914.0000,0,100
2026-06-15 20:23:53,80,914.0000,0,100
2026-06-15 20:23:55,80,914.0000,0,100
2026-06-15 20:23:57,80,914.0000,0,100
2026-06-15 20:23:59,80,914.0000,0,100
2026-06-15 20:24:01,80,914.0000,0,100
2026-06-15 20:24:03,80,904.0000,0,100
2026-06-15 20:24:05,80,904.0000,0,100
2026-06-15 20:24:07,80,904.0000,0,100
2026-06-15 20:24:09,80,904.0000,0,100
2026-06-15 20:24:11,80,904.0000,0,100
2026-06-15 20:24:13,80,904.0000,0,100
2026-06-15 20:24:15,80,904.0000,0,100
2026-06-15 20:24:17,80,904.0000,0,100
2026-06-15 20:24:19,80,904.0000,0,100
2026-06-15 20:24:21,80,904.0000,0,100
2026-06-15 20:24:23,80,904.0000,0,100
2026-06-15 20:24:25,80,904.0000,0,100
2026-06-15 20:24:27,80,904.0000,0,100
2026-06-15 20:24:29,80,904.0000,0,100
2026-06-15 20:24:31,80,904.0000,0,100
2026-06-15 20:24:33,80,904.0000,0,100
2026-06-15 20:24:35,80,904.0000,0,100
2026-06-15 20:24:37,80,904.0000,0,100
2026-06-15 20:24:39,80,904.0000,0,100
2026-06-15 20:24:41,80,904.0000,0,100
2026-06-15 20:24:43,80,904.0000,0,100
2026-06-15 20:24:45,80,904.0000,0,100
2026-06-15 20:24:47,80,904.0000,0,100
2026-06-15 20:24:49,80,904.0000,0,100
2026-06-15 20:24:51,80,904.0000,0,100
2026-06-15 20:24:53,80,904.0000,0,100
2026-06-15 20:24:55,80,904.0000,0,100
2026-06-15 20:24:57,80,904.0000,0,100
2026-06-15 20:24:59,80,904.0000,0,100
2026-06-15 20:25:01,80,904.0000,0,100
2026-06-15 20:25:03,80,894.0000,0,100
2026-06-15 20:25:05,80,894.0000,0,100
2026-06-15 20:25:07,80,894.0000,0,100
2026-06-15 20:25:09,80,894.0000,0,100
2026-06-15 20:25:11,80,894.0000,0,100
2026-06-15 20:25:13,80,894.0000,0,100
2026-06-15 20:25:15,80,894.0000,0,100
2026-06-15 20:25:17,80,894.0000,0,100
2026-06-15 20:25:19,80,894.0000,0,100
2026-06-15 20:25:21,80,894.0000,0,100
2026-06-15 20:25:23,80,894.0000,0,100
2026-06-15 20:25:25,80,894.0000,0,100
2026-06-15 20:25:27,80,894.0000,0,100
2026-06-15 20:25:29,80,894.0000,0,100
2026-06-15 20:25:31,80,894.0000,0,100
2026-06-15 20:25:33,80,894.0000,0,100
2026-06-15 20:25:35,80,894.0000,0,100
2026-06-15 20:25:37,80,894.0000,0,100
2026-06-15 20:25:39,80,894.0000,0,100
2026-06-15 20:25:41,80,894.0000,0,100
2026-06-15 20:25:43,80,894.0000,0,100
2026-06-15 20:25:45,80,894.0000,0,100
2026-06-15 20:25:47,80,894.0000,0,100
2026-06-15 20:25:49,80,894.0000,0,100
2026-06-15 20:25:51,80,894.0000,0,100
2026-06-15 20:25:53,80,894.0000,0,100
2026-06-15 20:25:55,80,894.0000,0,100
2026-06-15 20:25:57,80,894.0000,0,100
2026-06-15 20:25:59,80,894.0000,0,100
2026-06-15 20:26:01,80,894.0000,0,100
2026-06-15 20:26:03,80,884.0000,0,100
2026-06-15 20:26:05,80,884.0000,0,100
2026-06-15 20:26:07,80,884.0000,0,100
2026-06-15 20:26:09,80,884.0000,0,100
2026-06-15 20:26:11,80,884.0000,0,100
2026-06-15 20:26:13,80,884.0000,0,100
2026-06-15 20:26:15,80,884.0000,0,100
2026-06-15 20:26:17,80,884.0000,0,100
2026-06-15 20:26:19,80,884.0000,0,100
2026-06-15 20:26:21,80,884.0000,0,100
2026-06-15 20:26:23,80,884.0000,0,100
2026-06-15 20:26:25,80,884.0000,0,100
2026-06-15 20:26:27,80,884.0000,0,100
2026-06-15 20:26:29,80,884.0000,0,100
2026-06-15 20:26:31,80,884.0000,0,100
2026-06-15 20:26:33,80,884.0000,0,100
2026-06-15 20:26:35,80,884.0000,0,100
2026-06-15 20:26:37,80,884.0000,0,100
2026-06-15 20:26:39,80,884.0000,0,100
2026-06-15 20:26:41,80,884.0000,0,100
2026-06-15 20:26:43,80,884.0000,0,100
2026-06-15 20:26:45,80,884.0000,0,100
2026-06-15 20:26:47,80,884.0000,0,100
2026-06-15 20:26:49,80,884.0000,0,100
2026-06-15 20:26:51,80,884.0000,0,100
2026-06-15 20:26:53,80,884.0000,0,100
2026-06-15 20:26:55,80,884.0000,0,100
2026-06-15 20:26:57,80,884.0000,0,100
2026-06-15 20:26:59,80,884.0000,0,100
2026-06-15 20:27:01,80,884.0000,0,100
2026-06-15 20:27:03,80,874.0000,0,100
2026-06-15 20:27:05,80,874.0000,0,100
2026-06-15 20:27:07,80,874.0000,0,100
2026-06-15 20:27:09,80,874.0000,0,100
2026-06-15 20:27:11,80,874.0000,0,100
2026-06-15 20:27:13,80,874.0000,0,100
2026-06-15 20:27:15,80,874.0000,0,100
2026-06-15 20:27:17,80,874.0000,0,100
2026-06-15 20:27:19,80,874.0000,0,100
2026-06-15 20:27:21,80,874.0000,0,100
2026-06-15 20:27:23,80,874.0000,0,100
2026-06-15 20:27:25,80,874.0000,0,100
2026-06-15 20:27:27,80,874.0000,0,100
2026-06-15 20:27:29,80,874.0000,0,100
2026-06-15 20:27:31,80,874.0000,0,100
2026-06-15 20:27:33,80,874.0000,0,100
2026-06-15 20:27:35,80,874.0000,0,100
2026-06-15 20:27:37,80,874.0000,0,100
2026-06-15 20:27:39,80,874.0000,0,100
2026-06-15 20:27:41,80,874.0000,0,100
2026-06-15 20:27:43,80,874.0000,0,100
2026-06-15 20:27:45,80,874.0000,0,100
2026-06-15 20:27:47,80,874.0000,0,100
2026-06-15 20:27:49,80,874.0000,0,100
2026-06-15 20:27:51,80,874.0000,0,100
2026-06-15 20:27:53,80,874.0000,0,100
2026-06-15 20:27:55,80,874.0000,0,100
2026-06-15 20:27:57,80,874.0000,0,100
2026-06-15 20:27:59,80,874.0000,0,100
2026-06-15 20:28:01,80,874.0000,0,100
2026-06-15 20:28:03,80,864.0000,0,100
2026-06-15 20:28:05,80,864.0000,0,100
2026-06-15 20:28:07,80,864.0000,0,100
2026-06-15 20:28:09,80,864.0000,0,100
2026-06-15 20:28:11,80,864.0000,0,100
2026-06-15 20:28:13,80,864.0000,0,100
2026-06-15 20:28:15,80,864.0000,0,100
2026-06-15 20:28:17,80,864.0000,0,100
2026-06-15 20:28:19,80,864.0000,0,100
2026-06-15 20:28:21,80,864.0000,0,100
2026-06-15 20:28:23,80,864.0000,0,100
2026-06-15 20:28:25,80,864.0000,0,100
2026-06-15 20:28:27,80,864.0000,0,100
2026-06-15 20:28:29,80,864.0000,0,100
2026-06-15 20:28:31,80,864.0000,0,100
2026-06-15 20:28:33,80,864.0000,0,100
2026-06-15 20:28:35,80,864.0000,0,100
2026-06-15 20:28:37,80,864.0000,0,100
2026-06-15 20:28:39,80,864.0000,0,100
2026-06-15 20:28:41,80,864.0000,0,100
2026-06-15 20:28:43,80,864.0000,0,100
2026-06-15 20:28:45,80,864.0000,0,100
2026-06-15 20:28:47,80,864.0000,0,100
2026-06-15 20:28:49,80,864.0000,0,100
2026-06-15 20:28:51,80,864.0000,0,100
2026-06-15 20:28:53,80,864.0000,0,100
2026-06-15 20:28:55,80,864.0000,0,100
2026-06-15 20:28:57,80,864.0000,0,100
2026-06-15 20:28:59,80,864.0000,0,100
2026-06-15 20:29:01,80,864.0000,0,100
2026-06-15 20:29:03,80,854.0000,0,100
2026-06-15 20:29:05,80,854.0000,0,100
2026-06-15 20:29:07,80,854.0000,0,100
2026-06-15 20:29:09,80,854.0000,0,100
2026-06-15 20:29:11,80,854.0000,0,100
2026-06-15 20:29:13,80,854.0000,0,100
2026-06-15 20:29:15,80,854.0000,0,100
2026-06-15 20:29:17,80,854.0000,0,100
2026-06-15 20:29:19,80,854.0000,0,100
2026-06-15 20:29:21,80,854.0000,0,100
2026-06-15 20:29:23,80,854.0000,0,100
2026-06-15 20:29:25,80,854.0000,0,100
2026-06-15 20:29:27,80,854.0000,0,100
2026-06-15 20:29:29,80,854.0000,0,100
2026-06-15 20:29:31,80,854.0000,0,100
2026-06-15 20:29:33,80,854.0000,0,100
2026-06-15 20:29:35,80,854.0000,0,100
2026-06-15 20:29:37,80,854.0000,0,100
2026-06-15 20:29:39,80,854.0000,0,100
2026-06-15 20:29:41,80,854.0000,0,100
2026-06-15 20:29:43,80,854.0000,0,100
2026-06-15 20:29:45,80,854.0000,0,100
2026-06-15 20:29:47,80,854.0000,0,100
2026-06-15 20:29:49,80,854.0000,0,100
2026-06-15 20:29:51,80,854.0000,0,100
2026-06-15 20:29:53,80,854.0000,0,100
2026-06-15 20:29:55,80,854.0000,0,100
2026-06-15 20:29:57,80,854.0000,0,100
2026-06-15 20:29:59,80,854.0000,0,100
2026-06-15 20:30:01,80,854.0000,0,100
2026-06-15 20:30:03,80,844.0000,0,100
2026-06-15 20:30:05,80,844.0000,0,100
2026-06-15 20:30:07,80,844.0000,0,100
2026-06-15 20:30:09,80,844.0000,0,100
2026-06-15 20:30:11,80,844.0000,0,100
2026-06-15 20:30:13,80,844.0000,0,100
2026-06-15 20:30:15,80,844.0000,0,100
2026-06-15 20:30:17,80,844.0000,0,100
2026-06-15 20:30:19,80,844.0000,0,100
2026-06-15 20:30:21,80,844.0000,0,100
2026-06-15 20:30:23,80,844.0000,0,100
2026-06-15 20:30:25,80,844.0000,0,100
2026-06-15 20:30:27,80,844.0000,0,100
2026-06-15 20:30:29,80,844.0000,0,100
2026-06-15 20:30:31,80,844.0000,0,100
2026-06-15 20:30:33,80,844.0000,0,100
2026-06-15 20:30:35,80,844.0000,0,100
2026-06-15 20:30:37,80,844.0000,0,100
2026-06-15 20:30:39,80,844.0000,0,100
2026-06-15 20:30:41,80,844.0000,0,100
2026-06-15 20:30:43,80,844.0000,0,100
2026-06-15 20:30:45,80,844.0000,0,100
2026-06-15 20:30:47,80,844.0000,0,100
2026-06-15 20:30:49,80,844.0000,0,100
2026-06-15 20:30:51,80,844.0000,0,100
2026-06-15 20:30:57,80,844.0000,0,100
2026-06-15 20:30:59,80,844.0000,0,100
2026-06-15 20:31:01,80,844.0000,0,100
2026-06-15 20:31:03,80,834.0000,0,100
2026-06-15 20:31:05,80,834.0000,0,100
2026-06-15 20:31:07,80,834.0000,0,100
2026-06-15 20:31:09,80,834.0000,0,100
2026-06-15 20:31:11,80,834.0000,0,100
2026-06-15 20:31:13,80,834.0000,0,100
2026-06-15 20:31:15,80,834.0000,0,100
2026-06-15 20:31:17,80,834.0000,0,100
2026-06-15 20:31:19,80,834.0000,0,100
2026-06-15 20:31:21,80,834.0000,0,100
2026-06-15 20:31:23,80,834.0000,0,100
2026-06-15 20:31:25,80,834.0000,0,100
2026-06-15 20:31:27,80,834.0000,0,100
2026-06-15 20:31:29,80,834.0000,0,100
2026-06-15 20:31:31,80,834.0000,0,100
2026-06-15 20:31:33,80,834.0000,0,100
2026-06-15 20:31:35,80,834.0000,0,100
2026-06-15 20:31:37,80,834.0000,0,100
2026-06-15 20:31:39,80,834.0000,0,100
2026-06-15 20:31:41,80,834.0000,0,100
2026-06-15 20:31:43,80,834.0000,0,100
2026-06-15 20:31:45,80,834.0000,0,100
2026-06-15 20:31:47,80,834.0000,0,100
2026-06-15 20:31:49,80,834.0000,0,100
2026-06-15 20:31:51,80,834.0000,0,100
2026-06-15 20:31:53,80,834.0000,0,100
2026-06-15 20:31:55,80,834.0000,0,100
2026-06-15 20:31:57,80,834.0000,0,100
2026-06-15 20:31:59,80,834.0000,0,100
2026-06-15 20:32:01,80,834.0000,0,100
2026-06-15 20:32:03,80,824.0000,0,100
2026-06-15 20:32:05,80,824.0000,0,100
2026-06-15 20:32:07,80,824.0000,0,100
2026-06-15 20:32:13,80,824.0000,0,100
2026-06-15 20:32:15,80,824.0000,0,100
2026-06-15 20:32:17,80,824.0000,0,100
2026-06-15 20:32:19,80,824.0000,0,100
2026-06-15 20:32:21,80,824.0000,0,100
2026-06-15 20:32:23,80,824.0000,0,100
2026-06-15 20:32:25,80,824.0000,0,100
2026-06-15 20:33:19,80,814.0000,0,100
2026-06-15 20:33:21,80,814.0000,0,100
2026-06-15 20:33:23,80,814.0000,0,100
2026-06-15 20:33:25,80,814.0000,0,100
2026-06-15 20:33:27,80,814.0000,0,100
2026-06-15 20:33:29,80,814.0000,0,100
2026-06-15 20:33:31,80,814.0000,0,100
2026-06-15 20:33:33,80,814.0000,0,100
2026-06-15 20:33:35,80,814.0000,0,100
2026-06-15 20:33:37,80,814.0000,0,100
2026-06-15 20:33:39,80,814.0000,0,100
2026-06-15 20:33:41,80,814.0000,0,100
2026-06-15 20:33:43,80,814.0000,0,100
2026-06-15 20:33:45,80,814.0000,0,100
2026-06-15 20:33:47,80,814.0000,0,100
2026-06-15 20:33:49,80,814.0000,0,100
2026-06-15 20:33:51,80,814.0000,0,100
2026-06-15 20:33:53,80,814.0000,0,100
2026-06-15 20:33:55,80,814.0000,0,100
2026-06-15 20:33:57,80,814.0000,0,100
2026-06-15 20:33:59,80,814.0000,0,100
2026-06-15 20:34:01,80,814.0000,0,100
2026-06-15 20:34:03,80,804.0000,0,100
2026-06-15 20:34:09,80,804.0000,0,100
2026-06-15 20:34:11,80,804.0000,0,100
2026-06-15 20:34:13,80,804.0000,0,100
2026-06-15 20:34:15,80,804.0000,0,100
2026-06-15 20:34:17,80,804.0000,0,100
2026-06-15 20:34:19,80,804.0000,0,100
2026-06-15 20:34:21,80,804.0000,0,100
2026-06-15 20:34:23,80,804.0000,0,100
2026-06-15 20:34:25,80,804.0000,0,100
2026-06-15 20:34:27,80,804.0000,0,100
2026-06-15 20:34:34,80,804.0000,0,100
2026-06-15 20:34:36,80,804.0000,0,100
2026-06-15 20:34:38,80,804.0000,0,100
2026-06-15 20:34:40,80,804.0000,0,100
2026-06-15 20:34:42,80,804.0000,0,100
2026-06-15 20:34:44,80,804.0000,0,100
2026-06-15 20:34:46,80,804.0000,0,100
2026-06-15 20:34:48,80,804.0000,0,100
2026-06-15 20:34:50,80,804.0000,0,100
2026-06-15 20:34:52,80,804.0000,0,100
2026-06-15 20:34:54,80,804.0000,0,100
2026-06-15 20:34:56,80,804.0000,0,100
2026-06-15 20:34:58,80,804.0000,0,100
2026-06-15 20:35:00,80,804.0000,0,100
2026-06-15 20:35:02,80,804.0000,0,100
2026-06-15 20:35:04,80,794.0000,0,100
2026-06-15 20:35:06,80,794.0000,0,100
2026-06-15 20:35:08,80,794.0000,0,100
2026-06-15 20:35:10,80,794.0000,0,100
2026-06-15 20:35:12,80,794.0000,0,100
2026-06-15 20:35:14,80,794.0000,0,100
2026-06-15 20:35:16,80,794.0000,0,100
2026-06-15 20:35:18,80,794.0000,0,100
2026-06-15 20:35:20,80,794.0000,0,100
2026-06-15 20:35:22,80,794.0000,0,100
2026-06-15 20:35:24,80,794.0000,0,100
2026-06-15 20:35:26,80,794.0000,0,100
2026-06-15 20:35:28,80,794.0000,0,100
2026-06-15 20:35:30,80,794.0000,0,100
2026-06-15 20:35:32,80,794.0000,0,100
2026-06-15 20:35:34,80,794.0000,0,100
2026-06-15 20:35:36,80,794.0000,0,100
2026-06-15 20:35:38,80,794.0000,0,100
2026-06-15 20:35:40,80,794.0000,0,100
2026-06-15 20:35:42,80,794.0000,0,100
2026-06-15 20:35:44,80,794.0000,0,100
2026-06-15 20:35:46,80,794.0000,0,100
2026-06-15 20:35:48,80,794.0000,0,100
2026-06-15 20:35:50,80,794.0000,0,100
2026-06-15 20:35:55,80,794.0000,0,100
2026-06-15 20:35:57,80,794.0000,0,100
2026-06-15 20:35:59,80,794.0000,0,100
2026-06-15 20:36:01,80,794.0000,0,100
2026-06-15 20:36:03,80,784.0000,0,100
2026-06-15 20:36:05,80,784.0000,0,100
2026-06-15 20:36:07,80,784.0000,0,100
2026-06-15 20:36:09,80,784.0000,0,100
2026-06-15 20:36:11,80,784.0000,0,100
2026-06-15 20:36:13,80,784.0000,0,100
2026-06-15 20:36:15,80,784.0000,0,100
2026-06-15 20:36:17,80,784.0000,0,100
2026-06-15 20:36:19,80,784.0000,0,100
2026-06-15 20:36:21,80,784.0000,0,100
2026-06-15 20:36:23,80,784.0000,0,100
2026-06-15 20:36:25,80,784.0000,0,100
2026-06-15 20:36:27,80,784.0000,0,100
2026-06-15 20:36:29,80,784.0000,0,100
2026-06-15 20:36:31,80,784.0000,0,100
2026-06-15 20:36:33,80,784.0000,0,100
2026-06-15 20:36:35,80,784.0000,0,100
2026-06-15 20:36:37,80,784.0000,0,100
2026-06-15 20:36:39,80,784.0000,0,100
2026-06-15 20:36:41,80,784.0000,0,100
2026-06-15 20:36:43,80,784.0000,0,100
2026-06-15 20:36:45,80,784.0000,0,100
2026-06-15 20:36:47,80,784.0000,0,100
2026-06-15 20:36:49,80,784.0000,0,100
2026-06-15 20:36:51,80,784.0000,0,100
2026-06-15 20:36:53,80,784.0000,0,100
2026-06-15 20:36:58,80,784.0000,0,100
2026-06-15 20:37:00,80,784.0000,0,100
2026-06-15 20:37:02,80,784.0000,0,100
2026-06-15 20:37:04,80,774.0000,0,100
2026-06-15 20:37:06,80,774.0000,0,100
2026-06-15 20:37:08,80,774.0000,0,100
2026-06-15 20:37:10,80,774.0000,0,100
2026-06-15 20:37:12,80,774.0000,0,100
2026-06-15 20:37:14,80,774.0000,0,100
2026-06-15 20:37:16,80,774.0000,0,100
2026-06-15 20:37:18,80,774.0000,0,100
2026-06-15 20:37:20,80,774.0000,0,100
2026-06-15 20:37:22,80,774.0000,0,100
2026-06-15 20:37:24,80,774.0000,0,100
2026-06-15 20:37:26,80,774.0000,0,100
2026-06-15 20:37:32,80,774.0000,0,100
2026-06-15 20:37:34,80,774.0000,0,100
2026-06-15 20:37:36,80,774.0000,0,100
2026-06-15 20:37:38,80,774.0000,0,100
2026-06-15 20:37:40,80,774.0000,0,100
2026-06-15 20:37:42,80,774.0000,0,100
2026-06-15 20:37:44,80,774.0000,0,100
2026-06-15 20:37:46,80,774.0000,0,100
2026-06-15 20:37:48,80,774.0000,0,100
2026-06-15 20:37:50,80,774.0000,0,100
2026-06-15 20:37:52,80,774.0000,0,100
2026-06-15 20:37:54,80,774.0000,0,100
2026-06-15 20:37:56,80,774.0000,0,100
2026-06-15 20:37:58,80,774.0000,0,100
2026-06-15 20:38:00,80,774.0000,0,100
2026-06-15 20:38:02,80,774.0000,0,100
2026-06-15 20:38:04,80,764.0000,0,100
2026-06-15 20:38:06,80,764.0000,0,100
2026-06-15 20:38:08,80,764.0000,0,100
2026-06-15 20:38:10,80,764.0000,0,100
2026-06-15 20:38:12,80,764.0000,0,100
2026-06-15 20:38:14,80,764.0000,0,100
2026-06-15 20:38:16,80,764.0000,0,100
2026-06-15 20:38:18,80,764.0000,0,100
2026-06-15 20:38:20,80,764.0000,0,100
2026-06-15 20:38:22,80,764.0000,0,100
2026-06-15 20:38:24,80,764.0000,0,100
2026-06-15 20:38:26,80,764.0000,0,100
2026-06-15 20:38:28,80,764.0000,0,100
2026-06-15 20:38:30,80,764.0000,0,100
2026-06-15 20:38:32,80,764.0000,0,100
2026-06-15 20:38:34,80,764.0000,0,100
2026-06-15 20:38:36,80,764.0000,0,100
2026-06-15 20:38:38,80,764.0000,0,100
2026-06-15 20:38:40,80,764.0000,0,100
2026-06-15 20:38:42,80,764.0000,0,100
2026-06-15 20:38:44,80,764.0000,0,100
2026-06-15 20:38:46,80,764.0000,0,100
2026-06-15 20:38:48,80,764.0000,0,100
2026-06-15 20:38:50,80,764.0000,0,100
2026-06-15 20:38:52,80,764.0000,0,100
2026-06-15 20:38:54,80,764.0000,0,100
2026-06-15 20:38:56,80,764.0000,0,100
2026-06-15 20:38:58,80,764.0000,0,100
2026-06-15 20:39:00,80,764.0000,0,100
2026-06-15 20:39:02,80,764.0000,0,100
2026-06-15 20:39:04,80,754.0000,0,100
2026-06-15 20:39:06,80,754.0000,0,100
2026-06-15 20:39:08,80,754.0000,0,100
2026-06-15 20:39:10,80,754.0000,0,100
2026-06-15 20:39:12,80,754.0000,0,100
2026-06-15 20:39:14,80,754.0000,0,100
2026-06-15 20:39:16,80,754.0000,0,100
2026-06-15 20:39:18,80,754.0000,0,100
2026-06-15 20:39:20,80,754.0000,0,100
2026-06-15 20:39:22,80,754.0000,0,100
2026-06-15 20:39:24,80,754.0000,0,100
2026-06-15 20:39:26,80,754.0000,0,100
2026-06-15 20:39:28,80,754.0000,0,100
2026-06-15 20:39:30,80,754.0000,0,100
2026-06-15 20:39:32,80,754.0000,0,100
2026-06-15 20:39:34,80,754.0000,0,100
2026-06-15 20:39:36,80,754.0000,0,100
2026-06-15 20:39:38,80,754.0000,0,100
2026-06-15 20:39:40,80,754.0000,0,100
2026-06-15 20:39:42,80,754.0000,0,100
2026-06-15 20:39:44,80,754.0000,0,100
2026-06-15 20:39:46,80,754.0000,0,100
2026-06-15 20:39:48,80,754.0000,0,100
2026-06-15 20:39:50,80,754.0000,0,100
2026-06-15 20:39:52,80,754.0000,0,100
2026-06-15 20:39:54,80,754.0000,0,100
2026-06-15 20:39:56,80,754.0000,0,100
2026-06-15 20:39:58,80,754.0000,0,100
2026-06-15 20:40:00,80,754.0000,0,100
2026-06-15 20:40:02,80,754.0000,0,100
2026-06-15 20:40:04,80,744.0000,0,100
2026-06-15 20:40:06,80,744.0000,0,100
2026-06-15 20:40:08,80,744.0000,0,100
2026-06-15 20:40:10,80,744.0000,0,100
2026-06-15 20:40:12,80,744.0000,0,100
2026-06-15 20:40:14,80,744.0000,0,100
2026-06-15 20:40:16,80,744.0000,0,100
2026-06-15 20:40:18,80,744.0000,0,100
2026-06-15 20:40:20,80,744.0000,0,100
2026-06-15 20:40:22,80,744.0000,0,100
2026-06-15 20:40:24,80,744.0000,0,100
2026-06-15 20:40:26,80,744.0000,0,100
2026-06-15 20:40:28,80,744.0000,0,100
2026-06-15 20:40:30,80,744.0000,0,100
2026-06-15 20:40:32,80,744.0000,0,100
2026-06-15 20:40:34,80,744.0000,0,100
2026-06-15 20:44:06,80,704.0000,0,100
2026-06-15 20:45:12,80,694.0000,0,100
2026-06-15 20:45:14,80,694.0000,0,100
2026-06-15 20:45:16,80,694.0000,0,100
2026-06-15 20:45:18,80,694.0000,0,100
2026-06-15 20:45:20,80,694.0000,0,100
2026-06-15 20:45:22,80,694.0000,0,100
2026-06-15 20:45:24,80,694.0000,0,100
2026-06-15 20:45:26,80,694.0000,0,100
2026-06-15 20:45:28,80,694.0000,0,100
2026-06-15 20:45:30,80,694.0000,0,100
2026-06-15 20:45:32,80,694.0000,0,100
2026-06-15 20:45:34,80,694.0000,0,100
2026-06-15 20:45:36,80,694.0000,0,100
2026-06-15 20:45:38,80,694.0000,0,100
2026-06-15 20:45:40,80,694.0000,0,100
2026-06-15 20:45:42,80,694.0000,0,100
2026-06-15 20:45:44,80,694.0000,0,100
2026-06-15 20:45:46,80,694.0000,0,100
2026-06-15 20:45:48,80,694.0000,0,100
2026-06-15 20:45:50,80,694.0000,0,100
2026-06-15 20:45:52,80,694.0000,0,100
2026-06-15 20:45:54,80,694.0000,0,100
2026-06-15 20:45:56,80,694.0000,0,100
2026-06-15 20:45:58,80,694.0000,0,100
2026-06-15 20:46:00,80,694.0000,0,100
2026-06-15 20:46:02,80,694.0000,0,100
2026-06-15 20:46:04,80,704.0000,0,100
2026-06-15 20:46:06,80,704.0000,0,100
2026-06-15 20:46:08,80,704.0000,0,100
2026-06-15 20:46:10,80,704.0000,0,100
2026-06-15 20:46:12,80,704.0000,0,100
2026-06-15 20:46:14,80,704.0000,0,100
2026-06-15 20:46:16,80,704.0000,0,100
2026-06-15 20:46:18,80,704.0000,0,100
2026-06-15 20:46:20,80,704.0000,0,100
2026-06-15 20:46:22,80,704.0000,0,100
2026-06-15 20:46:24,80,704.0000,0,100
2026-06-15 20:46:26,80,704.0000,0,100
2026-06-15 20:46:28,80,704.0000,0,100
2026-06-15 20:46:30,80,704.0000,0,100
2026-06-15 20:46:32,80,704.0000,0,100
2026-06-15 20:46:34,80,704.0000,0,100
2026-06-15 20:46:36,80,704.0000,0,100
2026-06-15 20:46:38,80,704.0000,0,100
2026-06-15 20:46:40,80,704.0000,0,100
2026-06-15 20:46:42,80,704.0000,0,100
2026-06-15 20:46:44,80,704.0000,0,100
2026-06-15 20:46:46,80,704.0000,0,100
2026-06-15 20:46:48,80,704.0000,0,100
2026-06-15 20:46:50,80,704.0000,0,100
2026-06-15 20:46:52,80,704.0000,0,100
2026-06-15 20:46:54,80,704.0000,0,100
2026-06-15 20:46:56,80,704.0000,0,100
2026-06-15 20:46:58,80,704.0000,0,100
2026-06-15 20:47:00,80,704.0000,0,100
2026-06-15 20:47:02,80,704.0000,0,100
2026-06-15 20:47:04,80,694.0000,0,100
2026-06-15 20:47:06,80,694.0000,0,100
2026-06-15 20:47:08,80,694.0000,0,100
2026-06-15 20:47:10,80,694.0000,0,100
2026-06-15 20:47:12,80,694.0000,0,100
2026-06-15 20:47:14,80,694.0000,0,100
2026-06-15 20:47:16,80,694.0000,0,100
2026-06-15 20:47:18,80,694.0000,0,100
2026-06-15 20:47:20,80,694.0000,0,100
2026-06-15 20:47:22,80,694.0000,0,100
2026-06-15 20:47:24,80,694.0000,0,100
2026-06-15 20:47:26,80,694.0000,0,100
2026-06-15 20:47:28,80,694.0000,0,100
2026-06-15 20:47:30,80,694.0000,0,100
2026-06-15 20:47:37,80,694.0000,0,100
2026-06-15 20:47:39,80,694.0000,0,100
2026-06-15 20:47:41,80,694.0000,0,100
2026-06-15 20:47:43,80,694.0000,0,100
2026-06-15 20:47:48,80,694.0000,0,100
2026-06-15 20:47:50,79,684.0000,0,100
2026-06-15 20:47:52,79,684.0000,0,100
2026-06-15 20:47:54,79,684.0000,0,100
2026-06-15 20:47:56,79,684.0000,0,100
2026-06-15 20:47:58,79,684.0000,0,100
2026-06-15 20:48:00,79,684.0000,0,100
2026-06-15 20:48:02,79,684.0000,0,100
2026-06-15 20:48:04,79,684.0000,0,100
2026-06-15 20:48:06,79,684.0000,0,100
2026-06-15 20:48:08,79,684.0000,0,100
2026-06-15 20:48:10,79,684.0000,0,100
2026-06-15 20:48:12,79,684.0000,0,100
2026-06-15 20:48:14,79,684.0000,0,100
2026-06-15 20:48:16,79,684.0000,0,100
2026-06-15 20:48:18,79,684.0000,0,100
2026-06-15 20:48:20,79,684.0000,0,100
2026-06-15 20:48:22,79,684.0000,0,100
2026-06-15 20:48:24,79,684.0000,0,100
2026-06-15 20:48:26,79,684.0000,0,100
2026-06-15 20:48:28,79,684.0000,0,100
2026-06-15 20:48:30,79,684.0000,0,100
2026-06-15 20:48:32,79,684.0000,0,100
2026-06-15 20:48:34,79,684.0000,0,100
2026-06-15 20:48:36,79,684.0000,0,100
2026-06-15 20:48:38,79,684.0000,0,100
2026-06-15 20:48:40,79,684.0000,0,100
2026-06-15 20:48:42,79,684.0000,0,100
2026-06-15 20:48:44,79,684.0000,0,100
2026-06-15 20:48:49,79,674.0000,0,100
2026-06-15 20:48:51,79,674.0000,0,100
2026-06-15 20:48:53,79,674.0000,0,100
2026-06-15 20:48:55,79,674.0000,0,100
2026-06-15 20:48:57,79,674.0000,0,100
2026-06-15 20:49:03,79,674.0000,0,100
2026-06-15 20:49:05,79,674.0000,0,100
2026-06-15 20:49:07,79,674.0000,0,100
2026-06-15 20:49:09,79,674.0000,0,100
2026-06-15 20:49:11,79,674.0000,0,100
2026-06-15 20:49:13,79,674.0000,0,100
2026-06-15 20:49:15,79,674.0000,0,100
2026-06-15 20:49:17,79,674.0000,0,100
2026-06-15 20:49:19,79,674.0000,0,100
2026-06-15 20:49:21,79,674.0000,0,100
2026-06-15 20:49:23,79,674.0000,0,100
2026-06-15 20:49:25,79,674.0000,0,100
2026-06-15 20:49:27,79,674.0000,0,100
2026-06-15 20:49:29,79,674.0000,0,100
2026-06-15 20:49:31,79,674.0000,0,100
2026-06-15 20:49:37,79,674.0000,0,100
2026-06-15 20:49:39,79,674.0000,0,100
2026-06-15 20:49:41,79,674.0000,0,100
2026-06-15 20:49:43,79,674.0000,0,100
2026-06-15 20:49:48,79,674.0000,0,100
2026-06-15 20:49:50,79,664.0000,0,100
2026-06-15 20:49:52,79,664.0000,0,100
2026-06-15 20:49:54,79,664.0000,0,100
2026-06-15 20:49:56,79,664.0000,0,100
2026-06-15 20:49:58,79,664.0000,0,100
2026-06-15 20:50:00,79,664.0000,0,100
2026-06-15 20:50:02,79,664.0000,0,100
2026-06-15 20:50:04,79,664.0000,0,100
2026-06-15 20:50:06,79,664.0000,0,100
2026-06-15 20:50:13,79,664.0000,0,100
2026-06-15 20:50:15,79,664.0000,0,100
2026-06-15 20:50:17,79,664.0000,0,100
2026-06-15 20:50:19,79,664.0000,0,100
2026-06-15 20:50:21,79,664.0000,0,100
2026-06-15 20:50:25,79,664.0000,0,100
2026-06-15 20:50:27,79,664.0000,0,100
2026-06-15 20:50:29,79,664.0000,0,100
2026-06-15 20:50:31,79,664.0000,0,100
2026-06-15 20:50:36,79,664.0000,0,100
2026-06-15 20:50:38,79,664.0000,0,100
2026-06-15 20:50:40,79,664.0000,0,100
2026-06-15 20:50:42,79,664.0000,0,100
2026-06-15 20:50:44,79,664.0000,0,100
2026-06-15 20:50:46,79,664.0000,0,100
2026-06-15 20:50:48,79,664.0000,0,100
2026-06-15 20:50:50,79,654.0000,0,100
2026-06-15 20:50:52,79,654.0000,0,100
2026-06-15 20:50:54,79,654.0000,0,100
2026-06-15 20:50:56,79,654.0000,0,100
2026-06-15 20:50:58,79,654.0000,0,100
2026-06-15 20:51:00,79,654.0000,0,100
2026-06-15 20:51:07,79,654.0000,0,100
2026-06-15 20:51:09,79,654.0000,0,100
2026-06-15 20:51:11,79,654.0000,0,100
2026-06-15 20:51:13,79,654.0000,0,100
2026-06-15 20:51:19,79,654.0000,0,100
2026-06-15 20:51:21,79,654.0000,0,100
2026-06-15 20:51:23,79,654.0000,0,100
2026-06-15 20:51:25,79,654.0000,0,100
2026-06-15 20:51:27,79,654.0000,0,100
2026-06-15 20:51:29,79,654.0000,0,100
2026-06-15 20:51:31,79,654.0000,0,100
2026-06-15 20:51:33,79,654.0000,0,100
2026-06-15 20:51:35,79,654.0000,0,100
2026-06-15 20:51:37,79,654.0000,0,100
2026-06-15 20:51:39,79,654.0000,0,100
2026-06-15 20:51:41,79,654.0000,0,100
2026-06-15 20:51:43,79,654.0000,0,100
2026-06-15 20:51:45,79,654.0000,0,100
2026-06-15 20:51:47,79,654.0000,0,100
2026-06-15 20:51:49,79,644.0000,0,100
2026-06-15 20:51:51,79,644.0000,0,100
2026-06-15 20:51:53,79,644.0000,0,100
2026-06-15 20:51:55,79,644.0000,0,100
2026-06-15 20:51:57,79,644.0000,0,100
2026-06-15 20:52:02,79,644.0000,0,100
2026-06-15 20:52:04,79,644.0000,0,100
2026-06-15 20:52:06,79,644.0000,0,100
2026-06-15 20:52:08,79,644.0000,0,100
2026-06-15 20:52:10,79,644.0000,0,100
2026-06-15 20:52:12,79,644.0000,0,100
2026-06-15 20:52:14,79,644.0000,0,100
2026-06-15 20:52:16,79,644.0000,0,100
2026-06-15 20:52:18,79,644.0000,0,100
2026-06-15 20:52:20,79,644.0000,0,100
2026-06-15 20:52:22,79,644.0000,0,100
2026-06-15 20:52:24,79,644.0000,0,100
2026-06-15 20:52:26,79,644.0000,0,100
2026-06-15 20:52:28,79,644.0000,0,100
2026-06-15 20:52:30,79,644.0000,0,100
2026-06-15 20:52:32,79,644.0000,0,100
2026-06-15 20:52:38,79,644.0000,0,100
2026-06-15 20:52:40,78,634.0000,0,100
2026-06-15 20:52:42,78,634.0000,0,100
2026-06-15 20:52:44,78,634.0000,0,100
2026-06-15 20:52:46,78,634.0000,0,100
2026-06-15 20:52:48,78,634.0000,0,100
2026-06-15 20:52:53,78,634.0000,0,100
2026-06-15 20:52:55,78,634.0000,0,100
2026-06-15 20:52:57,78,634.0000,0,100
2026-06-15 20:52:59,78,634.0000,0,100
2026-06-15 20:53:01,78,634.0000,0,100
2026-06-15 20:53:03,78,634.0000,0,100
2026-06-15 20:53:05,78,634.0000,0,100
2026-06-15 20:53:07,78,634.0000,0,100
2026-06-15 20:53:09,78,634.0000,0,100
2026-06-15 20:53:11,78,634.0000,0,100
2026-06-15 20:53:13,78,634.0000,0,100
2026-06-15 20:53:15,78,634.0000,0,100
2026-06-15 20:53:20,78,634.0000,0,100
2026-06-15 20:53:22,78,634.0000,0,100
2026-06-15 20:53:24,78,634.0000,0,100
2026-06-15 20:53:26,78,634.0000,0,100
2026-06-15 20:53:28,78,634.0000,0,100
2026-06-15 20:53:30,78,634.0000,0,100
2026-06-15 20:53:32,78,634.0000,0,100
2026-06-15 20:53:34,78,634.0000,0,100
2026-06-15 20:53:36,78,634.0000,0,100
2026-06-15 20:53:38,78,634.0000,0,100
2026-06-15 20:53:40,78,624.0000,0,100
2026-06-15 20:53:42,78,624.0000,0,100
2026-06-15 20:53:44,78,624.0000,0,100
2026-06-15 20:53:46,78,624.0000,0,100
2026-06-15 20:53:48,78,624.0000,0,100
2026-06-15 20:53:50,78,624.0000,0,100
2026-06-15 20:53:52,78,624.0000,0,100
2026-06-15 20:53:54,78,624.0000,0,100
2026-06-15 20:53:56,78,624.0000,0,100
2026-06-15 20:54:02,78,624.0000,0,100
2026-06-15 20:54:04,78,624.0000,0,100
2026-06-15 20:54:06,78,624.0000,0,100
2026-06-15 20:54:08,78,624.0000,0,100
2026-06-15 20:54:10,78,624.0000,0,100
2026-06-15 20:54:12,78,624.0000,0,100
2026-06-15 20:54:14,78,624.0000,0,100
2026-06-15 20:54:16,78,624.0000,0,100
2026-06-15 20:54:18,78,624.0000,0,100
2026-06-15 20:54:20,78,624.0000,0,100
2026-06-15 20:54:22,78,624.0000,0,100
2026-06-15 20:54:24,78,624.0000,0,100
2026-06-15 20:54:26,78,624.0000,0,100
2026-06-15 20:54:28,78,624.0000,0,100
2026-06-15 20:54:30,78,624.0000,0,100
2026-06-15 20:54:32,78,624.0000,0,100
2026-06-15 20:54:34,78,624.0000,0,100
2026-06-15 20:54:36,78,624.0000,0,100
2026-06-15 20:54:38,78,624.0000,0,100
2026-06-15 20:54:40,78,634.0000,0,100
2026-06-15 20:54:42,78,634.0000,0,100
2026-06-15 20:54:44,78,634.0000,0,100
2026-06-15 20:54:46,78,634.0000,0,100
2026-06-15 20:54:48,78,634.0000,0,100
2026-06-15 20:54:50,78,634.0000,0,100
2026-06-15 20:54:52,78,634.0000,0,100
2026-06-15 20:54:58,78,634.0000,0,100
2026-06-15 20:55:00,78,634.0000,0,100
2026-06-15 20:55:02,78,634.0000,0,100
2026-06-15 20:55:04,78,634.0000,0,100
2026-06-15 20:55:06,78,634.0000,0,100
2026-06-15 20:55:13,78,634.0000,0,100
2026-06-15 20:55:15,78,634.0000,0,100
2026-06-15 20:55:17,78,634.0000,0,100
2026-06-15 20:55:19,78,634.0000,0,100
2026-06-15 20:55:21,78,634.0000,0,100
2026-06-15 20:55:23,78,634.0000,0,100
2026-06-15 20:55:25,78,634.0000,0,100
2026-06-15 20:55:27,78,634.0000,0,100
2026-06-15 20:55:29,78,634.0000,0,100
2026-06-15 20:55:31,78,634.0000,0,100
2026-06-15 20:55:33,78,634.0000,0,100
2026-06-15 20:55:35,78,634.0000,0,100
2026-06-15 20:55:37,78,634.0000,0,100
2026-06-15 20:55:39,78,624.0000,0,100
2026-06-15 20:55:44,78,624.0000,0,100
2026-06-15 20:55:46,78,624.0000,0,100
2026-06-15 20:55:48,78,624.0000,0,100
2026-06-15 20:55:50,78,624.0000,0,100
2026-06-15 20:55:52,78,624.0000,0,100
2026-06-15 20:55:54,78,624.0000,0,100
2026-06-15 20:55:56,78,624.0000,0,100
2026-06-15 20:55:58,78,624.0000,0,100
2026-06-15 20:56:04,78,624.0000,0,100
2026-06-15 20:56:06,78,624.0000,0,100
2026-06-15 20:56:08,78,624.0000,0,100
2026-06-15 20:56:10,78,624.0000,0,100
2026-06-15 20:56:12,78,624.0000,0,100
2026-06-15 20:56:14,78,624.0000,0,100
2026-06-15 20:56:16,78,624.0000,0,100
2026-06-15 20:56:18,78,624.0000,0,100
2026-06-15 20:56:20,78,624.0000,0,100
2026-06-15 20:56:26,78,624.0000,0,100
2026-06-15 20:56:28,78,624.0000,0,100
2026-06-15 20:56:30,78,624.0000,0,100
2026-06-15 20:56:32,78,624.0000,0,100
2026-06-15 20:56:34,78,624.0000,0,100
2026-06-15 20:56:36,78,624.0000,0,100
2026-06-15 20:56:38,78,624.0000,0,100
2026-06-15 20:56:40,78,614.0000,0,100
2026-06-15 20:56:42,78,614.0000,0,100
2026-06-15 20:56:44,78,614.0000,0,100
2026-06-15 20:56:46,78,614.0000,0,100
2026-06-15 20:56:48,78,614.0000,0,100
2026-06-15 20:56:50,78,614.0000,0,100
2026-06-15 20:56:52,78,614.0000,0,100
2026-06-15 20:56:54,78,614.0000,0,100
2026-06-15 20:56:59,78,614.0000,0,100
2026-06-15 20:57:01,78,614.0000,0,100
2026-06-15 20:57:03,78,614.0000,0,100
2026-06-15 20:57:05,78,614.0000,0,100
2026-06-15 20:57:07,78,614.0000,0,100
2026-06-15 20:57:09,78,614.0000,0,100
2026-06-15 20:57:11,78,614.0000,0,100
2026-06-15 20:57:13,78,614.0000,0,100
2026-06-15 20:57:15,78,614.0000,0,100
2026-06-15 20:57:20,78,614.0000,0,100
2026-06-15 20:57:22,78,614.0000,0,100
2026-06-15 20:57:24,78,614.0000,0,100
2026-06-15 20:57:26,78,614.0000,0,100
2026-06-15 20:57:28,78,614.0000,0,100
2026-06-15 20:57:30,78,614.0000,0,100
2026-06-15 20:57:32,78,614.0000,0,100
2026-06-15 20:57:34,78,614.0000,0,100
2026-06-15 20:57:36,78,614.0000,0,100
2026-06-15 20:57:38,78,614.0000,0,100
2026-06-15 20:57:40,78,604.0000,0,100
2026-06-15 20:57:42,78,604.0000,0,100
2026-06-15 20:57:44,78,604.0000,0,100
2026-06-15 20:57:46,78,604.0000,0,100
2026-06-15 20:57:48,78,604.0000,0,100
2026-06-15 20:57:50,78,604.0000,0,100
2026-06-15 20:57:52,78,604.0000,0,100
2026-06-15 20:57:54,78,604.0000,0,100
2026-06-15 20:57:56,78,604.0000,0,100
2026-06-15 20:57:58,78,604.0000,0,100
2026-06-15 20:58:00,78,604.0000,0,100
2026-06-15 20:58:02,78,604.0000,0,100
2026-06-15 20:58:04,78,604.0000,0,100
2026-06-15 20:58:06,78,604.0000,0,100
2026-06-15 20:58:08,78,604.0000,0,100
2026-06-15 20:58:10,78,604.0000,0,100
2026-06-15 20:58:12,78,604.0000,0,100
2026-06-15 20:58:14,78,604.0000,0,100
2026-06-15 20:58:16,78,604.0000,0,100
2026-06-15 20:58:18,78,604.0000,0,100
2026-06-15 20:58:20,78,604.0000,0,100
2026-06-15 20:58:22,78,604.0000,0,100
2026-06-15 20:58:24,78,604.0000,0,100
2026-06-15 20:58:26,78,604.0000,0,100
2026-06-15 20:58:28,78,604.0000,0,100
2026-06-15 20:58:30,78,604.0000,0,100
2026-06-15 20:58:32,78,604.0000,0,100
2026-06-15 20:58:34,78,604.0000,0,100
2026-06-15 20:58:36,78,604.0000,0,100
2026-06-15 20:58:38,78,604.0000,0,100
2026-06-15 20:58:40,77,584.0000,0,100
2026-06-15 20:58:47,77,584.0000,0,100
2026-06-15 20:58:49,77,584.0000,0,100
2026-06-15 20:58:51,77,584.0000,0,100
2026-06-15 20:58:53,77,584.0000,0,100
2026-06-15 20:58:57,77,584.0000,0,100
2026-06-15 20:58:59,77,584.0000,0,100
2026-06-15 20:59:01,77,584.0000,0,100
2026-06-15 20:59:03,77,584.0000,0,100
2026-06-15 20:59:05,77,584.0000,0,100
2026-06-15 20:59:07,77,584.0000,0,100
2026-06-15 20:59:09,77,584.0000,0,100
2026-06-15 20:59:15,77,584.0000,0,100
2026-06-15 20:59:17,77,584.0000,0,100
2026-06-15 20:59:19,77,584.0000,0,100
2026-06-15 20:59:21,77,584.0000,0,100
2026-06-15 20:59:23,77,584.0000,0,100
2026-06-15 20:59:28,77,584.0000,0,100
2026-06-15 20:59:30,77,584.0000,0,100
2026-06-15 20:59:32,77,584.0000,0,100
2026-06-15 20:59:34,77,584.0000,0,100
2026-06-15 20:59:36,77,584.0000,0,100
2026-06-15 20:59:38,77,584.0000,0,100
2026-06-15 20:59:40,77,574.0000,0,100
2026-06-15 20:59:42,77,574.0000,0,100
2026-06-15 20:59:44,77,574.0000,0,100
2026-06-15 20:59:46,77,574.0000,0,100
2026-06-15 20:59:48,77,574.0000,0,100
2026-06-15 20:59:50,77,574.0000,0,100
2026-06-15 20:59:52,77,574.0000,0,100
2026-06-15 20:59:54,77,574.0000,0,100
2026-06-15 20:59:56,77,574.0000,0,100
2026-06-15 20:59:58,77,574.0000,0,100
2026-06-15 21:00:00,77,574.0000,0,100
2026-06-15 21:00:02,77,574.0000,0,100
2026-06-15 21:00:04,77,574.0000,0,100
2026-06-15 21:00:06,77,574.0000,0,100
2026-06-15 21:00:08,77,574.0000,0,100
2026-06-15 21:00:10,77,574.0000,0,100
2026-06-15 21:00:12,77,574.0000,0,100
2026-06-15 21:00:14,77,574.0000,0,100
2026-06-15 21:00:16,77,574.0000,0,100
2026-06-15 21:00:18,77,574.0000,0,100
2026-06-15 21:00:20,77,574.0000,0,100
2026-06-15 21:00:22,77,574.0000,0,100
2026-06-15 21:00:24,77,574.0000,0,100
2026-06-15 21:00:26,77,574.0000,0,100
2026-06-15 21:00:28,77,574.0000,0,100
2026-06-15 21:00:30,77,574.0000,0,100
2026-06-15 21:00:32,77,574.0000,0,100
2026-06-15 21:00:34,77,574.0000,0,100
2026-06-15 21:00:36,77,574.0000,0,100
2026-06-15 21:00:38,77,574.0000,0,100
2026-06-15 21:00:40,77,564.0000,0,100
2026-06-15 21:00:42,77,564.0000,0,100
2026-06-15 21:00:44,77,564.0000,0,100
2026-06-15 21:00:46,77,564.0000,0,100
2026-06-15 21:00:48,77,564.0000,0,100
2026-06-15 21:00:50,77,564.0000,0,100
2026-06-15 21:00:52,77,564.0000,0,100
2026-06-15 21:00:54,77,564.0000,0,100
2026-06-15 21:01:00,77,564.0000,0,100
2026-06-15 21:01:02,77,564.0000,0,100
2026-06-15 21:01:04,77,564.0000,0,100
2026-06-15 21:01:06,77,564.0000,0,100
2026-06-15 21:01:08,77,564.0000,0,100
2026-06-15 21:01:10,77,564.0000,0,100
2026-06-15 21:01:12,77,564.0000,0,100
2026-06-15 21:01:14,77,564.0000,0,100
2026-06-15 21:01:16,77,564.0000,0,100
2026-06-15 21:01:18,77,564.0000,0,100
2026-06-15 21:01:20,77,564.0000,0,100
2026-06-15 21:01:22,77,564.0000,0,100
2026-06-15 21:01:24,77,564.0000,0,100
2026-06-15 21:01:26,77,564.0000,0,100
2026-06-15 21:01:28,77,564.0000,0,100
2026-06-15 21:01:32,77,564.0000,0,100
2026-06-15 21:01:34,77,564.0000,0,100
2026-06-15 21:01:36,77,564.0000,0,100
2026-06-15 21:01:38,77,564.0000,0,100
2026-06-15 21:01:40,77,554.0000,0,100
2026-06-15 21:01:42,77,554.0000,0,100
2026-06-15 21:01:44,77,554.0000,0,100
2026-06-15 21:01:46,77,554.0000,0,100
2026-06-15 21:01:48,77,554.0000,0,100
2026-06-15 21:01:50,77,554.0000,0,100
2026-06-15 21:01:52,77,554.0000,0,100
2026-06-15 21:01:54,77,554.0000,0,100
2026-06-15 21:01:56,77,554.0000,0,100
2026-06-15 21:01:58,77,554.0000,0,100
2026-06-15 21:02:00,77,554.0000,0,100
2026-06-15 21:02:02,77,554.0000,0,100
2026-06-15 21:02:07,77,554.0000,0,100
2026-06-15 21:02:09,77,554.0000,0,100
2026-06-15 21:02:11,77,554.0000,0,100
2026-06-15 21:02:13,77,554.0000,0,100
2026-06-15 21:02:15,77,554.0000,0,100
2026-06-15 21:02:17,77,554.0000,0,100
2026-06-15 21:02:19,77,554.0000,0,100
2026-06-15 21:02:21,77,554.0000,0,100
2026-06-15 21:02:23,77,554.0000,0,100
2026-06-15 21:02:25,77,554.0000,0,100
2026-06-15 21:02:27,77,554.0000,0,100
2026-06-15 21:02:32,77,554.0000,0,100
2026-06-15 21:02:34,77,554.0000,0,100
2026-06-15 21:02:36,77,554.0000,0,100
2026-06-15 21:02:38,77,554.0000,0,100
2026-06-15 21:02:40,77,544.0000,0,100
2026-06-15 21:02:42,77,544.0000,0,100
2026-06-15 21:02:44,77,544.0000,0,100
2026-06-15 21:02:46,77,544.0000,0,100
2026-06-15 21:02:48,77,544.0000,0,100
2026-06-15 21:02:50,77,544.0000,0,100
2026-06-15 21:02:52,77,544.0000,0,100
2026-06-15 21:02:54,77,544.0000,0,100
2026-06-15 21:02:56,77,544.0000,0,100
2026-06-15 21:02:58,77,544.0000,0,100
2026-06-15 21:03:00,77,544.0000,0,100
2026-06-15 21:03:02,77,544.0000,0,100
2026-06-15 21:03:04,77,544.0000,0,100
2026-06-15 21:03:06,77,544.0000,0,100
2026-06-15 21:03:08,77,544.0000,0,100
2026-06-15 21:03:10,77,544.0000,0,100
2026-06-15 21:03:12,77,544.0000,0,100
2026-06-15 21:03:14,77,544.0000,0,100
2026-06-15 21:03:19,77,544.0000,0,100
2026-06-15 21:03:21,76,534.0000,0,100
2026-06-15 21:03:23,76,534.0000,0,100
2026-06-15 21:03:25,76,534.0000,0,100
2026-06-15 21:03:27,76,534.0000,0,100
2026-06-15 21:03:29,76,534.0000,0,100
2026-06-15 21:03:31,76,534.0000,0,100
2026-06-15 21:03:33,76,534.0000,0,100
2026-06-15 21:03:35,76,534.0000,0,100
2026-06-15 21:03:37,76,534.0000,0,100
2026-06-15 21:03:39,76,534.0000,0,100
2026-06-15 21:03:44,76,534.0000,0,100
2026-06-15 21:03:46,76,534.0000,0,100
2026-06-15 21:03:48,76,534.0000,0,100
2026-06-15 21:03:50,76,534.0000,0,100
2026-06-15 21:03:52,76,534.0000,0,100
2026-06-15 21:03:54,76,534.0000,0,100
2026-06-15 21:03:56,76,534.0000,0,100
2026-06-15 21:03:58,76,534.0000,0,100
2026-06-15 21:04:00,76,534.0000,0,100
2026-06-15 21:04:02,76,534.0000,0,100
2026-06-15 21:04:04,76,534.0000,0,100
2026-06-15 21:04:06,76,534.0000,0,100
2026-06-15 21:04:08,76,534.0000,0,100
2026-06-15 21:04:10,76,534.0000,0,100
2026-06-15 21:04:12,76,534.0000,0,100
2026-06-15 21:04:14,76,534.0000,0,100
2026-06-15 21:04:16,76,534.0000,0,100
2026-06-15 21:04:18,76,534.0000,0,100
2026-06-15 21:04:20,76,534.0000,0,100
2026-06-15 21:04:22,76,524.0000,0,100
2026-06-15 21:04:28,76,524.0000,0,100
2026-06-15 21:04:30,76,524.0000,0,100
2026-06-15 21:04:32,76,524.0000,0,100
2026-06-15 21:04:34,76,524.0000,0,100
2026-06-15 21:04:36,76,524.0000,0,100
2026-06-15 21:04:38,76,524.0000,0,100
2026-06-15 21:04:40,76,524.0000,0,100
2026-06-15 21:04:42,76,524.0000,0,100
2026-06-15 21:04:44,76,524.0000,0,100
2026-06-15 21:04:46,76,524.0000,0,100
2026-06-15 21:04:48,76,524.0000,0,100
2026-06-15 21:04:50,76,524.0000,0,100
2026-06-15 21:04:52,76,524.0000,0,100
2026-06-15 21:04:54,76,524.0000,0,100
2026-06-15 21:04:56,76,524.0000,0,100
2026-06-15 21:04:58,76,524.0000,0,100
2026-06-15 21:05:00,76,524.0000,0,100
2026-06-15 21:05:02,76,524.0000,0,100
2026-06-15 21:05:04,76,524.0000,0,100
2026-06-15 21:05:06,76,524.0000,0,100
2026-06-15 21:05:08,76,524.0000,0,100
2026-06-15 21:05:10,76,524.0000,0,100
2026-06-15 21:05:12,76,524.0000,0,100
2026-06-15 21:05:14,76,524.0000,0,100
2026-06-15 21:05:16,76,524.0000,0,100
2026-06-15 21:05:18,76,524.0000,0,100
2026-06-15 21:05:20,76,534.0000,0,100
2026-06-15 21:05:22,76,534.0000,0,100
2026-06-15 21:05:28,76,534.0000,0,100
2026-06-15 21:05:30,76,534.0000,0,100
2026-06-15 21:05:32,76,534.0000,0,100
2026-06-15 21:05:34,76,534.0000,0,100
2026-06-15 21:05:36,76,534.0000,0,100
2026-06-15 21:05:38,76,534.0000,0,100
2026-06-15 21:05:40,76,534.0000,0,100
2026-06-15 21:05:42,76,534.0000,0,100
2026-06-15 21:05:44,76,534.0000,0,100
2026-06-15 21:05:46,76,534.0000,0,100
2026-06-15 21:05:48,76,534.0000,0,100
2026-06-15 21:05:50,76,534.0000,0,100
2026-06-15 21:05:52,76,534.0000,0,100
2026-06-15 21:05:54,76,534.0000,0,100
2026-06-15 21:05:56,76,534.0000,0,100
2026-06-15 21:05:58,76,534.0000,0,100
2026-06-15 21:06:00,76,534.0000,0,100
2026-06-15 21:06:02,76,534.0000,0,100
2026-06-15 21:06:04,76,534.0000,0,100
2026-06-15 21:06:06,76,534.0000,0,100
2026-06-15 21:06:12,76,534.0000,0,100
2026-06-15 21:06:14,76,534.0000,0,100
2026-06-15 21:06:16,76,534.0000,0,100
2026-06-15 21:06:18,76,534.0000,0,100
2026-06-15 21:06:20,76,524.0000,0,100
2026-06-15 21:06:22,76,524.0000,0,100
2026-06-15 21:06:24,76,524.0000,0,100
2026-06-15 21:06:26,76,524.0000,0,100
2026-06-15 21:06:28,76,524.0000,0,100
2026-06-15 21:06:30,76,524.0000,0,100
2026-06-15 21:06:32,76,524.0000,0,100
2026-06-15 21:06:34,76,524.0000,0,100
2026-06-15 21:06:36,76,524.0000,0,100
2026-06-15 21:06:38,76,524.0000,0,100
2026-06-15 21:06:40,76,524.0000,0,100
2026-06-15 21:06:42,76,524.0000,0,100
2026-06-15 21:06:44,76,524.0000,0,100
2026-06-15 21:06:46,76,524.0000,0,100
2026-06-15 21:06:48,76,524.0000,0,100
2026-06-15 21:06:50,76,524.0000,0,100
2026-06-15 21:06:52,76,524.0000,0,100
2026-06-15 21:06:54,76,524.0000,0,100
2026-06-15 21:06:56,76,524.0000,0,100
2026-06-15 21:06:58,76,524.0000,0,100
2026-06-15 21:07:00,76,524.0000,0,100
2026-06-15 21:07:02,76,524.0000,0,100
2026-06-15 21:07:04,76,524.0000,0,100
2026-06-15 21:07:06,76,524.0000,0,100
2026-06-15 21:07:08,76,524.0000,0,100
2026-06-15 21:07:10,76,524.0000,0,100
2026-06-15 21:07:12,76,524.0000,0,100
2026-06-15 21:07:14,76,524.0000,0,100
2026-06-15 21:07:16,76,524.0000,0,100
2026-06-15 21:07:18,76,524.0000,0,100
2026-06-15 21:07:20,76,514.0000,0,100
2026-06-15 21:07:22,76,514.0000,0,100
2026-06-15 21:07:24,76,514.0000,0,100
2026-06-15 21:07:29,76,514.0000,0,100
2026-06-15 21:07:31,76,514.0000,0,100
2026-06-15 21:07:33,76,514.0000,0,100
2026-06-15 21:07:35,76,514.0000,0,100
2026-06-15 21:07:37,76,514.0000,0,100
2026-06-15 21:07:39,76,514.0000,0,100
2026-06-15 21:07:41,76,514.0000,0,100
2026-06-15 21:07:43,76,514.0000,0,100
2026-06-15 21:07:45,76,514.0000,0,100
2026-06-15 21:07:47,76,514.0000,0,100
2026-06-15 21:07:49,76,514.0000,0,100
2026-06-15 21:07:51,76,514.0000,0,100
2026-06-15 21:07:53,76,514.0000,0,100
2026-06-15 21:07:55,76,514.0000,0,100
2026-06-15 21:07:57,76,514.0000,0,100
2026-06-15 21:07:59,76,514.0000,0,100
2026-06-15 21:08:01,76,514.0000,0,100
2026-06-15 21:08:03,76,514.0000,0,100
2026-06-15 21:08:05,76,514.0000,0,100
2026-06-15 21:08:07,76,514.0000,0,100
2026-06-15 21:08:09,76,514.0000,0,100
2026-06-15 21:08:11,76,514.0000,0,100
2026-06-15 21:08:13,76,514.0000,0,100
2026-06-15 21:08:15,76,514.0000,0,100
2026-06-15 21:08:17,76,514.0000,0,100
2026-06-15 21:08:19,76,514.0000,0,100
2026-06-15 21:08:21,76,518.0000,0,100
2026-06-15 21:08:23,76,518.0000,0,100
2026-06-15 21:08:25,76,518.0000,0,100
2026-06-15 21:08:27,76,518.0000,0,100
2026-06-15 21:08:29,76,518.0000,0,100
2026-06-15 21:08:31,76,518.0000,0,100
2026-06-15 21:08:33,76,518.0000,0,100
2026-06-15 21:08:35,76,518.0000,0,100
2026-06-15 21:08:37,76,518.0000,0,100
2026-06-15 21:08:39,76,518.0000,0,100
2026-06-15 21:08:41,76,518.0000,0,100
2026-06-15 21:08:43,76,518.0000,0,100
2026-06-15 21:08:45,76,518.0000,0,100
2026-06-15 21:08:47,76,518.0000,0,100
2026-06-15 21:08:49,76,518.0000,0,100
2026-06-15 21:08:51,76,518.0000,0,100
2026-06-15 21:08:53,76,518.0000,0,100
2026-06-15 21:08:55,76,518.0000,0,100
2026-06-15 21:08:57,76,518.0000,0,100
2026-06-15 21:08:59,76,518.0000,0,100
2026-06-15 21:09:01,76,518.0000,0,100
2026-06-15 21:09:03,76,518.0000,0,100
2026-06-15 21:09:05,76,518.0000,0,100
2026-06-15 21:09:07,76,518.0000,0,100
2026-06-15 21:09:09,76,518.0000,0,100
2026-06-15 21:09:11,76,518.0000,0,100
2026-06-15 21:09:13,76,518.0000,0,100
2026-06-15 21:09:15,76,518.0000,0,100
2026-06-15 21:09:17,76,518.0000,0,100
2026-06-15 21:09:19,76,518.0000,0,100
2026-06-15 21:09:21,76,508.0000,0,100
2026-06-15 21:09:23,76,508.0000,0,100
2026-06-15 21:09:25,76,508.0000,0,100
2026-06-15 21:09:27,76,508.0000,0,100
2026-06-15 21:09:29,76,508.0000,0,100
2026-06-15 21:09:31,76,508.0000,0,100
2026-06-15 21:09:33,76,508.0000,0,100
2026-06-15 21:09:35,76,508.0000,0,100
2026-06-15 21:09:37,76,508.0000,0,100
2026-06-15 21:09:39,76,508.0000,0,100
2026-06-15 21:09:41,76,508.0000,0,100
2026-06-15 21:09:43,76,508.0000,0,100
2026-06-15 21:09:50,75,498.0000,0,100
2026-06-15 21:09:52,75,498.0000,0,100
2026-06-15 21:09:54,75,498.0000,0,100
2026-06-15 21:09:56,75,498.0000,0,100
2026-06-15 21:09:58,75,498.0000,0,100
2026-06-15 21:10:00,75,498.0000,0,100
2026-06-15 21:10:02,75,498.0000,0,100
2026-06-15 21:10:07,75,498.0000,0,100
2026-06-15 21:10:09,75,498.0000,0,100
2026-06-15 21:10:11,75,498.0000,0,100
2026-06-15 21:10:13,75,498.0000,0,100
2026-06-15 21:10:15,75,498.0000,0,100
2026-06-15 21:10:17,75,498.0000,0,100
2026-06-15 21:10:19,75,498.0000,0,100
2026-06-15 21:10:21,75,498.0000,0,100
2026-06-15 21:10:23,75,498.0000,0,100
2026-06-15 21:10:25,75,498.0000,0,100
2026-06-15 21:10:27,75,498.0000,0,100
2026-06-15 21:10:29,75,498.0000,0,100
2026-06-15 21:10:31,75,498.0000,0,100
2026-06-15 21:10:33,75,498.0000,0,100
2026-06-15 21:10:35,75,498.0000,0,100
2026-06-15 21:10:37,75,498.0000,0,100
2026-06-15 21:10:39,75,498.0000,0,100
2026-06-15 21:10:41,75,498.0000,0,100
2026-06-15 21:10:43,75,498.0000,0,100
2026-06-15 21:10:45,75,498.0000,0,100
2026-06-15 21:10:47,75,498.0000,0,100
2026-06-15 21:10:49,75,498.0000,0,100
2026-06-15 21:10:51,75,488.0000,0,100
2026-06-15 21:10:53,75,488.0000,0,100
2026-06-15 21:10:55,75,488.0000,0,100
2026-06-15 21:10:57,75,488.0000,0,100
2026-06-15 21:10:59,75,488.0000,0,100
2026-06-15 21:11:01,75,488.0000,0,100
2026-06-15 21:11:03,75,488.0000,0,100
2026-06-15 21:11:05,75,488.0000,0,100
2026-06-15 21:11:07,75,488.0000,0,100
2026-06-15 21:11:09,75,488.0000,0,100
2026-06-15 21:11:11,75,488.0000,0,100
2026-06-15 21:11:13,75,488.0000,0,100
2026-06-15 21:11:15,75,488.0000,0,100
2026-06-15 21:11:17,75,488.0000,0,100
2026-06-15 21:11:19,75,488.0000,0,100
2026-06-15 21:11:21,75,488.0000,0,100
2026-06-15 21:11:23,75,488.0000,0,100
2026-06-15 21:11:25,75,488.0000,0,100
2026-06-15 21:11:27,75,488.0000,0,100
2026-06-15 21:11:29,75,488.0000,0,100
2026-06-15 21:11:31,75,488.0000,0,100
2026-06-15 21:11:33,75,488.0000,0,100
2026-06-15 21:11:35,75,488.0000,0,100
2026-06-15 21:11:37,75,488.0000,0,100
2026-06-15 21:11:39,75,488.0000,0,100
2026-06-15 21:11:41,75,488.0000,0,100
2026-06-15 21:11:43,75,488.0000,0,100
2026-06-15 21:11:45,75,488.0000,0,100
2026-06-15 21:11:47,75,488.0000,0,100
2026-06-15 21:11:49,75,488.0000,0,100
2026-06-15 21:11:51,75,478.0000,0,100
2026-06-15 21:11:58,75,478.0000,0,100
2026-06-15 21:12:00,75,478.0000,0,100
2026-06-15 21:12:02,75,478.0000,0,100
2026-06-15 21:12:04,75,478.0000,0,100
2026-06-15 21:12:06,75,478.0000,0,100
2026-06-15 21:12:08,75,478.0000,0,100
2026-06-15 21:12:14,75,478.0000,0,100
2026-06-15 21:12:16,75,478.0000,0,100
2026-06-15 21:12:18,75,478.0000,0,100
2026-06-15 21:12:20,75,478.0000,0,100
2026-06-15 21:12:22,75,478.0000,0,100
2026-06-15 21:12:24,75,478.0000,0,100
2026-06-15 21:12:26,75,478.0000,0,100
2026-06-15 21:12:28,75,478.0000,0,100
2026-06-15 21:12:34,75,478.0000,0,100
2026-06-15 21:12:36,75,478.0000,0,100
2026-06-15 21:12:38,75,478.0000,0,100
2026-06-15 21:12:40,75,478.0000,0,100
2026-06-15 21:12:42,75,478.0000,0,100
2026-06-15 21:12:44,75,478.0000,0,100
2026-06-15 21:12:46,75,478.0000,0,100
2026-06-15 21:12:48,75,478.0000,0,100
2026-06-15 21:12:50,75,468.0000,0,100
2026-06-15 21:12:52,75,468.0000,0,100
2026-06-15 21:12:54,75,468.0000,0,100
2026-06-15 21:12:56,75,468.0000,0,100
2026-06-15 21:12:58,75,468.0000,0,100
2026-06-15 21:13:00,75,468.0000,0,100
2026-06-15 21:13:02,75,468.0000,0,100
2026-06-15 21:13:04,75,468.0000,0,100
2026-06-15 21:13:06,75,468.0000,0,100
2026-06-15 21:13:08,75,468.0000,0,100
2026-06-15 21:13:10,75,468.0000,0,100
2026-06-15 21:13:12,75,468.0000,0,100
2026-06-15 21:13:14,75,468.0000,0,100
2026-06-15 21:13:16,75,468.0000,0,100
2026-06-15 21:13:18,75,468.0000,0,100
2026-06-15 21:13:20,75,468.0000,0,100
2026-06-15 21:13:22,75,468.0000,0,100
2026-06-15 21:13:24,75,468.0000,0,100
2026-06-15 21:13:26,75,468.0000,0,100
2026-06-15 21:13:28,75,468.0000,0,100
2026-06-15 21:13:30,75,468.0000,0,100
2026-06-15 21:13:32,75,468.0000,0,100
2026-06-15 21:13:34,75,468.0000,0,100
2026-06-15 21:13:36,75,468.0000,0,100
2026-06-15 21:13:38,75,468.0000,0,100
2026-06-15 21:13:40,75,468.0000,0,100
2026-06-15 21:13:42,75,468.0000,0,100
2026-06-15 21:13:44,75,468.0000,0,100
2026-06-15 21:13:46,75,468.0000,0,100
2026-06-15 21:13:48,75,468.0000,0,100
2026-06-15 21:13:50,75,458.0000,0,100
2026-06-15 21:13:52,75,458.0000,0,100
2026-06-15 21:13:54,75,458.0000,0,100
2026-06-15 21:13:56,75,458.0000,0,100
2026-06-15 21:13:58,75,458.0000,0,100
2026-06-15 21:14:00,75,458.0000,0,100
2026-06-15 21:14:02,75,458.0000,0,100
2026-06-15 21:14:04,75,458.0000,0,100
2026-06-15 21:14:06,75,458.0000,0,100
2026-06-15 21:14:08,75,458.0000,0,100
2026-06-15 21:14:13,75,458.0000,0,100
2026-06-15 21:14:15,75,458.0000,0,100
2026-06-15 21:14:17,75,458.0000,0,100
2026-06-15 21:14:19,75,458.0000,0,100
2026-06-15 21:14:21,75,458.0000,0,100
2026-06-15 21:14:23,75,458.0000,0,100
2026-06-15 21:14:25,75,458.0000,0,100
2026-06-15 21:14:27,75,458.0000,0,100
2026-06-15 21:14:29,75,458.0000,0,100
2026-06-15 21:14:31,75,458.0000,0,100
2026-06-15 21:14:33,75,458.0000,0,100
2026-06-15 21:14:35,75,458.0000,0,100
2026-06-15 21:14:37,75,458.0000,0,100
2026-06-15 21:14:39,75,458.0000,0,100
2026-06-15 21:14:41,75,458.0000,0,100
2026-06-15 21:14:43,75,458.0000,0,100
2026-06-15 21:14:45,75,458.0000,0,100
2026-06-15 21:14:47,75,458.0000,0,100
2026-06-15 21:14:49,75,458.0000,0,100
2026-06-15 21:14:51,75,468.0000,0,100
2026-06-15 21:14:53,75,468.0000,0,100
2026-06-15 21:14:55,75,468.0000,0,100
2026-06-15 21:14:57,75,468.0000,0,100
2026-06-15 21:14:59,75,468.0000,0,100
2026-06-15 21:15:01,75,468.0000,0,100
2026-06-15 21:15:03,75,468.0000,0,100
2026-06-15 21:15:05,75,468.0000,0,100
2026-06-15 21:15:07,75,468.0000,0,100
2026-06-15 21:15:09,75,468.0000,0,100
2026-06-15 21:15:11,75,468.0000,0,100
2026-06-15 21:15:13,75,468.0000,0,100
2026-06-15 21:15:15,75,468.0000,0,100
2026-06-15 21:15:17,75,468.0000,0,100
2026-06-15 21:15:19,75,468.0000,0,100
2026-06-15 21:15:21,75,468.0000,0,100
2026-06-15 21:15:23,75,468.0000,0,100
2026-06-15 21:15:25,75,468.0000,0,100
2026-06-15 21:15:27,75,468.0000,0,100
2026-06-15 21:15:29,74,458.0000,0,100
2026-06-15 21:15:31,74,458.0000,0,100
2026-06-15 21:15:33,74,458.0000,0,100
2026-06-15 21:15:35,74,458.0000,0,100
2026-06-15 21:15:37,74,458.0000,0,100
2026-06-15 21:15:39,74,458.0000,0,100
2026-06-15 21:15:41,74,458.0000,0,100
2026-06-15 21:15:46,74,458.0000,0,100
2026-06-15 21:15:48,74,458.0000,0,100
2026-06-15 21:15:50,74,458.0000,0,100
2026-06-15 21:15:52,74,458.0000,0,100
2026-06-15 21:15:54,74,458.0000,0,100
2026-06-15 21:15:56,74,458.0000,0,100
2026-06-15 21:15:58,74,458.0000,0,100
2026-06-15 21:16:00,74,458.0000,0,100
2026-06-15 21:16:02,74,458.0000,0,100
2026-06-15 21:16:04,74,458.0000,0,100
2026-06-15 21:16:06,74,458.0000,0,100
2026-06-15 21:16:08,74,458.0000,0,100
2026-06-15 21:16:10,74,458.0000,0,100
2026-06-15 21:16:12,74,458.0000,0,100
2026-06-15 21:16:14,74,458.0000,0,100
2026-06-15 21:16:16,74,458.0000,0,100
2026-06-15 21:16:18,74,458.0000,0,100
2026-06-15 21:16:20,74,458.0000,0,100
2026-06-15 21:16:22,74,458.0000,0,100
2026-06-15 21:16:24,74,458.0000,0,100
2026-06-15 21:16:26,74,458.0000,0,100
2026-06-15 21:16:28,74,458.0000,0,100
2026-06-15 21:16:30,74,459.0000,0,100
2026-06-15 21:16:32,74,459.0000,0,100
2026-06-15 21:16:34,74,459.0000,0,100
2026-06-15 21:16:36,74,459.0000,0,100
2026-06-15 21:16:38,74,459.0000,0,100
2026-06-15 21:16:40,74,459.0000,0,100
2026-06-15 21:16:42,74,459.0000,0,100
2026-06-15 21:16:44,74,459.0000,0,100
2026-06-15 21:16:46,74,459.0000,0,100
2026-06-15 21:16:48,74,459.0000,0,100
2026-06-15 21:16:50,74,459.0000,0,100
2026-06-15 21:16:52,74,459.0000,0,100
2026-06-15 21:16:58,74,459.0000,0,100
2026-06-15 21:17:00,74,459.0000,0,100
2026-06-15 21:17:02,74,459.0000,0,100
2026-06-15 21:17:04,74,459.0000,0,100
2026-06-15 21:17:06,74,459.0000,0,100
2026-06-15 21:17:11,74,459.0000,0,100
2026-06-15 21:17:13,74,459.0000,0,100
2026-06-15 21:17:15,74,459.0000,0,100
2026-06-15 21:17:17,74,459.0000,0,100
2026-06-15 21:17:19,74,459.0000,0,100
2026-06-15 21:17:21,74,459.0000,0,100
2026-06-15 21:17:23,74,459.0000,0,100
2026-06-15 21:17:25,74,459.0000,0,100
2026-06-15 21:17:27,74,459.0000,0,100
2026-06-15 21:17:29,74,449.0000,0,100
2026-06-15 21:17:31,74,449.0000,0,100
2026-06-15 21:17:33,74,449.0000,0,100
2026-06-15 21:17:35,74,449.0000,0,100
2026-06-15 21:17:37,74,449.0000,0,100
2026-06-15 21:17:39,74,449.0000,0,100
2026-06-15 21:17:41,74,449.0000,0,100
2026-06-15 21:17:43,74,449.0000,0,100
2026-06-15 21:17:45,74,449.0000,0,100
2026-06-15 21:17:47,74,449.0000,0,100
2026-06-15 21:17:49,74,449.0000,0,100
2026-06-15 21:17:51,74,449.0000,0,100
2026-06-15 21:17:53,74,449.0000,0,100
2026-06-15 21:17:55,74,449.0000,0,100
2026-06-15 21:17:57,74,449.0000,0,100
2026-06-15 21:17:59,74,449.0000,0,100
2026-06-15 21:18:01,74,449.0000,0,100
2026-06-15 21:18:03,74,449.0000,0,100
2026-06-15 21:18:05,74,449.0000,0,100
2026-06-15 21:18:07,74,449.0000,0,100
2026-06-15 21:18:09,74,449.0000,0,100
2026-06-15 21:18:11,74,449.0000,0,100
2026-06-15 21:18:13,74,449.0000,0,100
2026-06-15 21:18:15,74,449.0000,0,100
2026-06-15 21:18:17,74,449.0000,0,100
2026-06-15 21:18:19,74,449.0000,0,100
2026-06-15 21:18:21,74,449.0000,0,100
2026-06-15 21:18:23,74,449.0000,0,100
2026-06-15 21:18:25,74,449.0000,0,100
2026-06-15 21:18:27,74,449.0000,0,100
2026-06-15 21:18:29,74,459.0000,0,100
2026-06-15 21:18:31,74,459.0000,0,100
2026-06-15 21:18:33,74,459.0000,0,100
2026-06-15 21:18:35,74,459.0000,0,100
2026-06-15 21:18:37,74,459.0000,0,100
2026-06-15 21:18:39,74,459.0000,0,100
2026-06-15 21:18:41,74,459.0000,0,100
2026-06-15 21:18:43,74,459.0000,0,100
2026-06-15 21:18:45,74,459.0000,0,100
2026-06-15 21:18:47,74,459.0000,0,100
2026-06-15 21:18:49,74,459.0000,0,100
2026-06-15 21:18:51,74,459.0000,0,100
2026-06-15 21:18:53,74,459.0000,0,100
2026-06-15 21:18:55,74,459.0000,0,100
2026-06-15 21:18:57,74,459.0000,0,100
2026-06-15 21:18:59,74,459.0000,0,100
2026-06-15 21:19:01,74,459.0000,0,100
2026-06-15 21:19:03,74,459.0000,0,100
2026-06-15 21:19:05,74,459.0000,0,100
2026-06-15 21:19:07,74,459.0000,0,100
2026-06-15 21:19:09,74,459.0000,0,100
2026-06-15 21:19:11,74,459.0000,0,100
2026-06-15 21:19:13,74,459.0000,0,100
2026-06-15 21:19:15,74,459.0000,0,100
2026-06-15 21:19:17,74,459.0000,0,100
2026-06-15 21:19:19,74,459.0000,0,100
2026-06-15 21:19:21,74,459.0000,0,100
2026-06-15 21:19:23,74,459.0000,0,100
2026-06-15 21:19:25,74,459.0000,0,100
2026-06-15 21:19:27,74,459.0000,0,100
2026-06-15 21:19:29,74,449.0000,0,100
2026-06-15 21:19:31,74,449.0000,0,100
2026-06-15 21:19:33,74,449.0000,0,100
2026-06-15 21:19:35,74,449.0000,0,100
2026-06-15 21:19:37,74,449.0000,0,100
2026-06-15 21:19:39,74,449.0000,0,100
2026-06-15 21:19:41,74,449.0000,0,100
2026-06-15 21:19:43,74,449.0000,0,100
2026-06-15 21:19:45,74,449.0000,0,100
2026-06-15 21:19:47,74,449.0000,0,100
2026-06-15 21:19:49,74,449.0000,0,100
2026-06-15 21:19:51,74,449.0000,0,100
2026-06-15 21:19:53,74,449.0000,0,100
2026-06-15 21:19:55,74,449.0000,0,100
2026-06-15 21:19:57,74,449.0000,0,100
2026-06-15 21:19:59,74,449.0000,0,100
2026-06-15 21:20:01,74,449.0000,0,100
2026-06-15 21:20:03,74,449.0000,0,100
2026-06-15 21:20:05,74,449.0000,0,100
2026-06-15 21:20:07,74,449.0000,0,100
2026-06-15 21:20:09,74,449.0000,0,100
2026-06-15 21:20:11,74,449.0000,0,100
2026-06-15 21:20:13,74,449.0000,0,100
2026-06-15 21:20:15,74,449.0000,0,100
2026-06-15 21:20:17,74,449.0000,0,100
2026-06-15 21:20:19,74,449.0000,0,100
2026-06-15 21:20:21,74,449.0000,0,100
2026-06-15 21:20:23,74,449.0000,0,100
2026-06-15 21:20:25,74,449.0000,0,100
2026-06-15 21:20:27,74,449.0000,0,100
2026-06-15 21:20:29,74,439.0000,0,100
2026-06-15 21:20:31,73,429.0000,0,100
2026-06-15 21:20:33,73,429.0000,0,100
2026-06-15 21:20:35,73,429.0000,0,100
2026-06-15 21:20:37,73,429.0000,0,100
2026-06-15 21:20:39,73,429.0000,0,100
2026-06-15 21:20:41,73,429.0000,0,100
2026-06-15 21:20:43,73,429.0000,0,100
2026-06-15 21:20:48,73,429.0000,0,100
2026-06-15 21:20:50,73,429.0000,0,100
2026-06-15 21:20:52,73,429.0000,0,100
2026-06-15 21:20:54,73,429.0000,0,100
2026-06-15 21:20:56,73,429.0000,0,100
2026-06-15 21:20:58,73,429.0000,0,100
2026-06-15 21:21:00,73,429.0000,0,100
2026-06-15 21:21:02,73,429.0000,0,100
2026-06-15 21:21:04,73,429.0000,0,100
2026-06-15 21:21:06,73,429.0000,0,100
2026-06-15 21:21:08,73,429.0000,0,100
2026-06-15 21:21:10,73,429.0000,0,100
2026-06-15 21:21:12,73,429.0000,0,100
2026-06-15 21:21:14,73,429.0000,0,100
2026-06-15 21:21:16,73,429.0000,0,100
2026-06-15 21:21:18,73,429.0000,0,100
2026-06-15 21:21:20,73,429.0000,0,100
2026-06-15 21:21:22,73,429.0000,0,100
2026-06-15 21:21:24,73,429.0000,0,100
2026-06-15 21:21:26,73,429.0000,0,100
2026-06-15 21:21:28,73,429.0000,0,100
2026-06-15 21:21:30,73,419.0000,0,100
2026-06-15 21:21:32,73,419.0000,0,100
2026-06-15 21:21:34,73,419.0000,0,100
2026-06-15 21:21:36,73,419.0000,0,100
2026-06-15 21:21:38,73,419.0000,0,100
2026-06-15 21:21:40,73,419.0000,0,100
2026-06-15 21:21:42,73,419.0000,0,100
2026-06-15 21:21:44,73,419.0000,0,100
2026-06-15 21:21:46,73,419.0000,0,100
2026-06-15 21:21:48,73,419.0000,0,100
2026-06-15 21:21:50,73,419.0000,0,100
2026-06-15 21:21:52,73,419.0000,0,100
2026-06-15 21:21:54,73,419.0000,0,100
2026-06-15 21:21:56,73,419.0000,0,100
2026-06-15 21:21:58,73,419.0000,0,100
2026-06-15 21:22:00,73,419.0000,0,100
2026-06-15 21:22:02,73,419.0000,0,100
2026-06-15 21:22:04,73,419.0000,0,100
2026-06-15 21:22:06,73,419.0000,0,100
2026-06-15 21:22:08,73,419.0000,0,100
2026-06-15 21:22:10,73,419.0000,0,100
2026-06-15 21:22:12,73,419.0000,0,100
2026-06-15 21:22:14,73,419.0000,0,100
2026-06-15 21:22:16,73,419.0000,0,100
2026-06-15 21:22:23,73,419.0000,0,100
2026-06-15 21:22:25,73,419.0000,0,100
2026-06-15 21:22:27,73,419.0000,0,100
2026-06-15 21:22:29,73,419.0000,0,100
2026-06-15 21:22:31,73,409.0000,0,100
2026-06-15 21:22:33,73,409.0000,0,100
2026-06-15 21:22:35,73,409.0000,0,100
2026-06-15 21:22:37,73,409.0000,0,100
2026-06-15 21:22:39,73,409.0000,0,100
2026-06-15 21:22:41,73,409.0000,0,100
2026-06-15 21:22:43,73,409.0000,0,100
2026-06-15 21:22:45,73,409.0000,0,100
2026-06-15 21:22:47,73,409.0000,0,100
2026-06-15 21:22:49,73,409.0000,0,100
2026-06-15 21:22:53,73,409.0000,0,100
2026-06-15 21:22:55,73,409.0000,0,100
2026-06-15 21:22:57,73,409.0000,0,100
2026-06-15 21:22:59,73,409.0000,0,100
2026-06-15 21:23:01,73,409.0000,0,100
2026-06-15 21:23:03,73,409.0000,0,100
2026-06-15 21:23:05,73,409.0000,0,100
2026-06-15 21:23:07,73,409.0000,0,100
2026-06-15 21:23:09,73,409.0000,0,100
2026-06-15 21:23:11,73,409.0000,0,100
2026-06-15 21:23:13,73,409.0000,0,100
2026-06-15 21:23:15,73,409.0000,0,100
2026-06-15 21:23:17,73,409.0000,0,100
2026-06-15 21:23:19,73,409.0000,0,100
2026-06-15 21:23:21,73,409.0000,0,100
2026-06-15 21:23:23,73,409.0000,0,100
2026-06-15 21:23:25,73,409.0000,0,100
2026-06-15 21:23:27,73,409.0000,0,100
2026-06-15 21:23:29,73,409.0000,0,100
2026-06-15 21:23:31,73,399.0000,0,100
2026-06-15 21:23:33,73,399.0000,0,100
2026-06-15 21:23:35,73,399.0000,0,100
2026-06-15 21:23:37,73,399.0000,0,100
2026-06-15 21:23:39,73,399.0000,0,100
2026-06-15 21:23:41,73,399.0000,0,100
2026-06-15 21:23:43,73,399.0000,0,100
2026-06-15 21:23:45,73,399.0000,0,100
2026-06-15 21:23:47,73,399.0000,0,100
2026-06-15 21:23:49,73,399.0000,0,100
2026-06-15 21:23:51,73,399.0000,0,100
2026-06-15 21:23:53,73,399.0000,0,100
2026-06-15 21:23:55,73,399.0000,0,100
2026-06-15 21:23:57,73,399.0000,0,100
2026-06-15 21:23:59,73,399.0000,0,100
2026-06-15 21:24:01,73,399.0000,0,100
2026-06-15 21:24:03,73,399.0000,0,100
2026-06-15 21:24:05,73,399.0000,0,100
2026-06-15 21:24:07,73,399.0000,0,100
2026-06-15 21:24:09,73,399.0000,0,100
2026-06-15 21:24:11,73,399.0000,0,100
2026-06-15 21:24:13,73,399.0000,0,100
2026-06-15 21:24:15,73,399.0000,0,100
2026-06-15 21:24:17,73,399.0000,0,100
2026-06-15 21:24:19,73,399.0000,0,100
2026-06-15 21:24:21,73,399.0000,0,100
2026-06-15 21:24:23,73,399.0000,0,100
2026-06-15 21:24:25,73,399.0000,0,100
2026-06-15 21:24:27,73,399.0000,0,100
2026-06-15 21:24:29,73,399.0000,0,100
2026-06-15 21:24:31,73,389.0000,0,100
2026-06-15 21:24:33,73,389.0000,0,100
2026-06-15 21:24:35,73,389.0000,0,100
2026-06-15 21:24:37,73,389.0000,0,100
2026-06-15 21:24:39,73,389.0000,0,100
2026-06-15 21:24:41,73,389.0000,0,100
2026-06-15 21:24:43,73,389.0000,0,100
2026-06-15 21:24:45,73,389.0000,0,100
2026-06-15 21:24:47,73,389.0000,0,100
2026-06-15 21:24:49,73,389.0000,0,100
2026-06-15 21:24:51,73,389.0000,0,100
2026-06-15 21:24:53,73,389.0000,0,100
2026-06-15 21:24:55,73,389.0000,0,100
2026-06-15 21:24:57,73,389.0000,0,100
2026-06-15 21:24:59,73,389.0000,0,100
2026-06-15 21:25:01,73,389.0000,0,100
2026-06-15 21:25:03,73,389.0000,0,100
2026-06-15 21:25:05,73,389.0000,0,100
2026-06-15 21:25:07,73,389.0000,0,100
2026-06-15 21:25:09,73,389.0000,0,100
2026-06-15 21:25:11,73,389.0000,0,100
2026-06-15 21:25:13,73,389.0000,0,100
2026-06-15 21:25:15,73,389.0000,0,100
2026-06-15 21:25:17,73,389.0000,0,100
2026-06-15 21:25:19,73,389.0000,0,100
2026-06-15 21:25:21,73,389.0000,0,100
2026-06-15 21:25:23,73,389.0000,0,100
2026-06-15 21:25:25,73,389.0000,0,100
2026-06-15 21:25:27,73,389.0000,0,100
2026-06-15 21:25:29,73,389.0000,0,100
2026-06-15 21:25:31,73,399.0000,0,100
2026-06-15 21:25:33,73,399.0000,0,100
2026-06-15 21:25:35,73,399.0000,0,100
2026-06-15 21:25:37,73,399.0000,0,100
2026-06-15 21:25:39,73,399.0000,0,100
2026-06-15 21:25:41,73,399.0000,0,100
2026-06-15 21:25:43,73,399.0000,0,100
2026-06-15 21:25:45,73,399.0000,0,100
2026-06-15 21:25:47,73,399.0000,0,100
2026-06-15 21:25:49,73,399.0000,0,100
2026-06-15 21:25:51,73,399.0000,0,100
2026-06-15 21:25:53,73,399.0000,0,100
2026-06-15 21:25:55,73,399.0000,0,100
2026-06-15 21:25:57,73,399.0000,0,100
2026-06-15 21:25:59,73,399.0000,0,100
2026-06-15 21:26:01,73,399.0000,0,100
2026-06-15 21:26:03,72,395.0000,0,100
2026-06-15 21:26:05,72,395.0000,0,100
2026-06-15 21:26:07,72,395.0000,0,100
2026-06-15 21:26:09,72,395.0000,0,100
2026-06-15 21:26:11,72,395.0000,0,100
2026-06-15 21:26:13,72,395.0000,0,100
2026-06-15 21:26:15,72,395.0000,0,100
2026-06-15 21:26:17,72,395.0000,0,100
2026-06-15 21:26:19,72,395.0000,0,100
2026-06-15 21:26:21,72,395.0000,0,100
2026-06-15 21:26:23,72,395.0000,0,100
2026-06-15 21:26:25,72,395.0000,0,100
2026-06-15 21:26:27,72,395.0000,0,100
2026-06-15 21:26:29,72,395.0000,0,100
2026-06-15 21:26:31,72,395.0000,0,100
2026-06-15 21:26:33,72,395.0000,0,100
2026-06-15 21:26:35,72,395.0000,0,100
2026-06-15 21:26:37,72,395.0000,0,100
2026-06-15 21:26:39,72,395.0000,0,100
2026-06-15 21:26:41,72,395.0000,0,100
2026-06-15 21:26:43,72,395.0000,0,100
2026-06-15 21:26:45,72,395.0000,0,100
2026-06-15 21:26:47,72,395.0000,0,100
2026-06-15 21:26:49,72,395.0000,0,100
2026-06-15 21:26:51,72,395.0000,0,100
2026-06-15 21:26:53,72,395.0000,0,100
2026-06-15 21:26:55,72,395.0000,0,100
2026-06-15 21:26:57,72,395.0000,0,100
2026-06-15 21:26:59,72,395.0000,0,100
2026-06-15 21:27:01,72,395.0000,0,100
2026-06-15 21:27:03,72,385.0000,0,100
2026-06-15 21:27:05,72,385.0000,0,100
2026-06-15 21:27:07,72,385.0000,0,100
2026-06-15 21:27:09,72,385.0000,0,100
2026-06-15 21:27:11,72,385.0000,0,100
2026-06-15 21:27:13,72,385.0000,0,100
2026-06-15 21:27:15,72,385.0000,0,100
2026-06-15 21:27:17,72,385.0000,0,100
2026-06-15 21:28:41,72,395.0000,0,100
2026-06-15 21:28:43,72,395.0000,0,100
2026-06-15 21:28:45,72,395.0000,0,100
2026-06-15 21:28:47,72,395.0000,0,100
2026-06-15 21:28:49,72,395.0000,0,100
2026-06-15 21:28:51,72,395.0000,0,100
2026-06-15 21:28:53,72,395.0000,0,100
2026-06-15 21:28:55,72,395.0000,0,100
2026-06-15 21:28:57,72,395.0000,0,100
2026-06-15 21:28:59,72,395.0000,0,100
2026-06-15 21:29:01,72,395.0000,0,100
2026-06-15 21:29:03,72,385.0000,0,100
2026-06-15 21:29:05,72,385.0000,0,100
2026-06-15 21:29:07,72,385.0000,0,100
2026-06-15 21:29:09,72,385.0000,0,100
2026-06-15 21:29:11,72,385.0000,0,100
2026-06-15 21:29:13,72,385.0000,0,100
2026-06-15 21:29:15,72,385.0000,0,100
2026-06-15 21:29:17,72,385.0000,0,100
2026-06-15 21:29:19,72,385.0000,0,100
2026-06-15 21:29:21,72,385.0000,0,100
2026-06-15 21:29:23,72,385.0000,0,100
2026-06-15 21:29:25,72,385.0000,0,100
2026-06-15 21:29:27,72,385.0000,0,100
2026-06-15 21:29:29,72,385.0000,0,100
2026-06-15 21:29:31,72,385.0000,0,100
2026-06-15 21:29:33,72,385.0000,0,100
2026-06-15 21:29:35,72,385.0000,0,100
2026-06-15 21:29:37,72,385.0000,0,100
2026-06-15 21:29:39,72,385.0000,0,100
2026-06-15 21:29:41,72,385.0000,0,100
2026-06-15 21:29:43,72,385.0000,0,100
2026-06-15 21:29:45,72,385.0000,0,100
2026-06-15 21:29:51,72,385.0000,0,100
2026-06-15 21:29:53,72,385.0000,0,100
2026-06-15 21:29:55,72,385.0000,0,100
2026-06-15 21:29:57,72,385.0000,0,100
2026-06-15 21:29:59,72,385.0000,0,100
2026-06-15 21:30:01,72,385.0000,0,100
2026-06-15 21:30:03,72,375.0000,0,100
2026-06-15 21:30:05,72,375.0000,0,100
2026-06-15 21:30:11,72,375.0000,0,100
2026-06-15 21:30:13,72,375.0000,0,100
2026-06-15 21:30:15,72,375.0000,0,100
2026-06-15 21:30:17,72,375.0000,0,100
2026-06-15 21:30:19,72,375.0000,0,100
2026-06-15 21:30:26,72,375.0000,0,100
2026-06-15 21:30:28,71,365.0000,0,100
2026-06-15 21:30:30,71,365.0000,0,100
2026-06-15 21:30:32,71,365.0000,0,100
2026-06-15 21:30:34,71,365.0000,0,100
2026-06-15 21:30:36,71,365.0000,0,100
2026-06-15 21:30:38,71,365.0000,0,100
2026-06-15 21:30:40,71,365.0000,0,100
2026-06-15 21:30:42,71,365.0000,0,100
2026-06-15 21:30:44,71,365.0000,0,100
2026-06-15 21:30:46,71,365.0000,0,100
2026-06-15 21:30:52,71,365.0000,0,100
2026-06-15 21:30:54,71,365.0000,0,100
2026-06-15 21:30:56,71,365.0000,0,100
2026-06-15 21:30:58,71,365.0000,0,100
2026-06-15 21:31:00,71,365.0000,0,100
2026-06-15 21:31:06,71,365.0000,0,100
2026-06-15 21:31:08,71,365.0000,0,100
2026-06-15 21:31:10,71,365.0000,0,100
2026-06-15 21:31:12,71,365.0000,0,100
2026-06-15 21:31:14,71,365.0000,0,100
2026-06-15 21:31:16,71,365.0000,0,100
2026-06-15 21:31:18,71,365.0000,0,100
2026-06-15 21:31:20,71,365.0000,0,100
2026-06-15 21:31:22,71,365.0000,0,100
2026-06-15 21:31:24,71,365.0000,0,100
2026-06-15 21:31:26,71,365.0000,0,100
2026-06-15 21:31:28,71,375.0000,0,100
2026-06-15 21:31:30,71,375.0000,0,100
2026-06-15 21:31:32,71,375.0000,0,100
2026-06-15 21:31:34,71,375.0000,0,100
2026-06-15 21:31:36,71,375.0000,0,100
2026-06-15 21:31:38,71,375.0000,0,100
2026-06-15 21:31:40,71,375.0000,0,100
2026-06-15 21:31:42,71,375.0000,0,100
2026-06-15 21:31:44,71,375.0000,0,100
2026-06-15 21:31:46,71,375.0000,0,100
2026-06-15 21:31:48,71,375.0000,0,100
2026-06-15 21:31:50,71,375.0000,0,100
2026-06-15 21:31:52,71,375.0000,0,100
2026-06-15 21:31:54,71,375.0000,0,100
2026-06-15 21:31:56,71,375.0000,0,100
2026-06-15 21:32:02,71,375.0000,0,100
2026-06-15 21:32:04,71,375.0000,0,100
2026-06-15 21:32:06,71,375.0000,0,100
2026-06-15 21:32:08,71,375.0000,0,100
2026-06-15 21:32:10,71,375.0000,0,100
2026-06-15 21:32:12,71,375.0000,0,100
2026-06-15 21:32:14,71,375.0000,0,100
2026-06-15 21:32:16,71,375.0000,0,100
2026-06-15 21:32:18,71,375.0000,0,100
2026-06-15 21:32:20,71,375.0000,0,100
2026-06-15 21:32:22,71,375.0000,0,100
2026-06-15 21:32:24,71,375.0000,0,100
2026-06-15 21:32:26,71,375.0000,0,100
2026-06-15 21:32:28,71,385.0000,0,100
2026-06-15 21:32:30,71,385.0000,0,100
2026-06-15 21:32:32,71,385.0000,0,100
2026-06-15 21:32:38,71,385.0000,0,100
2026-06-15 21:32:40,71,385.0000,0,100
2026-06-15 21:32:42,71,385.0000,0,100
2026-06-15 21:32:44,71,385.0000,0,100
2026-06-15 21:32:46,71,385.0000,0,100
2026-06-15 21:32:51,71,385.0000,0,100
2026-06-15 21:32:53,71,385.0000,0,100
2026-06-15 21:32:55,71,385.0000,0,100
2026-06-15 21:32:57,71,385.0000,0,100
2026-06-15 21:32:59,71,385.0000,0,100
2026-06-15 21:33:01,71,385.0000,0,100
2026-06-15 21:33:03,71,385.0000,0,100
2026-06-15 21:33:05,71,385.0000,0,100
2026-06-15 21:33:07,71,385.0000,0,100
2026-06-15 21:33:09,71,385.0000,0,100
2026-06-15 21:33:11,71,385.0000,0,100
2026-06-15 21:33:13,71,385.0000,0,100
2026-06-15 21:33:15,71,385.0000,0,100
2026-06-15 21:33:17,71,385.0000,0,100
2026-06-15 21:33:19,71,385.0000,0,100
2026-06-15 21:33:21,71,385.0000,0,100
2026-06-15 21:33:23,71,385.0000,0,100
2026-06-15 21:33:25,71,385.0000,0,100
2026-06-15 21:33:27,71,375.0000,0,100
2026-06-15 21:33:29,71,375.0000,0,100
2026-06-15 21:33:31,71,375.0000,0,100
2026-06-15 21:33:33,71,375.0000,0,100
2026-06-15 21:33:35,71,375.0000,0,100
2026-06-15 21:33:37,71,375.0000,0,100
2026-06-15 21:33:39,71,375.0000,0,100
2026-06-15 21:33:41,71,375.0000,0,100
2026-06-15 21:33:43,71,375.0000,0,100
2026-06-15 21:33:45,71,375.0000,0,100
2026-06-15 21:33:47,71,375.0000,0,100
2026-06-15 21:33:49,71,375.0000,0,100
2026-06-15 21:33:51,71,375.0000,0,100
2026-06-15 21:33:53,71,375.0000,0,100
2026-06-15 21:33:59,71,375.0000,0,100
2026-06-15 21:34:01,71,375.0000,0,100
2026-06-15 21:34:03,71,375.0000,0,100
2026-06-15 21:34:05,71,375.0000,0,100
2026-06-15 21:34:07,71,375.0000,0,100
2026-06-15 21:34:09,71,375.0000,0,100
2026-06-15 21:34:11,71,375.0000,0,100
2026-06-15 21:34:13,71,375.0000,0,100
2026-06-15 21:34:15,71,375.0000,0,100
2026-06-15 21:34:17,71,375.0000,0,100
2026-06-15 21:34:19,71,375.0000,0,100
2026-06-15 21:34:21,71,375.0000,0,100
2026-06-15 21:34:23,71,375.0000,0,100
2026-06-15 21:34:25,71,375.0000,0,100
2026-06-15 21:34:27,71,385.0000,0,100
2026-06-15 21:34:33,71,385.0000,0,100
2026-06-15 21:34:35,71,385.0000,0,100
2026-06-15 21:34:37,71,385.0000,0,100
2026-06-15 21:34:39,71,385.0000,0,100
2026-06-15 21:34:41,71,385.0000,0,100
2026-06-15 21:34:43,71,385.0000,0,100
2026-06-15 21:34:45,71,385.0000,0,100
2026-06-15 21:34:47,71,385.0000,0,100
2026-06-15 21:34:49,71,385.0000,0,100
2026-06-15 21:34:51,71,385.0000,0,100
2026-06-15 21:34:53,71,385.0000,0,100
2026-06-15 21:34:55,71,385.0000,0,100
2026-06-15 21:34:57,71,385.0000,0,100
2026-06-15 21:34:59,71,385.0000,0,100
2026-06-15 21:35:01,71,385.0000,0,100
2026-06-15 21:35:03,71,385.0000,0,100
2026-06-15 21:35:05,71,385.0000,0,100
2026-06-15 21:35:07,71,385.0000,0,100
2026-06-15 21:35:09,71,385.0000,0,100
2026-06-15 21:35:11,71,385.0000,0,100
2026-06-15 21:35:17,71,385.0000,0,100
2026-06-15 21:35:19,71,385.0000,0,100
2026-06-15 21:35:21,71,385.0000,0,100
2026-06-15 21:35:23,71,385.0000,0,100
2026-06-15 21:35:25,71,385.0000,0,100
2026-06-15 21:35:27,71,375.0000,0,100
2026-06-15 21:35:29,71,375.0000,0,100
2026-06-15 21:35:35,71,375.0000,0,100
2026-06-15 21:35:37,70,365.0000,0,100
2026-06-15 21:35:39,70,365.0000,0,100
2026-06-15 21:35:41,70,365.0000,0,100
2026-06-15 21:35:43,70,365.0000,0,100
2026-06-15 21:35:45,70,365.0000,0,100
2026-06-15 21:35:47,70,365.0000,0,100
2026-06-15 21:35:49,70,365.0000,0,100
2026-06-15 21:35:51,70,365.0000,0,100
2026-06-15 21:35:53,70,365.0000,0,100
2026-06-15 21:35:55,70,365.0000,0,100
2026-06-15 21:36:01,70,365.0000,0,100
2026-06-15 21:36:03,70,365.0000,0,100
2026-06-15 21:36:05,70,365.0000,0,100
2026-06-15 21:36:07,70,365.0000,0,100
2026-06-15 21:36:09,70,365.0000,0,100
2026-06-15 21:36:11,70,365.0000,0,100
2026-06-15 21:36:13,70,365.0000,0,100
2026-06-15 21:36:15,70,365.0000,0,100
2026-06-15 21:36:17,70,365.0000,0,100
2026-06-15 21:36:19,70,365.0000,0,100
2026-06-15 21:36:24,70,365.0000,0,100
2026-06-15 21:36:26,70,365.0000,0,100
2026-06-15 21:36:28,70,365.0000,0,100
2026-06-15 21:36:30,70,365.0000,0,100
2026-06-15 21:36:32,70,365.0000,0,100
2026-06-15 21:36:34,70,365.0000,0,100
2026-06-15 21:36:36,70,355.0000,0,100
2026-06-15 21:36:38,70,355.0000,0,100
2026-06-15 21:36:40,70,355.0000,0,100
2026-06-15 21:36:42,70,355.0000,0,100
2026-06-15 21:36:44,70,355.0000,0,100
2026-06-15 21:36:46,70,355.0000,0,100
2026-06-15 21:36:48,70,355.0000,0,100
2026-06-15 21:36:50,70,355.0000,0,100
2026-06-15 21:36:52,70,355.0000,0,100
2026-06-15 21:36:54,70,355.0000,0,100
2026-06-15 21:36:56,70,355.0000,0,100
2026-06-15 21:36:58,70,355.0000,0,100
2026-06-15 21:37:00,70,355.0000,0,100
2026-06-15 21:37:02,70,355.0000,0,100
2026-06-15 21:37:04,70,355.0000,0,100
2026-06-15 21:37:06,70,355.0000,0,100
2026-06-15 21:37:08,70,355.0000,0,100
2026-06-15 21:37:10,70,355.0000,0,100
2026-06-15 21:37:12,70,355.0000,0,100
2026-06-15 21:37:14,70,355.0000,0,100
2026-06-15 21:37:16,70,355.0000,0,100
2026-06-15 21:37:18,70,355.0000,0,100
2026-06-15 21:37:20,70,355.0000,0,100
2026-06-15 21:37:22,70,355.0000,0,100
2026-06-15 21:37:24,70,355.0000,0,100
2026-06-15 21:37:26,70,355.0000,0,100
2026-06-15 21:37:32,70,355.0000,0,100
2026-06-15 21:37:34,70,355.0000,0,100
2026-06-15 21:37:36,70,355.0000,0,100
2026-06-15 21:37:38,70,345.0000,0,100
2026-06-15 21:37:40,70,345.0000,0,100
2026-06-15 21:37:42,70,345.0000,0,100
2026-06-15 21:37:44,70,345.0000,0,100
2026-06-15 21:37:46,70,345.0000,0,100
2026-06-15 21:37:48,70,345.0000,0,100
2026-06-15 21:37:50,70,345.0000,0,100
2026-06-15 21:37:52,70,345.0000,0,100
2026-06-15 21:37:54,70,345.0000,0,100
2026-06-15 21:37:56,70,345.0000,0,100
2026-06-15 21:37:58,70,345.0000,0,100
2026-06-15 21:38:00,70,345.0000,0,100
2026-06-15 21:38:02,70,345.0000,0,100
2026-06-15 21:38:04,70,345.0000,0,100
2026-06-15 21:38:06,70,345.0000,0,100
2026-06-15 21:38:08,70,345.0000,0,100
2026-06-15 21:38:10,70,345.0000,0,100
2026-06-15 21:38:12,70,345.0000,0,100
2026-06-15 21:38:17,70,345.0000,0,100
2026-06-15 21:38:19,70,345.0000,0,100
2026-06-15 21:38:21,70,345.0000,0,100
2026-06-15 21:38:23,70,345.0000,0,100
2026-06-15 21:39:11,70,335.0000,0,100
2026-06-15 21:39:13,70,335.0000,0,100
2026-06-15 21:39:15,70,335.0000,0,100
2026-06-15 21:39:17,70,335.0000,0,100
2026-06-15 21:39:19,70,335.0000,0,100
2026-06-15 21:39:21,70,335.0000,0,100
2026-06-15 21:39:23,70,335.0000,0,100
2026-06-15 21:39:25,70,335.0000,0,100
2026-06-15 21:39:27,70,335.0000,0,100
2026-06-15 21:39:29,70,335.0000,0,100
2026-06-15 21:39:31,70,335.0000,0,100
2026-06-15 21:39:33,70,335.0000,0,100
2026-06-15 21:39:35,70,335.0000,0,100
2026-06-15 21:39:37,69,325.0000,0,100
2026-06-15 21:39:39,69,325.0000,0,100
2026-06-15 21:39:41,69,325.0000,0,100
2026-06-15 21:39:43,69,325.0000,0,100
2026-06-15 21:39:45,69,325.0000,0,100
2026-06-15 21:39:47,69,325.0000,0,100
2026-06-15 21:39:49,69,325.0000,0,100
2026-06-15 21:48:05,67,337.0000,0,100
2026-06-15 21:48:07,67,337.0000,0,100
2026-06-15 21:51:43,67,367.0000,0,100
2026-06-15 21:51:45,67,357.0000,0,100
2026-06-15 21:51:47,67,357.0000,0,100
2026-06-15 21:51:49,67,357.0000,0,100
2026-06-15 21:51:51,67,357.0000,0,100
2026-06-15 21:51:57,67,357.0000,0,100
2026-06-15 21:51:59,67,357.0000,0,100
2026-06-15 21:52:01,67,357.0000,0,100
2026-06-15 21:52:29,67,357.0000,0,100
2026-06-15 21:52:31,67,357.0000,0,100
2026-06-15 21:52:33,67,357.0000,0,100
2026-06-15 21:52:35,67,357.0000,0,100
2026-06-15 21:52:37,67,357.0000,0,100
2026-06-15 21:52:39,67,357.0000,0,100
2026-06-15 21:52:41,67,357.0000,0,100
2026-06-15 21:52:43,67,357.0000,0,100
2026-06-15 21:52:45,67,367.0000,0,100
2026-06-15 21:52:47,67,367.0000,0,100
2026-06-15 21:52:49,67,367.0000,0,100
2026-06-15 21:52:51,67,367.0000,0,100
2026-06-15 21:52:53,67,367.0000,0,100
2026-06-15 21:52:55,67,367.0000,0,100
2026-06-15 21:52:57,67,367.0000,0,100
2026-06-15 21:52:59,67,367.0000,0,100
2026-06-15 21:53:01,67,367.0000,0,100
2026-06-15 21:53:03,67,367.0000,0,100
2026-06-15 21:53:05,67,367.0000,0,100
2026-06-15 21:53:07,67,367.0000,0,100
2026-06-15 21:53:09,67,367.0000,0,100
2026-06-15 21:53:11,67,367.0000,0,100
2026-06-15 21:53:13,67,367.0000,0,100
2026-06-15 21:53:15,67,367.0000,0,100
2026-06-15 21:53:17,67,367.0000,0,100
2026-06-15 21:53:19,67,367.0000,0,100
2026-06-15 21:53:21,67,367.0000,0,100
2026-06-15 21:53:23,67,367.0000,0,100
2026-06-15 21:53:25,67,367.0000,0,100
2026-06-15 21:53:27,67,367.0000,0,100
2026-06-15 21:53:29,67,367.0000,0,100
2026-06-15 21:53:31,67,367.0000,0,100
2026-06-15 21:53:33,67,367.0000,0,100
2026-06-15 21:53:35,67,367.0000,0,100
2026-06-15 21:53:37,67,367.0000,0,100
2026-06-15 21:53:39,67,367.0000,0,100
2026-06-15 21:53:41,67,367.0000,0,100
2026-06-15 21:53:43,67,367.0000,0,100
2026-06-15 21:53:45,67,357.0000,0,100
2026-06-15 21:53:47,67,357.0000,0,100
2026-06-15 21:53:49,67,357.0000,0,100
2026-06-15 21:53:51,67,357.0000,0,100
2026-06-15 21:53:53,67,357.0000,0,100
2026-06-15 21:53:59,67,357.0000,0,100
2026-06-15 21:54:01,67,357.0000,0,100
2026-06-15 21:54:03,67,357.0000,0,100
2026-06-15 21:54:05,67,357.0000,0,100
2026-06-15 21:54:07,67,357.0000,0,100
2026-06-15 21:54:09,67,357.0000,0,100
2026-06-15 21:54:11,67,357.0000,0,100
2026-06-15 21:54:13,67,357.0000,0,100
2026-06-15 21:54:15,67,357.0000,0,100
2026-06-15 21:54:17,67,357.0000,0,100
2026-06-15 21:54:19,67,357.0000,0,100
2026-06-15 21:54:21,67,357.0000,0,100
2026-06-15 21:54:23,67,357.0000,0,100
2026-06-15 21:54:25,67,357.0000,0,100
2026-06-15 21:54:27,67,357.0000,0,100
2026-06-15 21:54:29,67,357.0000,0,100
2026-06-15 21:54:31,67,357.0000,0,100
2026-06-15 21:54:33,67,357.0000,0,100
2026-06-15 21:54:35,67,357.0000,0,100
2026-06-15 21:54:37,67,357.0000,0,100
2026-06-15 21:54:39,67,357.0000,0,100
2026-06-15 21:54:41,67,357.0000,0,100
2026-06-15 21:54:43,67,357.0000,0,100
2026-06-15 21:54:45,67,367.0000,0,100
2026-06-15 21:54:47,67,367.0000,0,100
2026-06-15 21:54:49,67,367.0000,0,100
2026-06-15 21:54:51,67,367.0000,0,100
2026-06-15 21:54:53,67,367.0000,0,100
2026-06-15 21:54:55,67,367.0000,0,100
2026-06-15 21:54:57,67,367.0000,0,100
2026-06-15 21:54:59,67,367.0000,0,100
2026-06-15 21:55:01,67,367.0000,0,100
2026-06-15 21:55:03,67,367.0000,0,100
2026-06-15 21:55:05,67,367.0000,0,100
2026-06-15 21:55:07,67,367.0000,0,100
2026-06-15 21:55:09,67,367.0000,0,100
2026-06-15 21:55:11,67,367.0000,0,100
2026-06-15 21:55:13,67,367.0000,0,100
2026-06-15 21:55:15,67,367.0000,0,100
2026-06-15 21:55:17,67,367.0000,0,100
2026-06-15 21:55:19,67,367.0000,0,100
2026-06-15 21:55:21,67,367.0000,0,100
2026-06-15 21:55:23,67,367.0000,0,100
2026-06-15 21:55:25,67,367.0000,0,100
2026-06-15 21:55:27,67,367.0000,0,100
2026-06-15 21:55:29,67,367.0000,0,100
2026-06-15 21:55:31,67,367.0000,0,100
2026-06-15 21:55:33,67,367.0000,0,100
2026-06-15 21:55:35,67,367.0000,0,100
2026-06-15 21:55:37,66,377.0000,0,100
2026-06-15 21:55:39,66,377.0000,0,100
2026-06-15 21:55:41,66,377.0000,0,100
2026-06-15 21:55:43,66,377.0000,0,100
2026-06-15 21:55:45,66,377.0000,0,100
2026-06-15 21:56:57,66,387.0000,0,100
2026-06-15 21:56:59,66,387.0000,0,100
2026-06-15 21:57:01,66,387.0000,0,100
2026-06-15 21:57:03,66,387.0000,0,100
2026-06-15 21:57:05,66,387.0000,0,100
2026-06-15 21:57:07,66,387.0000,0,100
2026-06-15 21:57:09,66,387.0000,0,100
2026-06-15 21:57:11,66,387.0000,0,100
2026-06-15 21:57:13,66,387.0000,0,100
2026-06-15 21:57:15,66,387.0000,0,100
2026-06-15 21:57:17,66,387.0000,0,100
2026-06-15 21:57:19,66,387.0000,0,100
2026-06-15 21:57:21,66,387.0000,0,100
2026-06-15 21:57:23,66,387.0000,0,100
2026-06-15 21:57:25,66,387.0000,0,100
2026-06-15 21:57:27,66,387.0000,0,100
2026-06-15 21:57:29,66,387.0000,0,100
2026-06-15 21:57:31,66,387.0000,0,100
2026-06-15 21:57:33,66,387.0000,0,100
2026-06-15 21:57:35,66,387.0000,0,100
2026-06-15 21:57:37,66,380.0000,0,100
2026-06-15 21:57:39,66,380.0000,0,100
2026-06-15 21:57:41,66,380.0000,0,100
2026-06-15 21:57:43,66,380.0000,0,100
2026-06-15 21:57:45,66,380.0000,0,100
2026-06-15 21:57:47,66,380.0000,0,100
2026-06-15 21:57:49,66,380.0000,0,100
2026-06-15 21:57:51,66,380.0000,0,100
2026-06-15 21:57:53,66,380.0000,0,100
2026-06-15 21:57:55,66,380.0000,0,100
2026-06-15 21:57:57,66,380.0000,0,100
2026-06-15 21:57:59,66,380.0000,0,100
2026-06-15 21:58:01,66,380.0000,0,100
2026-06-15 21:58:03,66,380.0000,0,100
2026-06-15 21:58:05,66,380.0000,0,100
2026-06-15 21:58:11,66,380.0000,0,100
2026-06-15 21:58:13,66,380.0000,0,100
2026-06-15 21:58:15,66,380.0000,0,100
2026-06-15 21:58:17,66,380.0000,0,100
2026-06-15 21:58:19,66,380.0000,0,100
2026-06-15 21:58:26,66,380.0000,0,100
2026-06-15 21:58:28,66,380.0000,0,100
2026-06-15 21:58:30,66,380.0000,0,100
2026-06-15 21:58:32,66,380.0000,0,100
2026-06-15 21:58:34,66,380.0000,0,100
2026-06-15 21:58:39,66,370.0000,0,100
2026-06-15 21:58:41,66,370.0000,0,100
2026-06-15 21:58:43,66,370.0000,0,100
2026-06-15 21:58:45,66,370.0000,0,100
2026-06-15 21:58:47,66,370.0000,0,100
2026-06-15 21:58:49,66,370.0000,0,100
2026-06-15 21:58:51,66,370.0000,0,100
2026-06-15 21:58:56,66,370.0000,0,100
2026-06-15 21:58:58,66,370.0000,0,100
2026-06-15 21:59:00,66,370.0000,0,100
2026-06-15 21:59:02,66,370.0000,0,100
2026-06-15 21:59:04,66,370.0000,0,100
2026-06-15 21:59:06,66,370.0000,0,100
2026-06-15 21:59:08,66,370.0000,0,100
2026-06-15 21:59:10,66,370.0000,0,100
2026-06-15 21:59:12,66,370.0000,0,100
2026-06-15 21:59:14,66,370.0000,0,100
2026-06-15 21:59:16,66,370.0000,0,100
2026-06-15 21:59:18,66,370.0000,0,100
2026-06-15 21:59:20,66,370.0000,0,100
2026-06-15 21:59:22,66,370.0000,0,100
2026-06-15 21:59:24,66,370.0000,0,100
2026-06-15 21:59:26,66,370.0000,0,100
2026-06-15 21:59:28,66,370.0000,0,100
2026-06-15 21:59:30,66,370.0000,0,100
2026-06-15 21:59:32,66,370.0000,0,100
2026-06-15 21:59:34,66,370.0000,0,100
2026-06-15 21:59:36,66,380.0000,0,100
2026-06-15 21:59:38,66,380.0000,0,100
2026-06-15 21:59:40,66,380.0000,0,100
2026-06-15 21:59:42,66,380.0000,0,100
2026-06-15 21:59:44,66,380.0000,0,100
2026-06-15 21:59:46,66,380.0000,0,100
2026-06-15 21:59:48,66,380.0000,0,100
2026-06-15 21:59:50,66,380.0000,0,100
2026-06-15 21:59:52,66,380.0000,0,100
2026-06-15 21:59:54,66,380.0000,0,100
2026-06-15 21:59:56,66,380.0000,0,100
2026-06-15 21:59:58,66,380.0000,0,100
2026-06-15 22:00:00,66,380.0000,0,100
2026-06-15 22:00:02,66,380.0000,0,100
2026-06-15 22:00:08,66,380.0000,0,100
2026-06-15 22:00:10,65,370.0000,0,100
2026-06-15 22:00:12,65,370.0000,0,100
2026-06-15 22:00:14,65,370.0000,0,100
2026-06-15 22:00:16,65,370.0000,0,100
2026-06-15 22:00:18,65,370.0000,0,100
2026-06-15 22:00:20,65,370.0000,0,100
2026-06-15 22:00:22,65,370.0000,0,100
2026-06-15 22:00:24,65,370.0000,0,100
2026-06-15 22:00:26,65,370.0000,0,100
2026-06-15 22:00:28,65,370.0000,0,100
2026-06-15 22:00:30,65,370.0000,0,100
2026-06-15 22:00:32,65,370.0000,0,100
2026-06-15 22:00:34,65,370.0000,0,100
2026-06-15 22:00:36,65,370.0000,0,100
2026-06-15 22:00:38,65,370.0000,0,100
2026-06-15 22:00:40,65,370.0000,0,100
2026-06-15 22:00:42,65,370.0000,0,100
2026-06-15 22:00:44,65,370.0000,0,100
2026-06-15 22:00:46,65,370.0000,0,100
2026-06-15 22:00:48,65,370.0000,0,100
2026-06-15 22:00:50,65,370.0000,0,100
2026-06-15 22:00:52,65,370.0000,0,100
2026-06-15 22:00:54,65,370.0000,0,100
2026-06-15 22:00:56,65,370.0000,0,100
2026-06-15 22:00:58,65,370.0000,0,100
2026-06-15 22:01:00,65,370.0000,0,100
2026-06-15 22:01:02,65,370.0000,0,100
2026-06-15 22:01:04,65,370.0000,0,100
2026-06-15 22:01:06,65,370.0000,0,100
2026-06-15 22:01:08,65,370.0000,0,100
2026-06-15 22:01:10,65,380.0000,0,100
2026-06-15 22:01:12,65,380.0000,0,100
2026-06-15 22:01:14,65,380.0000,0,100
2026-06-15 22:01:16,65,380.0000,0,100
2026-06-15 22:01:18,65,380.0000,0,100
2026-06-15 22:01:24,65,380.0000,0,100
2026-06-15 22:01:26,65,380.0000,0,100
2026-06-15 22:01:28,65,380.0000,0,100
2026-06-15 22:01:30,65,380.0000,0,100
2026-06-15 22:01:32,65,380.0000,0,100
2026-06-15 22:01:34,65,380.0000,0,100
2026-06-15 22:01:36,65,380.0000,0,100
2026-06-15 22:01:38,65,380.0000,0,100
2026-06-15 22:01:40,65,380.0000,0,100
2026-06-15 22:01:42,65,380.0000,0,100
2026-06-15 22:01:44,65,380.0000,0,100
2026-06-15 22:01:46,65,380.0000,0,100
2026-06-15 22:01:48,65,380.0000,0,100
2026-06-15 22:01:50,65,380.0000,0,100
2026-06-15 22:01:52,65,380.0000,0,100
2026-06-15 22:01:54,65,380.0000,0,100
2026-06-15 22:01:56,65,380.0000,0,100
2026-06-15 22:01:58,65,380.0000,0,100
2026-06-15 22:02:00,65,380.0000,0,100
2026-06-15 22:02:02,65,380.0000,0,100
2026-06-15 22:02:04,65,380.0000,0,100
2026-06-15 22:02:06,65,380.0000,0,100
2026-06-15 22:02:08,65,380.0000,0,100
2026-06-15 22:02:10,65,370.0000,0,100
2026-06-15 22:02:12,65,370.0000,0,100
2026-06-15 22:02:14,65,370.0000,0,100
2026-06-15 22:02:16,65,370.0000,0,100
2026-06-15 22:02:18,65,370.0000,0,100
2026-06-15 22:02:20,65,370.0000,0,100
2026-06-15 22:02:22,65,370.0000,0,100
2026-06-15 22:02:24,65,370.0000,0,100
2026-06-15 22:02:26,65,370.0000,0,100
2026-06-15 22:02:28,65,370.0000,0,100
2026-06-15 22:02:30,65,370.0000,0,100
2026-06-15 22:02:32,65,370.0000,0,100
2026-06-15 22:02:34,65,370.0000,0,100
2026-06-15 22:02:36,65,370.0000,0,100
2026-06-15 22:02:38,65,370.0000,0,100
2026-06-15 22:02:40,65,370.0000,0,100
2026-06-15 22:02:42,65,370.0000,0,100
2026-06-15 22:02:44,65,370.0000,0,100
2026-06-15 22:02:46,65,370.0000,0,100
2026-06-15 22:02:48,65,370.0000,0,100
2026-06-15 22:02:50,65,370.0000,0,100
2026-06-15 22:02:52,65,370.0000,0,100
2026-06-15 22:02:54,65,370.0000,0,100
2026-06-15 22:02:56,65,370.0000,0,100
2026-06-15 22:02:58,65,370.0000,0,100
2026-06-15 22:03:00,65,370.0000,0,100
2026-06-15 22:03:02,65,370.0000,0,100
2026-06-15 22:03:04,65,370.0000,0,100
2026-06-15 22:03:10,65,380.0000,0,100
2026-06-15 22:03:12,65,380.0000,0,100
2026-06-15 22:03:14,65,380.0000,0,100
2026-06-15 22:03:16,65,380.0000,0,100
2026-06-15 22:03:18,65,380.0000,0,100
2026-06-15 22:03:20,65,380.0000,0,100
2026-06-15 22:03:22,65,380.0000,0,100
2026-06-15 22:03:24,65,380.0000,0,100
2026-06-15 22:03:26,65,380.0000,0,100
2026-06-15 22:03:28,65,380.0000,0,100
2026-06-15 22:03:32,65,380.0000,0,100
2026-06-15 22:03:34,65,380.0000,0,100
2026-06-15 22:03:36,65,380.0000,0,100
2026-06-15 22:03:38,65,380.0000,0,100
2026-06-15 22:03:40,65,380.0000,0,100
2026-06-15 22:03:42,65,380.0000,0,100
2026-06-15 22:03:44,65,380.0000,0,100
2026-06-15 22:03:46,65,380.0000,0,100
2026-06-15 22:03:48,65,380.0000,0,100
2026-06-15 22:03:50,65,380.0000,0,100
2026-06-15 22:03:52,65,380.0000,0,100
2026-06-15 22:03:54,65,380.0000,0,100
2026-06-15 22:03:56,65,380.0000,0,100
2026-06-15 22:03:58,65,380.0000,0,100
2026-06-15 22:04:00,65,380.0000,0,100
2026-06-15 22:04:02,65,380.0000,0,100
2026-06-15 22:04:04,65,380.0000,0,100
2026-06-15 22:04:06,65,380.0000,0,100
2026-06-15 22:04:08,65,380.0000,0,100
2026-06-15 22:04:10,65,370.0000,0,100
2026-06-15 22:04:12,65,370.0000,0,100
2026-06-15 22:04:14,65,370.0000,0,100
2026-06-15 22:04:16,65,370.0000,0,100
2026-06-15 22:04:18,65,370.0000,0,100
2026-06-15 22:04:20,65,370.0000,0,100
2026-06-15 22:04:22,65,370.0000,0,100
2026-06-15 22:04:24,65,370.0000,0,100
2026-06-15 22:04:26,65,370.0000,0,100
2026-06-15 22:04:28,65,370.0000,0,100
2026-06-15 22:04:30,65,370.0000,0,100
2026-06-15 22:04:32,65,370.0000,0,100
2026-06-15 22:04:34,65,370.0000,0,100
2026-06-15 22:04:36,65,370.0000,0,100
2026-06-15 22:04:38,65,370.0000,0,100
2026-06-15 22:04:40,65,370.0000,0,100
2026-06-15 22:04:42,65,370.0000,0,100
2026-06-15 22:04:44,65,370.0000,0,100
2026-06-15 22:04:46,65,370.0000,0,100
2026-06-15 22:04:48,65,370.0000,0,100
2026-06-15 22:04:50,65,370.0000,0,100
2026-06-15 22:04:52,65,370.0000,0,100
2026-06-15 22:04:54,65,370.0000,0,100
2026-06-15 22:04:56,65,370.0000,0,100
2026-06-15 22:04:58,65,370.0000,0,100
2026-06-15 22:05:00,65,370.0000,0,100
2026-06-15 22:05:02,65,370.0000,0,100
2026-06-15 22:05:04,65,370.0000,0,100
2026-06-15 22:05:06,65,370.0000,0,100
2026-06-15 22:05:08,65,370.0000,0,100
2026-06-15 22:05:10,65,372.0000,0,100
2026-06-15 22:05:12,65,372.0000,0,100
2026-06-15 22:05:14,65,372.0000,0,100
2026-06-15 22:05:16,65,372.0000,0,100
2026-06-15 22:05:18,65,372.0000,0,100
2026-06-15 22:05:20,65,372.0000,0,100
2026-06-15 22:05:22,65,372.0000,0,100
2026-06-15 22:05:24,65,372.0000,0,100
2026-06-15 22:05:26,65,372.0000,0,100
2026-06-15 22:05:28,65,372.0000,0,100
2026-06-15 22:05:30,65,372.0000,0,100
2026-06-15 22:05:32,65,372.0000,0,100
2026-06-15 22:05:34,65,372.0000,0,100
2026-06-15 22:05:36,65,372.0000,0,100
2026-06-15 22:05:38,65,372.0000,0,100
2026-06-15 22:05:40,65,372.0000,0,100
2026-06-15 22:05:42,65,372.0000,0,100
2026-06-15 22:05:44,65,372.0000,0,100
2026-06-15 22:05:46,65,372.0000,0,100
2026-06-15 22:05:48,65,372.0000,0,100
2026-06-15 22:05:50,65,372.0000,0,100
2026-06-15 22:05:52,65,372.0000,0,100
2026-06-15 22:05:54,65,372.0000,0,100
2026-06-15 22:05:56,65,372.0000,0,100
2026-06-15 22:05:58,65,372.0000,0,100
2026-06-15 22:06:00,65,372.0000,0,100
2026-06-15 22:06:02,65,372.0000,0,100
2026-06-15 22:06:04,65,372.0000,0,100
2026-06-15 22:06:06,65,372.0000,0,100
2026-06-15 22:06:08,65,372.0000,0,100
2026-06-15 22:06:10,65,362.0000,0,100
2026-06-15 22:06:12,65,362.0000,0,100
2026-06-15 22:06:14,65,362.0000,0,100
2026-06-15 22:06:16,65,362.0000,0,100
2026-06-15 22:06:18,65,362.0000,0,100
2026-06-15 22:06:20,65,362.0000,0,100
2026-06-15 22:06:22,65,362.0000,0,100
2026-06-15 22:06:24,65,362.0000,0,100
2026-06-15 22:06:26,65,362.0000,0,100
2026-06-15 22:06:28,65,362.0000,0,100
2026-06-15 22:06:30,64,372.0000,0,100
2026-06-15 22:06:32,64,372.0000,0,100
2026-06-15 22:06:34,64,372.0000,0,100
2026-06-15 22:06:36,64,372.0000,0,100
2026-06-15 22:06:38,64,372.0000,0,100
2026-06-15 22:06:40,64,372.0000,0,100
2026-06-15 22:06:42,64,372.0000,0,100
2026-06-15 22:06:44,64,372.0000,0,100
2026-06-15 22:06:46,64,372.0000,0,100
2026-06-15 22:06:48,64,372.0000,0,100
2026-06-15 22:06:50,64,372.0000,0,100
2026-06-15 22:06:52,64,372.0000,0,100
2026-06-15 22:06:54,64,372.0000,0,100
2026-06-15 22:06:56,64,372.0000,0,100
2026-06-15 22:06:58,64,372.0000,0,100
2026-06-15 22:07:00,64,372.0000,0,100
2026-06-15 22:07:02,64,372.0000,0,100
2026-06-15 22:07:04,64,372.0000,0,100
2026-06-15 22:07:06,64,372.0000,0,100
2026-06-15 22:07:08,64,372.0000,0,100
2026-06-15 22:07:10,64,372.0000,0,100
2026-06-15 22:07:12,64,372.0000,0,100
2026-06-15 22:07:14,64,372.0000,0,100
2026-06-15 22:07:16,64,372.0000,0,100
2026-06-15 22:07:18,64,372.0000,0,100
2026-06-15 22:07:20,64,372.0000,0,100
2026-06-15 22:07:22,64,372.0000,0,100
2026-06-15 22:07:24,64,372.0000,0,100
2026-06-15 22:07:26,64,372.0000,0,100
2026-06-15 22:07:28,64,372.0000,0,100
2026-06-15 22:07:30,64,382.0000,0,100
2026-06-15 22:07:32,64,382.0000,0,100
2026-06-15 22:07:34,64,382.0000,0,100
2026-06-15 22:07:36,64,382.0000,0,100
2026-06-15 22:07:38,64,382.0000,0,100
2026-06-15 22:07:40,64,382.0000,0,100
2026-06-15 22:07:42,64,382.0000,0,100
2026-06-15 22:07:44,64,382.0000,0,100
2026-06-15 22:07:46,64,382.0000,0,100
2026-06-15 22:07:48,64,382.0000,0,100
2026-06-15 22:07:50,64,382.0000,0,100
2026-06-15 22:07:52,64,382.0000,0,100
2026-06-15 22:07:54,64,382.0000,0,100
2026-06-15 22:07:56,64,382.0000,0,100
2026-06-15 22:07:58,64,382.0000,0,100
2026-06-15 22:08:00,64,382.0000,0,100
2026-06-15 22:08:02,64,382.0000,0,100
2026-06-15 22:08:04,64,382.0000,0,100
2026-06-15 22:08:06,64,382.0000,0,100
2026-06-15 22:08:08,64,382.0000,0,100
2026-06-15 22:08:10,64,382.0000,0,100
2026-06-15 22:08:12,64,382.0000,0,100
2026-06-15 22:08:14,64,382.0000,0,100
2026-06-15 22:08:16,64,382.0000,0,100
2026-06-15 22:08:18,64,382.0000,0,100
2026-06-15 22:08:20,64,382.0000,0,100
2026-06-15 22:08:22,64,382.0000,0,100
2026-06-15 22:08:24,64,382.0000,0,100
2026-06-15 22:08:26,64,382.0000,0,100
2026-06-15 22:08:28,64,382.0000,0,100
2026-06-15 22:08:30,64,372.0000,0,100
2026-06-15 22:08:32,64,372.0000,0,100
2026-06-15 22:08:34,64,372.0000,0,100
2026-06-15 22:08:36,64,372.0000,0,100
2026-06-15 22:08:38,64,372.0000,0,100
2026-06-15 22:08:40,64,372.0000,0,100
2026-06-15 22:08:42,64,372.0000,0,100
2026-06-15 22:08:44,64,372.0000,0,100
2026-06-15 22:08:46,64,372.0000,0,100
2026-06-15 22:08:48,64,372.0000,0,100
2026-06-15 22:08:50,64,372.0000,0,100
2026-06-15 22:08:52,64,372.0000,0,100
2026-06-15 22:08:54,64,372.0000,0,100
2026-06-15 22:08:56,64,372.0000,0,100
2026-06-15 22:08:58,64,372.0000,0,100
2026-06-15 22:09:00,64,372.0000,0,100
2026-06-15 22:09:02,64,372.0000,0,100
2026-06-15 22:09:04,64,372.0000,0,100
2026-06-15 22:09:06,64,372.0000,0,100
2026-06-15 22:09:08,64,372.0000,0,100
2026-06-15 22:09:10,64,372.0000,0,100
2026-06-15 22:09:12,64,372.0000,0,100
2026-06-15 22:09:14,64,372.0000,0,100
2026-06-15 22:09:16,64,372.0000,0,100
2026-06-15 22:09:18,64,372.0000,0,100
2026-06-15 22:09:20,64,372.0000,0,100
2026-06-15 22:09:22,64,372.0000,0,100
2026-06-15 22:09:24,64,372.0000,0,100
2026-06-15 22:09:26,64,372.0000,0,100
2026-06-15 22:09:28,64,372.0000,0,100
2026-06-15 22:09:30,64,382.0000,0,100
2026-06-15 22:09:32,64,382.0000,0,100
2026-06-15 22:09:34,64,382.0000,0,100
2026-06-15 22:09:36,64,382.0000,0,100
2026-06-15 22:09:38,64,382.0000,0,100
2026-06-15 22:09:40,64,382.0000,0,100
2026-06-15 22:09:42,64,382.0000,0,100
2026-06-15 22:09:44,64,382.0000,0,100
2026-06-15 22:09:46,64,382.0000,0,100
2026-06-15 22:09:48,64,382.0000,0,100
2026-06-15 22:09:50,64,382.0000,0,100
2026-06-15 22:09:52,64,382.0000,0,100
2026-06-15 22:09:54,64,382.0000,0,100
2026-06-15 22:09:56,64,382.0000,0,100
2026-06-15 22:09:58,64,382.0000,0,100
2026-06-15 22:10:00,64,382.0000,0,100
2026-06-15 22:11:01,64,372.0000,0,100
2026-06-15 22:11:03,64,372.0000,0,100
