timestamp,totalGB,usedGB,cachedGB,availableGB
2026-06-14 13:40:09,24.0000,13.9303,9.3987,10.0697
2026-06-14 13:40:11,24.0000,13.9492,9.4368,10.0508
2026-06-14 13:40:13,24.0000,13.9307,9.4503,10.0693
2026-06-14 13:40:15,24.0000,13.9214,9.4454,10.0786
2026-06-14 13:40:17,24.0000,13.7647,9.3370,10.2353
2026-06-14 13:40:19,24.0000,13.7597,9.3734,10.2403
2026-06-14 13:40:21,24.0000,13.7401,9.3579,10.2599
2026-06-14 13:40:23,24.0000,13.7291,9.3578,10.2709
2026-06-14 13:40:25,24.0000,13.7226,9.3546,10.2774
2026-06-14 13:40:27,24.0000,13.7174,9.3522,10.2826
2026-06-14 13:40:29,24.0000,13.7004,9.3457,10.2996
2026-06-14 13:40:31,24.0000,13.6942,9.3419,10.3058
2026-06-14 13:40:33,24.0000,13.6933,9.3418,10.3067
2026-06-14 13:40:35,24.0000,13.6931,9.3415,10.3069
2026-06-14 13:40:37,24.0000,13.6969,9.3058,10.3031
2026-06-14 14:04:51,24.0000,14.4035,9.6286,9.5965
2026-06-14 14:04:53,24.0000,14.4802,9.6424,9.5198
2026-06-14 14:04:55,24.0000,14.4405,9.6497,9.5595
2026-06-14 14:04:57,24.0000,14.4240,9.6550,9.5760
2026-06-14 14:04:59,24.0000,14.2976,9.5922,9.7024
2026-06-14 14:05:01,24.0000,14.2792,9.5874,9.7208
2026-06-14 14:05:03,24.0000,14.2623,9.5829,9.7377
2026-06-14 14:05:05,24.0000,14.2433,9.5829,9.7567
2026-06-14 14:05:07,24.0000,14.2369,9.5811,9.7631
2026-06-14 14:05:09,24.0000,14.1977,9.5671,9.8023
2026-06-14 14:05:11,24.0000,14.1519,9.5642,9.8481
2026-06-14 14:05:13,24.0000,14.2025,9.5651,9.7975
2026-06-14 14:05:15,24.0000,14.1847,9.5689,9.8153
2026-06-14 14:05:17,24.0000,14.1748,9.5688,9.8252
2026-06-14 14:05:19,24.0000,14.1686,9.5687,9.8314
2026-06-14 14:05:21,24.0000,14.1723,9.5686,9.8277
2026-06-14 14:05:23,24.0000,14.1621,9.5678,9.8379
2026-06-14 14:05:25,24.0000,14.1614,9.5677,9.8386
2026-06-14 14:05:27,24.0000,14.2039,9.5639,9.7961
2026-06-14 14:05:29,24.0000,14.2179,9.5637,9.7821
2026-06-14 14:05:31,24.0000,14.2178,9.5636,9.7822
2026-06-14 14:05:33,24.0000,14.2069,9.5622,9.7931
2026-06-14 14:05:35,24.0000,14.1903,9.5605,9.8097
2026-06-14 14:05:37,24.0000,14.1897,9.5594,9.8103
2026-06-14 14:05:39,24.0000,14.1802,9.5594,9.8198
2026-06-14 14:05:41,24.0000,14.1428,9.5482,9.8572
2026-06-14 14:05:43,24.0000,14.1429,9.5483,9.8571
2026-06-14 14:05:45,24.0000,14.1424,9.5484,9.8576
2026-06-14 14:05:47,24.0000,14.1530,9.5489,9.8470
2026-06-14 14:05:49,24.0000,14.1123,9.5472,9.8877
2026-06-14 14:05:51,24.0000,14.1120,9.5473,9.8880
2026-06-14 14:05:53,24.0000,14.1639,9.5475,9.8361
2026-06-14 14:05:55,24.0000,14.1697,9.5713,9.8303
2026-06-14 14:05:57,24.0000,14.1678,9.5713,9.8322
2026-06-14 14:05:59,24.0000,14.1908,9.5700,9.8092
2026-06-14 14:06:01,24.0000,14.2010,9.5698,9.7990
2026-06-14 14:06:03,24.0000,14.1902,9.5696,9.8098
2026-06-14 14:06:05,24.0000,14.1757,9.5695,9.8243
2026-06-14 14:06:07,24.0000,14.1682,9.5696,9.8318
2026-06-14 14:06:09,24.0000,14.1745,9.5455,9.8255
2026-06-14 14:06:11,24.0000,14.1390,9.5461,9.8610
2026-06-14 14:06:13,24.0000,14.1695,9.5460,9.8305
2026-06-14 14:06:15,24.0000,14.1703,9.5461,9.8297
2026-06-14 14:06:17,24.0000,14.1747,9.5463,9.8253
2026-06-14 14:06:19,24.0000,14.2164,9.5465,9.7836
2026-06-14 14:06:21,24.0000,14.1953,9.5506,9.8047
2026-06-14 14:06:23,24.0000,14.1594,9.5904,9.8406
2026-06-14 14:06:25,24.0000,14.2180,9.5467,9.7820
2026-06-14 14:06:27,24.0000,14.2306,9.5545,9.7694
2026-06-14 14:06:29,24.0000,14.2315,9.5558,9.7685
2026-06-14 14:06:31,24.0000,14.2480,9.5548,9.7520
2026-06-14 14:06:33,24.0000,14.2617,9.5550,9.7383
2026-06-14 14:06:35,24.0000,14.2826,9.5590,9.7174
2026-06-14 14:06:37,24.0000,14.2646,9.5617,9.7354
2026-06-14 14:06:39,24.0000,14.2615,9.5593,9.7385
2026-06-14 14:06:41,24.0000,14.2205,9.5957,9.7795
2026-06-14 14:06:43,24.0000,14.2398,9.5652,9.7602
2026-06-14 14:06:45,24.0000,14.2382,9.5642,9.7618
2026-06-14 14:06:47,24.0000,14.2344,9.6026,9.7656
2026-06-14 14:06:49,24.0000,14.2439,9.5662,9.7561
2026-06-14 14:06:51,24.0000,14.2339,9.5678,9.7661
2026-06-14 14:06:53,24.0000,14.2198,9.5996,9.7802
2026-06-14 14:06:55,24.0000,14.2113,9.5983,9.7887
2026-06-14 14:06:57,24.0000,14.2638,9.5968,9.7362
2026-06-14 14:06:59,24.0000,14.2219,9.6034,9.7781
2026-06-14 14:07:01,24.0000,14.2121,9.6034,9.7879
2026-06-14 14:07:03,24.0000,14.2045,9.6034,9.7955
2026-06-14 14:07:05,24.0000,14.2010,9.6034,9.7990
2026-06-14 14:07:07,24.0000,14.2346,9.5719,9.7654
2026-06-14 14:07:09,24.0000,14.2243,9.5703,9.7757
2026-06-14 14:07:11,24.0000,14.2126,9.5876,9.7874
2026-06-14 14:07:13,24.0000,14.2245,9.5709,9.7755
2026-06-14 14:07:15,24.0000,14.2014,9.5918,9.7986
2026-06-14 14:07:17,24.0000,14.1930,9.5966,9.8070
2026-06-14 14:07:19,24.0000,14.2258,9.5708,9.7742
2026-06-14 14:07:21,24.0000,14.2246,9.5707,9.7754
2026-06-14 14:07:23,24.0000,14.2246,9.5707,9.7754
2026-06-14 14:07:29,24.0000,14.4402,9.6477,9.5598
2026-06-14 14:07:31,24.0000,14.4852,9.6860,9.5148
2026-06-14 14:07:33,24.0000,14.4590,9.6820,9.5410
2026-06-14 14:07:35,24.0000,14.5113,9.6635,9.4887
2026-06-14 14:07:37,24.0000,14.3138,9.5758,9.6862
2026-06-14 14:07:39,24.0000,14.3287,9.6141,9.6713
2026-06-14 14:07:41,24.0000,14.3703,9.6364,9.6297
2026-06-14 14:07:43,24.0000,14.3360,9.6617,9.6640
2026-06-14 14:07:45,24.0000,14.3282,9.6351,9.6718
2026-06-14 14:07:47,24.0000,14.3037,9.6349,9.6963
2026-06-14 14:07:49,24.0000,14.2899,9.6312,9.7101
2026-06-14 14:07:51,24.0000,14.2902,9.6311,9.7098
2026-06-14 14:07:53,24.0000,14.2901,9.6310,9.7099
2026-06-14 14:07:55,24.0000,14.2891,9.6245,9.7109
2026-06-14 14:07:57,24.0000,14.2905,9.6220,9.7095
2026-06-14 14:07:59,24.0000,14.2419,9.5879,9.7581
2026-06-14 14:08:01,24.0000,14.2014,9.5872,9.7986
2026-06-14 14:08:03,24.0000,14.1999,9.5824,9.8001
2026-06-14 14:08:05,24.0000,14.1599,9.5802,9.8401
2026-06-14 14:08:07,24.0000,14.1559,9.5802,9.8441
2026-06-14 14:08:11,24.0000,14.4187,9.6487,9.5813
2026-06-14 14:08:13,24.0000,14.4092,9.6764,9.5908
2026-06-14 14:08:15,24.0000,14.3874,9.6740,9.6126
2026-06-14 14:08:17,24.0000,14.3831,9.6735,9.6169
2026-06-14 14:08:19,24.0000,14.2143,9.5668,9.7857
2026-06-14 14:08:21,24.0000,14.2613,9.5493,9.7387
2026-06-14 14:08:23,24.0000,14.2267,9.6143,9.7733
2026-06-14 14:08:25,24.0000,14.1974,9.6116,9.8026
2026-06-14 14:08:27,24.0000,14.1951,9.6071,9.8049
2026-06-14 14:08:29,24.0000,14.1821,9.6015,9.8179
2026-06-14 14:08:31,24.0000,14.1650,9.5980,9.8350
2026-06-14 14:08:33,24.0000,14.1575,9.5965,9.8425
2026-06-14 14:08:35,24.0000,14.1575,9.5964,9.8425
2026-06-14 14:08:37,24.0000,14.1536,9.5964,9.8464
2026-06-14 14:08:39,24.0000,14.1536,9.5965,9.8464
2026-06-14 14:08:41,24.0000,14.1719,9.5658,9.8281
2026-06-14 14:16:03,24.0000,14.2987,9.6609,9.7013
2026-06-14 14:16:05,24.0000,14.2966,9.6732,9.7034
2026-06-14 14:16:07,24.0000,14.2777,9.6711,9.7223
2026-06-14 14:16:09,24.0000,14.2744,9.6705,9.7256
2026-06-14 14:16:11,24.0000,14.1429,9.6081,9.8571
2026-06-14 14:16:13,24.0000,14.1216,9.6092,9.8784
2026-06-14 14:16:15,24.0000,14.1963,9.5780,9.8037
2026-06-14 14:16:17,24.0000,14.1876,9.6127,9.8124
2026-06-14 14:16:19,24.0000,14.1766,9.6126,9.8234
2026-06-14 14:16:21,24.0000,14.1634,9.6119,9.8366
2026-06-14 14:16:23,24.0000,14.1440,9.6113,9.8560
2026-06-14 14:16:25,24.0000,14.1241,9.6181,9.8759
2026-06-14 14:16:27,24.0000,14.1160,9.6089,9.8840
2026-06-14 14:16:31,24.0000,14.3326,9.6982,9.6674
2026-06-14 14:16:33,24.0000,14.3239,9.6955,9.6761
2026-06-14 14:16:35,24.0000,14.3023,9.6941,9.6977
2026-06-14 14:16:37,24.0000,14.2957,9.6938,9.7043
2026-06-14 14:16:39,24.0000,14.1487,9.6238,9.8513
2026-06-14 14:16:41,24.0000,14.1266,9.6203,9.8734
2026-06-14 14:16:43,24.0000,14.1158,9.6176,9.8842
2026-06-14 14:16:45,24.0000,14.1288,9.5853,9.8712
2026-06-14 14:16:47,24.0000,14.1869,9.6077,9.8131
2026-06-14 14:16:49,24.0000,14.1754,9.6084,9.8246
2026-06-14 14:16:51,24.0000,14.3679,9.6225,9.6321
2026-06-14 14:16:53,24.0000,14.3847,9.7897,9.6153
2026-06-14 14:16:55,24.0000,14.3338,9.7896,9.6662
2026-06-14 14:16:57,24.0000,14.2913,9.7873,9.7087
2026-06-14 14:17:21,24.0000,14.7531,9.7020,9.2469
2026-06-14 14:17:23,24.0000,14.7522,9.7668,9.2478
2026-06-14 14:17:25,24.0000,14.5339,9.8763,9.4661
2026-06-14 14:17:27,24.0000,14.7541,10.1264,9.2459
2026-06-14 14:17:29,24.0000,14.7958,10.2777,9.2042
2026-06-14 14:17:31,24.0000,14.8148,10.3438,9.1852
2026-06-14 14:17:33,24.0000,14.8117,10.3181,9.1883
2026-06-14 14:17:35,24.0000,14.7644,10.3484,9.2356
2026-06-14 14:17:37,24.0000,14.7810,10.2954,9.2190
2026-06-14 14:17:39,24.0000,15.0194,10.2351,8.9806
2026-06-14 14:17:41,24.0000,14.8219,10.2819,9.1781
2026-06-14 14:17:43,24.0000,14.8355,10.2887,9.1645
2026-06-14 14:17:45,24.0000,14.8062,10.2799,9.1938
2026-06-14 14:17:47,24.0000,14.8168,10.2446,9.1832
2026-06-14 14:17:52,24.0000,14.8632,10.2778,9.1368
2026-06-14 14:17:54,24.0000,14.7738,10.2346,9.2262
2026-06-14 14:17:56,24.0000,14.7599,10.2219,9.2401
2026-06-14 14:17:58,24.0000,14.7269,10.2078,9.2731
2026-06-14 14:18:00,24.0000,14.7687,10.1983,9.2313
2026-06-14 14:18:02,24.0000,14.7668,10.2025,9.2332
2026-06-14 14:18:04,24.0000,14.7447,10.2155,9.2553
2026-06-14 14:18:06,24.0000,14.7339,10.2148,9.2661
2026-06-14 14:18:08,24.0000,14.7299,10.2145,9.2701
2026-06-14 14:18:10,24.0000,14.7126,10.2143,9.2874
2026-06-14 14:18:12,24.0000,14.6781,10.2066,9.3219
2026-06-14 14:18:14,24.0000,14.6774,10.2066,9.3226
2026-06-14 14:18:16,24.0000,14.6776,10.2061,9.3224
2026-06-14 14:18:18,24.0000,14.6328,10.1733,9.3672
2026-06-14 14:18:20,24.0000,14.6308,10.1729,9.3692
2026-06-14 14:18:22,24.0000,14.6302,10.1729,9.3698
2026-06-14 14:18:24,24.0000,14.6299,10.1731,9.3701
2026-06-14 14:18:26,24.0000,14.6274,10.1729,9.3726
2026-06-14 14:18:28,24.0000,14.6085,10.1644,9.3915
2026-06-14 14:18:30,24.0000,14.5276,10.1236,9.4724
2026-06-14 14:18:32,24.0000,14.5278,10.1239,9.4722
2026-06-14 14:18:34,24.0000,14.5273,10.1239,9.4727
2026-06-14 14:18:36,24.0000,14.5264,10.1239,9.4736
2026-06-14 14:33:44,24.0000,14.5515,10.1150,9.4485
2026-06-14 14:33:46,24.0000,14.7713,10.2358,9.2287
2026-06-14 14:33:48,24.0000,14.7816,10.3231,9.2184
2026-06-14 14:33:50,24.0000,14.8608,10.3069,9.1392
2026-06-14 14:33:52,24.0000,14.8271,10.3452,9.1729
2026-06-14 14:33:54,24.0000,14.8154,10.3574,9.1846
2026-06-14 14:33:56,24.0000,14.7911,10.3579,9.2089
2026-06-14 14:33:58,24.0000,14.7884,10.3634,9.2116
2026-06-14 14:34:00,24.0000,14.8218,10.3373,9.1782
2026-06-14 14:34:02,24.0000,14.8129,10.3414,9.1871
2026-06-14 14:34:04,24.0000,14.8053,10.3578,9.1947
2026-06-14 14:34:06,24.0000,14.7893,10.3551,9.2107
2026-06-14 14:34:08,24.0000,14.7719,10.3606,9.2281
2026-06-14 14:34:10,24.0000,14.7885,10.3729,9.2115
2026-06-14 14:34:12,24.0000,14.7824,10.3692,9.2176
2026-06-14 14:34:14,24.0000,14.7822,10.3749,9.2178
2026-06-14 14:34:16,24.0000,14.7800,10.3737,9.2200
2026-06-14 14:34:18,24.0000,14.7684,10.3624,9.2316
2026-06-14 14:34:20,24.0000,14.7669,10.3619,9.2331
2026-06-14 14:34:22,24.0000,14.7669,10.3617,9.2331
2026-06-14 14:34:24,24.0000,14.7676,10.3626,9.2324
2026-06-14 14:34:26,24.0000,14.7513,10.3623,9.2487
2026-06-14 14:34:28,24.0000,14.7516,10.3628,9.2484
2026-06-14 14:34:30,24.0000,14.7516,10.3627,9.2484
2026-06-14 14:34:32,24.0000,14.7505,10.3639,9.2495
2026-06-14 14:34:34,24.0000,14.7505,10.3638,9.2495
2026-06-14 14:34:36,24.0000,14.7513,10.3637,9.2487
2026-06-14 14:34:38,24.0000,14.7510,10.3637,9.2490
2026-06-14 14:34:40,24.0000,14.7527,10.3625,9.2473
2026-06-14 14:34:42,24.0000,14.7514,10.3618,9.2486
2026-06-14 14:34:44,24.0000,14.7512,10.3618,9.2488
2026-06-14 14:34:46,24.0000,14.6444,10.2951,9.3556
2026-06-14 14:34:48,24.0000,14.6445,10.2950,9.3555
2026-06-14 14:34:50,24.0000,14.6425,10.2951,9.3575
2026-06-14 14:34:52,24.0000,14.6709,10.3289,9.3291
2026-06-14 14:34:54,24.0000,14.6389,10.3278,9.3611
2026-06-14 14:34:56,24.0000,14.6386,10.3275,9.3614
2026-06-14 14:34:58,24.0000,14.6513,10.3307,9.3487
2026-06-14 14:35:00,24.0000,14.7031,10.3219,9.2969
2026-06-14 14:35:02,24.0000,14.7015,10.3225,9.2985
2026-06-14 14:35:04,24.0000,14.6805,10.3357,9.3195
2026-06-14 14:35:06,24.0000,14.6827,10.3356,9.3173
2026-06-14 14:35:08,24.0000,14.6787,10.3354,9.3213
2026-06-14 14:35:10,24.0000,14.6747,10.3353,9.3253
2026-06-14 14:35:12,24.0000,14.6684,10.3323,9.3316
2026-06-14 14:35:14,24.0000,14.7275,10.2777,9.2725
2026-06-14 14:35:16,24.0000,14.7204,10.3160,9.2796
2026-06-14 14:35:18,24.0000,14.7125,10.3157,9.2875
2026-06-14 14:35:20,24.0000,14.7092,10.3157,9.2908
2026-06-14 14:36:20,24.0000,14.7579,10.3124,9.2421
2026-06-14 14:36:22,24.0000,14.7647,10.3287,9.2353
2026-06-14 14:36:24,24.0000,14.7453,10.3296,9.2547
2026-06-14 14:36:26,24.0000,14.7340,10.3273,9.2660
2026-06-14 14:36:28,24.0000,15.0622,10.2135,8.9378
2026-06-14 14:36:30,24.0000,15.1071,10.1995,8.8929
2026-06-14 14:36:32,24.0000,15.0891,10.2125,8.9109
2026-06-14 14:36:34,24.0000,15.0783,10.2112,8.9217
2026-06-14 14:36:36,24.0000,15.0430,10.2099,8.9570
2026-06-14 14:36:38,24.0000,15.0447,10.2099,8.9553
2026-06-14 14:36:40,24.0000,14.9247,10.2611,9.0753
2026-06-14 14:36:42,24.0000,14.8980,10.3129,9.1020
2026-06-14 14:36:44,24.0000,14.8983,10.3130,9.1017
2026-06-14 14:36:46,24.0000,14.8872,10.3088,9.1128
2026-06-14 14:36:48,24.0000,14.8873,10.3088,9.1127
2026-06-14 14:36:50,24.0000,14.8861,10.3084,9.1139
2026-06-14 14:36:52,24.0000,14.8858,10.3084,9.1142
2026-06-14 14:36:54,24.0000,14.8858,10.3084,9.1142
2026-06-14 14:36:56,24.0000,14.8855,10.3083,9.1145
2026-06-14 14:36:58,24.0000,14.8850,10.3082,9.1150
2026-06-14 14:37:00,24.0000,14.9365,10.3035,9.0635
2026-06-14 14:37:02,24.0000,14.7438,10.2415,9.2562
2026-06-14 14:37:04,24.0000,14.7256,10.2434,9.2744
2026-06-14 14:50:42,24.0000,14.7456,10.2422,9.2544
2026-06-14 14:50:44,24.0000,14.9658,10.3417,9.0342
2026-06-14 14:50:46,24.0000,14.9606,10.3537,9.0394
2026-06-14 14:50:48,24.0000,14.9344,10.3456,9.0656
2026-06-14 14:50:50,24.0000,14.9239,10.3397,9.0761
2026-06-14 15:04:52,24.0000,15.0155,10.3354,8.9845
2026-06-14 15:04:54,24.0000,14.9993,10.3540,9.0007
2026-06-14 15:04:56,24.0000,14.9949,10.3536,9.0051
2026-06-14 15:05:55,24.0000,15.0128,10.3430,8.9872
2026-06-14 15:05:57,24.0000,14.9993,10.3344,9.0007
2026-06-14 15:05:59,24.0000,14.9708,10.3464,9.0292
2026-06-14 15:06:01,24.0000,14.9813,10.3318,9.0187
2026-06-14 15:21:52,24.0000,15.0038,10.3398,8.9962
2026-06-14 15:21:54,24.0000,15.0075,10.3432,8.9925
2026-06-14 15:21:56,24.0000,14.9986,10.3621,9.0014
2026-06-14 15:21:58,24.0000,14.9736,10.3577,9.0264
2026-06-14 15:22:00,24.0000,15.0134,10.3438,8.9866
2026-06-14 15:22:02,24.0000,15.0090,10.3391,8.9910
2026-06-14 15:22:04,24.0000,14.9927,10.3567,9.0073
2026-06-14 15:22:06,24.0000,14.9822,10.3561,9.0178
2026-06-14 15:22:08,24.0000,14.9753,10.3556,9.0247
2026-06-14 15:22:10,24.0000,14.9723,10.3547,9.0277
2026-06-14 15:22:12,24.0000,14.9633,10.3506,9.0367
2026-06-14 15:22:14,24.0000,14.9630,10.3509,9.0370
2026-06-14 15:22:16,24.0000,14.9628,10.3514,9.0372
2026-06-14 15:22:18,24.0000,14.9631,10.3514,9.0369
2026-06-14 15:22:20,24.0000,14.9622,10.3518,9.0378
2026-06-14 15:22:22,24.0000,14.9478,10.3426,9.0522
2026-06-14 15:28:52,24.0000,14.9948,10.3321,9.0052
2026-06-14 15:28:54,24.0000,15.0135,10.3453,8.9865
2026-06-14 15:28:56,24.0000,14.9957,10.3577,9.0043
2026-06-14 15:28:58,24.0000,14.8780,10.2982,9.1220
2026-06-14 15:29:00,24.0000,14.9074,10.2885,9.0926
2026-06-14 15:29:02,24.0000,14.9051,10.2912,9.0949
2026-06-14 15:29:04,24.0000,14.8870,10.3066,9.1130
2026-06-14 15:29:06,24.0000,14.8772,10.3044,9.1228
2026-06-14 15:29:09,24.0000,14.8766,10.3047,9.1234
2026-06-14 15:29:11,24.0000,14.8724,10.3044,9.1276
2026-06-14 15:29:13,24.0000,14.8640,10.3009,9.1360
2026-06-14 15:29:15,24.0000,14.8640,10.3001,9.1360
2026-06-14 15:45:41,24.0000,14.9111,10.2902,9.0889
2026-06-14 15:45:43,24.0000,14.8977,10.3027,9.1023
2026-06-14 15:45:45,24.0000,14.8871,10.3018,9.1129
2026-06-14 15:45:47,24.0000,14.8793,10.3017,9.1207
2026-06-14 15:45:49,24.0000,14.8766,10.3016,9.1234
2026-06-14 15:45:51,24.0000,14.8671,10.2995,9.1329
2026-06-14 15:45:54,24.0000,14.8683,10.2981,9.1317
2026-06-14 15:45:56,24.0000,14.8682,10.2980,9.1318
2026-06-14 15:45:58,24.0000,14.8689,10.2987,9.1311
2026-06-14 15:46:00,24.0000,14.8661,10.2983,9.1339
2026-06-14 15:59:30,24.0000,14.9196,10.2925,9.0804
2026-06-14 15:59:32,24.0000,14.9187,10.3133,9.0813
2026-06-14 15:59:34,24.0000,14.9107,10.3117,9.0893
2026-06-14 16:15:49,24.0000,14.9533,10.2898,9.0467
2026-06-14 16:15:51,24.0000,14.9868,10.3308,9.0132
2026-06-14 16:15:53,24.0000,14.9552,10.3403,9.0448
2026-06-14 16:15:56,24.0000,14.9329,10.3386,9.0671
2026-06-14 16:15:58,24.0000,14.9147,10.3347,9.0853
2026-06-14 16:16:00,24.0000,14.9349,10.3204,9.0651
2026-06-14 16:16:02,24.0000,14.9222,10.3153,9.0778
2026-06-14 16:16:04,24.0000,14.9155,10.3212,9.0845
2026-06-14 16:16:06,24.0000,14.9075,10.3207,9.0925
2026-06-14 16:16:08,24.0000,14.8983,10.3206,9.1017
2026-06-14 16:16:10,24.0000,14.8881,10.3190,9.1119
2026-06-14 16:16:13,24.0000,14.8889,10.3194,9.1111
2026-06-14 16:16:15,24.0000,14.8887,10.3187,9.1113
2026-06-14 16:16:17,24.0000,14.8828,10.3179,9.1172
2026-06-14 16:16:19,24.0000,14.8834,10.3176,9.1166
2026-06-14 16:16:21,24.0000,14.8703,10.3054,9.1297
2026-06-14 16:16:23,24.0000,14.8694,10.3053,9.1306
2026-06-14 16:16:25,24.0000,14.8573,10.2978,9.1427
2026-06-14 16:16:27,24.0000,14.8554,10.2990,9.1446
2026-06-14 16:16:29,24.0000,14.8558,10.2981,9.1442
2026-06-14 16:16:32,24.0000,14.8550,10.2957,9.1450
2026-06-14 16:16:34,24.0000,14.8548,10.2966,9.1452
2026-06-14 16:16:36,24.0000,14.8549,10.2966,9.1451
2026-06-14 16:16:38,24.0000,14.8518,10.2957,9.1482
2026-06-14 16:16:40,24.0000,14.8545,10.2962,9.1455
2026-06-14 16:16:42,24.0000,14.8547,10.2962,9.1453
2026-06-14 16:16:44,24.0000,14.8536,10.2962,9.1464
2026-06-14 16:16:46,24.0000,14.8526,10.2960,9.1474
2026-06-14 16:16:49,24.0000,14.8554,10.3024,9.1446
2026-06-14 16:16:51,24.0000,14.8551,10.3024,9.1449
2026-06-14 16:16:53,24.0000,14.8526,10.3025,9.1474
2026-06-14 16:16:56,24.0000,14.8523,10.3011,9.1477
2026-06-14 16:16:57,24.0000,14.8535,10.3013,9.1465
2026-06-14 16:16:59,24.0000,14.8529,10.3013,9.1471
2026-06-14 16:17:01,24.0000,14.8946,10.2968,9.1054
2026-06-14 16:17:04,24.0000,14.8837,10.3109,9.1163
2026-06-14 16:17:06,24.0000,14.8846,10.3110,9.1154
2026-06-14 16:17:08,24.0000,14.8769,10.3112,9.1231
2026-06-14 16:17:10,24.0000,14.8707,10.3108,9.1293
2026-06-14 16:17:13,24.0000,14.8678,10.3096,9.1322
2026-06-14 16:17:15,24.0000,14.8651,10.3078,9.1349
2026-06-14 16:17:17,24.0000,14.8642,10.3079,9.1358
2026-06-14 16:17:19,24.0000,14.8622,10.3075,9.1378
2026-06-14 16:17:21,24.0000,14.8645,10.3079,9.1355
2026-06-14 16:17:23,24.0000,14.8644,10.3079,9.1356
2026-06-14 16:17:25,24.0000,14.8624,10.3076,9.1376
2026-06-14 16:17:27,24.0000,14.8626,10.3076,9.1374
2026-06-14 16:17:30,24.0000,14.8651,10.3078,9.1349
2026-06-14 16:17:32,24.0000,14.8646,10.3077,9.1354
2026-06-14 16:17:34,24.0000,14.8621,10.3077,9.1379
2026-06-14 16:17:36,24.0000,14.8631,10.3079,9.1369
2026-06-14 16:17:38,24.0000,14.8649,10.3081,9.1351
2026-06-14 16:17:40,24.0000,14.8649,10.3080,9.1351
2026-06-14 16:17:42,24.0000,14.8620,10.3080,9.1380
2026-06-14 16:32:43,24.0000,14.9322,10.3085,9.0678
2026-06-14 16:32:45,24.0000,14.9315,10.3163,9.0685
2026-06-14 16:32:47,24.0000,14.9211,10.3299,9.0789
2026-06-14 16:32:49,24.0000,14.8818,10.3233,9.1182
2026-06-14 16:32:51,24.0000,14.8833,10.3232,9.1167
2026-06-14 16:32:53,24.0000,14.8839,10.3212,9.1161
2026-06-14 16:32:55,24.0000,14.8789,10.3179,9.1211
2026-06-14 16:32:57,24.0000,14.8772,10.3179,9.1228
2026-06-14 16:32:59,24.0000,14.8761,10.3176,9.1239
2026-06-14 16:33:01,24.0000,14.9163,10.3093,9.0837
2026-06-14 16:33:03,24.0000,14.9006,10.3232,9.0994
2026-06-14 16:33:05,24.0000,14.8899,10.3227,9.1101
2026-06-14 16:33:07,24.0000,14.8816,10.3224,9.1184
2026-06-14 16:33:09,24.0000,14.8800,10.3225,9.1200
2026-06-14 16:33:11,24.0000,14.8742,10.3207,9.1258
2026-06-14 16:33:13,24.0000,14.8584,10.3120,9.1416
2026-06-14 16:48:39,24.0000,14.9043,10.3046,9.0957
2026-06-14 16:48:41,24.0000,14.9059,10.3036,9.0941
2026-06-14 16:48:43,24.0000,14.8873,10.3153,9.1127
2026-06-14 17:01:33,24.0000,14.9573,10.3194,9.0427
2026-06-14 17:01:35,24.0000,14.9376,10.3347,9.0624
2026-06-14 17:01:37,24.0000,14.9093,10.3296,9.0907
2026-06-14 17:01:39,24.0000,14.8906,10.3274,9.1094
2026-06-14 17:17:25,24.0000,14.9341,10.3213,9.0659
2026-06-14 17:17:27,24.0000,14.9222,10.3319,9.0778
2026-06-14 17:17:33,24.0000,14.9002,10.3318,9.0998
2026-06-14 17:17:35,24.0000,14.8929,10.3298,9.1071
2026-06-14 17:17:38,24.0000,14.8930,10.3323,9.1070
2026-06-14 17:17:39,24.0000,14.8978,10.3303,9.1022
2026-06-14 17:17:42,24.0000,14.8975,10.3286,9.1025
2026-06-14 17:17:44,24.0000,14.8986,10.3285,9.1014
2026-06-14 17:17:46,24.0000,14.8960,10.3286,9.1040
2026-06-14 17:17:48,24.0000,14.8916,10.3281,9.1084
2026-06-14 17:28:12,24.0000,14.9186,10.3166,9.0814
2026-06-14 17:28:14,24.0000,14.9061,10.3274,9.0939
2026-06-14 17:28:16,24.0000,14.8908,10.3261,9.1092
2026-06-14 17:28:18,24.0000,14.8812,10.3248,9.1188
2026-06-14 17:44:24,24.0000,14.9420,10.3248,9.0580
2026-06-14 17:44:26,24.0000,14.9391,10.3413,9.0609
2026-06-14 17:44:28,24.0000,14.9144,10.3386,9.0856
2026-06-14 17:44:30,24.0000,14.9022,10.3379,9.0978
2026-06-14 17:44:32,24.0000,14.9095,10.3377,9.0905
2026-06-14 17:44:34,24.0000,14.9140,10.3355,9.0860
2026-06-14 17:44:36,24.0000,14.9105,10.3336,9.0895
2026-06-14 17:44:38,24.0000,14.9088,10.3333,9.0912
2026-06-14 17:44:40,24.0000,14.9087,10.3348,9.0913
2026-06-14 17:44:42,24.0000,14.9083,10.3345,9.0917
2026-06-14 17:44:44,24.0000,14.9028,10.3327,9.0972
2026-06-14 17:44:46,24.0000,14.8931,10.3293,9.1069
2026-06-14 17:44:48,24.0000,14.8924,10.3291,9.1076
2026-06-14 17:44:50,24.0000,14.8913,10.3291,9.1087
2026-06-14 17:44:52,24.0000,14.8911,10.3291,9.1089
2026-06-14 17:44:54,24.0000,14.8768,10.3237,9.1232
2026-06-14 17:51:15,24.0000,14.9251,10.3193,9.0749
2026-06-14 17:51:17,24.0000,14.9116,10.3334,9.0884
2026-06-14 17:51:19,24.0000,14.8984,10.3334,9.1016
2026-06-14 18:08:10,24.0000,14.9684,10.3180,9.0316
2026-06-14 18:08:12,24.0000,14.9625,10.3377,9.0375
2026-06-14 18:08:14,24.0000,14.9391,10.3483,9.0609
2026-06-14 18:08:17,24.0000,14.9192,10.3457,9.0808
2026-06-14 18:08:19,24.0000,14.9066,10.3450,9.0934
2026-06-14 18:08:21,24.0000,14.9006,10.3447,9.0994
2026-06-14 18:08:23,24.0000,14.8858,10.3409,9.1142
2026-06-14 18:08:25,24.0000,14.8726,10.3305,9.1274
2026-06-14 18:08:27,24.0000,14.8727,10.3306,9.1273
2026-06-14 18:08:29,24.0000,14.8716,10.3302,9.1284
2026-06-14 18:08:31,24.0000,14.8694,10.3289,9.1306
2026-06-14 18:08:34,24.0000,14.8719,10.3292,9.1281
2026-06-14 18:08:36,24.0000,14.8725,10.3297,9.1275
2026-06-14 18:08:38,24.0000,14.8695,10.3297,9.1305
2026-06-14 18:08:50,24.0000,14.8703,10.3299,9.1297
2026-06-14 18:08:52,24.0000,14.8721,10.3301,9.1279
2026-06-14 18:08:54,24.0000,14.8728,10.3303,9.1272
2026-06-14 18:08:56,24.0000,14.8704,10.3293,9.1296
2026-06-14 18:14:29,24.0000,15.3857,10.0593,8.6143
2026-06-14 18:14:31,24.0000,15.4014,10.0733,8.5986
2026-06-14 18:14:33,24.0000,15.5800,10.0346,8.4200
2026-06-14 18:14:35,24.0000,15.6891,10.0340,8.3109
2026-06-14 18:14:37,24.0000,15.5697,10.0338,8.4303
2026-06-14 18:14:39,24.0000,15.1643,10.0435,8.8357
2026-06-14 18:14:41,24.0000,15.1504,10.0387,8.8496
2026-06-14 18:14:43,24.0000,15.1243,10.0357,8.8757
2026-06-14 18:14:45,24.0000,15.1068,10.0354,8.8932
2026-06-14 18:14:50,24.0000,15.3177,10.1578,8.6823
2026-06-14 18:14:52,24.0000,15.3062,10.1652,8.6938
2026-06-14 18:14:54,24.0000,15.2689,10.1560,8.7311
2026-06-14 18:14:56,24.0000,15.2613,10.1541,8.7387
2026-06-14 18:14:58,24.0000,15.1171,10.0640,8.8829
2026-06-14 18:15:00,24.0000,15.0743,10.0726,8.9257
2026-06-14 18:18:44,24.0000,15.1837,10.1378,8.8163
2026-06-14 18:18:46,24.0000,15.1846,10.1444,8.8154
2026-06-14 18:18:48,24.0000,15.1618,10.1378,8.8382
2026-06-14 18:18:50,24.0000,15.1547,10.1371,8.8453
2026-06-14 18:18:52,24.0000,15.0170,10.0529,8.9830
2026-06-14 18:18:54,24.0000,14.9971,10.0652,9.0029
2026-06-14 18:18:56,24.0000,14.9847,10.0687,9.0153
2026-06-14 18:18:58,24.0000,14.9748,10.0674,9.0252
2026-06-14 18:19:00,24.0000,14.9679,10.0671,9.0321
2026-06-14 18:19:02,24.0000,14.9640,10.0674,9.0360
2026-06-14 18:19:32,24.0000,15.2444,10.1864,8.7556
2026-06-14 18:19:34,24.0000,15.2308,10.1875,8.7692
2026-06-14 18:19:36,24.0000,15.2099,10.1815,8.7901
2026-06-14 18:19:38,24.0000,15.2018,10.1811,8.7982
2026-06-14 18:19:40,24.0000,15.0820,10.0833,8.9180
2026-06-14 18:19:42,24.0000,15.1422,10.1043,8.8578
2026-06-14 18:19:44,24.0000,15.1889,10.1572,8.8111
2026-06-14 18:19:46,24.0000,15.1864,10.1684,8.8136
2026-06-14 18:19:48,24.0000,15.2152,10.1651,8.7848
2026-06-14 18:19:50,24.0000,15.1976,10.1618,8.8024
2026-06-14 18:19:52,24.0000,15.2242,10.1514,8.7758
2026-06-14 18:19:54,24.0000,15.2309,10.1466,8.7691
2026-06-14 18:19:56,24.0000,15.2310,10.1487,8.7690
2026-06-14 18:19:58,24.0000,15.1974,10.1768,8.8026
2026-06-14 18:20:00,24.0000,15.1774,10.1759,8.8226
2026-06-14 18:20:02,24.0000,15.1713,10.1756,8.8287
2026-06-14 18:20:04,24.0000,15.1673,10.1755,8.8327
2026-06-14 18:20:06,24.0000,15.2328,10.1280,8.7672
2026-06-14 18:20:08,24.0000,15.2164,10.1590,8.7836
2026-06-14 18:20:10,24.0000,15.1954,10.1690,8.8046
2026-06-14 18:20:12,24.0000,15.1913,10.1656,8.8087
2026-06-14 18:20:14,24.0000,15.1716,10.1731,8.8284
2026-06-14 18:20:16,24.0000,15.2130,10.1617,8.7870
2026-06-14 18:20:18,24.0000,15.2607,10.1610,8.7393
2026-06-14 18:20:20,24.0000,15.1798,10.2086,8.8202
2026-06-14 18:20:22,24.0000,15.1371,10.1949,8.8629
2026-06-14 18:20:24,24.0000,15.1272,10.1946,8.8728
2026-06-14 18:20:26,24.0000,15.1101,10.1928,8.8899
2026-06-14 18:20:28,24.0000,15.0992,10.1909,8.9008
2026-06-14 18:20:30,24.0000,15.1123,10.1590,8.8877
2026-06-14 18:20:32,24.0000,15.1113,10.1591,8.8887
2026-06-14 18:20:34,24.0000,15.1103,10.1690,8.8897
2026-06-14 18:20:36,24.0000,15.1038,10.1827,8.8962
2026-06-14 18:20:38,24.0000,15.1046,10.1814,8.8954
2026-06-14 18:20:40,24.0000,15.0868,10.1701,8.9132
2026-06-14 18:20:42,24.0000,15.0859,10.1700,8.9141
2026-06-14 18:20:44,24.0000,15.0857,10.1700,8.9143
2026-06-14 18:20:46,24.0000,15.0912,10.1694,8.9088
2026-06-14 18:20:48,24.0000,15.0900,10.1682,8.9100
2026-06-14 18:20:50,24.0000,15.0788,10.1679,8.9212
2026-06-14 18:20:56,24.0000,15.3093,10.2574,8.6907
2026-06-14 18:20:58,24.0000,15.2979,10.2567,8.7021
2026-06-14 18:21:00,24.0000,15.2748,10.2545,8.7252
2026-06-14 18:21:02,24.0000,15.2199,10.2332,8.7801
2026-06-14 18:21:04,24.0000,15.0885,10.1338,8.9115
2026-06-14 18:21:06,24.0000,15.1280,10.1326,8.8720
2026-06-14 18:21:08,24.0000,15.1067,10.1539,8.8933
2026-06-14 18:21:10,24.0000,15.0852,10.1532,8.9148
2026-06-14 18:21:12,24.0000,15.0688,10.1532,8.9312
2026-06-14 18:21:14,24.0000,15.0585,10.1531,8.9415
2026-06-14 18:21:16,24.0000,15.0395,10.1512,8.9605
2026-06-14 18:43:40,24.0000,16.8085,10.1322,7.1915
2026-06-14 18:43:42,24.0000,16.7911,10.1425,7.2089
2026-06-14 18:43:44,24.0000,16.7713,10.1342,7.2287
2026-06-14 18:43:46,24.0000,16.7687,10.1313,7.2313
2026-06-14 18:43:48,24.0000,16.6233,10.0332,7.3767
2026-06-14 18:43:50,24.0000,16.6164,10.0802,7.3836
2026-06-14 18:43:52,24.0000,16.6052,10.0829,7.3948
2026-06-14 18:43:54,24.0000,16.5950,10.0800,7.4050
2026-06-14 18:43:56,24.0000,16.5893,10.0786,7.4107
2026-06-14 18:43:58,24.0000,16.5849,10.0758,7.4151
2026-06-14 18:44:00,24.0000,16.5727,10.0728,7.4273
2026-06-14 18:44:02,24.0000,16.5736,10.0728,7.4264
2026-06-14 18:44:04,24.0000,16.5694,10.0168,7.4306
2026-06-14 18:44:06,24.0000,16.6249,10.0760,7.3751
2026-06-14 18:44:08,24.0000,16.6006,10.0657,7.3994
2026-06-14 18:44:10,24.0000,16.5811,10.0821,7.4189
2026-06-14 18:44:12,24.0000,16.5685,10.0769,7.4315
2026-06-14 18:44:14,24.0000,16.5639,10.0766,7.4361
2026-06-14 18:44:16,24.0000,16.5502,10.0707,7.4498
2026-06-14 18:44:18,24.0000,16.5491,10.0701,7.4509
2026-06-14 18:44:20,24.0000,16.5266,10.0566,7.4734
2026-06-14 18:44:22,24.0000,16.5389,10.0320,7.4611
2026-06-14 18:44:24,24.0000,16.5415,10.0321,7.4585
2026-06-14 18:44:26,24.0000,16.5417,10.0322,7.4583
2026-06-14 18:44:28,24.0000,16.5921,10.0298,7.4079
2026-06-14 18:44:30,24.0000,16.5866,10.0465,7.4134
2026-06-14 18:44:32,24.0000,16.5551,10.0326,7.4449
2026-06-14 18:44:37,24.0000,16.7247,10.1372,7.2753
2026-06-14 18:44:39,24.0000,16.7088,10.1367,7.2912
2026-06-14 18:44:41,24.0000,16.6934,10.1275,7.3066
2026-06-14 18:44:43,24.0000,16.6853,10.1254,7.3147
2026-06-14 18:44:45,24.0000,16.5420,10.0183,7.4580
2026-06-14 18:44:47,24.0000,16.5104,10.0122,7.4896
2026-06-14 18:44:49,24.0000,16.4981,10.0161,7.5019
2026-06-14 18:44:51,24.0000,16.4884,10.0244,7.5116
2026-06-14 18:44:53,24.0000,16.4827,10.0212,7.5173
2026-06-14 18:44:55,24.0000,16.4755,10.0174,7.5245
2026-06-14 18:44:57,24.0000,16.4631,10.0051,7.5369
2026-06-14 18:44:59,24.0000,16.5430,10.0314,7.4570
2026-06-14 18:45:01,24.0000,16.5315,10.0491,7.4685
2026-06-14 18:45:03,24.0000,16.5199,10.0305,7.4801
2026-06-14 18:45:05,24.0000,16.4847,10.0150,7.5153
2026-06-14 18:45:07,24.0000,16.4823,10.0159,7.5177
2026-06-14 18:45:09,24.0000,16.4866,10.0002,7.5134
2026-06-14 18:45:11,24.0000,16.4867,10.0076,7.5133
2026-06-14 18:45:13,24.0000,16.4857,10.0077,7.5143
2026-06-14 18:45:15,24.0000,16.4837,10.0068,7.5163
2026-06-14 18:45:17,24.0000,16.4840,10.0064,7.5160
2026-06-14 18:45:19,24.0000,16.4822,10.0063,7.5178
2026-06-14 18:45:21,24.0000,16.4930,10.0068,7.5070
2026-06-14 18:45:23,24.0000,16.4805,10.0070,7.5195
2026-06-14 18:45:25,24.0000,16.4811,10.0083,7.5189
2026-06-14 18:45:27,24.0000,16.4713,10.0036,7.5287
2026-06-14 18:45:29,24.0000,16.4711,10.0087,7.5289
2026-06-14 18:45:31,24.0000,16.4730,10.0038,7.5270
2026-06-14 18:45:33,24.0000,16.4496,9.9964,7.5504
2026-06-14 18:45:35,24.0000,16.4492,10.0244,7.5508
2026-06-14 18:45:37,24.0000,16.4487,9.9966,7.5513
2026-06-14 18:45:39,24.0000,16.4583,9.9964,7.5417
2026-06-14 18:45:41,24.0000,16.4712,9.9993,7.5288
2026-06-14 18:45:43,24.0000,16.4681,9.9993,7.5319
2026-06-14 18:45:45,24.0000,16.4669,9.9989,7.5331
2026-06-14 18:45:47,24.0000,16.4621,9.9999,7.5379
2026-06-14 18:45:49,24.0000,16.4623,10.0066,7.5377
2026-06-14 18:45:51,24.0000,16.4640,9.9925,7.5360
2026-06-14 18:45:53,24.0000,16.4625,10.0005,7.5375
2026-06-14 18:45:55,24.0000,16.4616,9.9950,7.5384
2026-06-14 18:45:57,24.0000,16.4617,10.0021,7.5383
2026-06-14 18:45:59,24.0000,16.4613,10.0070,7.5387
2026-06-14 18:46:01,24.0000,16.4588,10.0067,7.5412
2026-06-14 18:46:03,24.0000,16.4597,10.0021,7.5403
2026-06-14 18:46:05,24.0000,16.4609,10.0053,7.5391
2026-06-14 18:46:07,24.0000,16.4607,10.0064,7.5393
2026-06-14 18:46:09,24.0000,16.4590,10.0065,7.5410
2026-06-14 18:46:15,24.0000,16.7086,10.1111,7.2914
2026-06-14 18:46:17,24.0000,16.6999,10.1334,7.3001
2026-06-14 18:46:19,24.0000,16.6771,10.1241,7.3229
2026-06-14 18:46:21,24.0000,16.6692,10.1224,7.3308
2026-06-14 18:46:23,24.0000,16.5195,10.0232,7.4805
2026-06-14 18:46:25,24.0000,16.4991,10.0478,7.5009
2026-06-14 18:46:27,24.0000,16.4872,10.0472,7.5128
2026-06-14 18:46:29,24.0000,16.4775,10.0457,7.5225
2026-06-14 18:46:31,24.0000,16.5274,10.0415,7.4726
2026-06-14 18:46:33,24.0000,16.5230,10.0496,7.4770
2026-06-14 18:46:35,24.0000,16.5174,10.0145,7.4826
2026-06-14 18:46:37,24.0000,16.5647,10.0146,7.4353
2026-06-14 18:46:39,24.0000,16.5276,10.1028,7.4724
2026-06-14 18:46:41,24.0000,16.5083,10.1026,7.4917
2026-06-14 18:46:43,24.0000,16.4911,10.0544,7.5089
2026-06-14 18:46:45,24.0000,16.4840,10.0542,7.5160
2026-06-14 18:46:47,24.0000,16.4683,10.0476,7.5317
2026-06-14 18:46:49,24.0000,16.4767,10.0482,7.5233
2026-06-14 18:46:51,24.0000,16.4606,10.0514,7.5394
2026-06-14 18:46:53,24.0000,16.4371,10.0419,7.5629
2026-06-14 18:46:55,24.0000,16.4189,10.0417,7.5811
2026-06-14 18:46:57,24.0000,16.4335,10.0420,7.5665
2026-06-14 18:46:59,24.0000,16.4218,10.0433,7.5782
2026-06-14 18:47:01,24.0000,16.4078,10.0390,7.5922
2026-06-14 18:47:03,24.0000,16.3990,10.0386,7.6010
2026-06-14 18:47:05,24.0000,16.4007,10.0227,7.5993
2026-06-14 18:47:07,24.0000,16.3813,10.0224,7.6187
2026-06-14 18:47:09,24.0000,16.3747,10.0219,7.6253
2026-06-14 18:47:11,24.0000,16.3987,9.9984,7.6013
2026-06-14 18:47:13,24.0000,16.3994,10.0054,7.6006
2026-06-14 18:47:15,24.0000,16.3991,10.0004,7.6009
2026-06-14 18:47:17,24.0000,16.3984,10.0187,7.6016
2026-06-14 18:47:19,24.0000,16.3979,10.0184,7.6021
2026-06-14 18:47:21,24.0000,16.3831,10.0242,7.6169
2026-06-14 18:47:23,24.0000,16.3772,10.0260,7.6228
2026-06-14 18:47:28,24.0000,16.6778,10.1386,7.3222
2026-06-14 18:47:30,24.0000,16.6693,10.1394,7.3307
2026-06-14 18:47:32,24.0000,16.6474,10.1323,7.3526
2026-06-14 18:47:34,24.0000,16.6398,10.1310,7.3602
2026-06-14 18:47:36,24.0000,16.5082,10.0180,7.4918
2026-06-14 18:47:38,24.0000,16.4875,10.0540,7.5125
2026-06-14 18:47:40,24.0000,16.4762,10.0535,7.5238
2026-06-14 18:47:42,24.0000,16.4660,10.0518,7.5340
2026-06-14 18:47:44,24.0000,16.4594,10.0484,7.5406
2026-06-14 18:47:46,24.0000,16.4555,10.0481,7.5445
2026-06-14 18:47:48,24.0000,16.4991,10.0063,7.5009
2026-06-14 18:47:50,24.0000,16.4732,10.0712,7.5268
2026-06-14 18:47:52,24.0000,16.4556,10.0759,7.5444
2026-06-14 18:47:54,24.0000,16.5099,10.0346,7.4901
2026-06-14 18:47:56,24.0000,16.6522,10.0465,7.3478
2026-06-14 18:47:58,24.0000,16.6845,10.0534,7.3155
2026-06-14 18:48:00,24.0000,16.6626,10.0481,7.3374
2026-06-14 18:48:02,24.0000,16.6416,10.0606,7.3584
2026-06-14 18:48:04,24.0000,16.6704,10.0454,7.3296
2026-06-14 18:48:06,24.0000,16.4547,9.9340,7.5453
2026-06-14 18:48:08,24.0000,16.4195,9.9742,7.5805
2026-06-14 18:48:10,24.0000,16.4113,9.9738,7.5887
2026-06-14 18:48:12,24.0000,16.4048,9.9736,7.5952
2026-06-14 18:48:14,24.0000,16.4005,9.9735,7.5995
2026-06-14 18:48:16,24.0000,16.4277,9.9625,7.5723
2026-06-14 18:48:18,24.0000,16.3132,9.9051,7.6868
2026-06-14 18:48:20,24.0000,16.4386,9.9499,7.5614
2026-06-14 18:48:22,24.0000,16.4087,9.9787,7.5913
2026-06-14 18:48:24,24.0000,16.4112,9.9676,7.5888
2026-06-14 18:48:26,24.0000,16.4353,9.9543,7.5647
2026-06-14 18:48:28,24.0000,16.4147,9.9571,7.5853
2026-06-14 18:48:30,24.0000,16.4206,9.9688,7.5794
2026-06-14 18:48:32,24.0000,16.4815,9.9867,7.5185
2026-06-14 18:48:34,24.0000,16.4796,9.9807,7.5204
2026-06-14 18:48:36,24.0000,16.5685,9.9822,7.4315
2026-06-14 18:48:38,24.0000,16.4857,9.9683,7.5143
2026-06-14 18:48:40,24.0000,16.4695,9.9993,7.5305
2026-06-14 18:48:42,24.0000,16.4404,9.9968,7.5596
2026-06-14 18:48:44,24.0000,16.4613,9.9907,7.5387
2026-06-14 18:48:46,24.0000,16.4664,9.9729,7.5336
2026-06-14 18:48:48,24.0000,16.4590,9.9726,7.5410
2026-06-14 18:48:50,24.0000,16.4397,9.9820,7.5603
2026-06-14 18:48:52,24.0000,16.4301,9.9819,7.5699
2026-06-14 18:48:54,24.0000,16.4227,9.9817,7.5773
2026-06-14 18:48:56,24.0000,16.4465,9.9760,7.5535
2026-06-14 18:48:58,24.0000,16.4466,9.9845,7.5534
2026-06-14 18:49:00,24.0000,16.4506,9.9757,7.5494
2026-06-14 18:49:02,24.0000,16.4561,9.9756,7.5439
2026-06-14 18:49:04,24.0000,16.4619,9.9754,7.5381
2026-06-14 18:49:06,24.0000,16.4499,9.9871,7.5501
2026-06-14 18:49:08,24.0000,16.4600,9.9825,7.5400
2026-06-14 18:49:10,24.0000,16.4779,9.9707,7.5221
2026-06-14 18:49:12,24.0000,16.4498,9.9758,7.5502
2026-06-14 18:49:14,24.0000,16.4384,9.9839,7.5616
2026-06-14 18:49:16,24.0000,16.4301,9.9834,7.5699
2026-06-14 18:49:18,24.0000,16.4165,9.9830,7.5835
2026-06-14 18:49:20,24.0000,16.4074,9.9824,7.5926
2026-06-14 18:49:22,24.0000,16.3981,9.9802,7.6019
2026-06-14 18:49:24,24.0000,16.3997,9.9802,7.6003
2026-06-14 18:49:26,24.0000,16.4047,9.9704,7.5953
2026-06-14 18:49:28,24.0000,16.3937,9.9886,7.6063
2026-06-14 18:49:30,24.0000,16.3729,9.9597,7.6271
2026-06-14 18:49:32,24.0000,16.4010,9.9411,7.5990
2026-06-14 18:49:34,24.0000,16.3860,9.9578,7.6140
2026-06-14 18:49:36,24.0000,16.3622,9.9782,7.6378
2026-06-14 18:49:38,24.0000,16.2779,9.9600,7.7221
2026-06-14 18:49:40,24.0000,16.3315,9.9622,7.6685
2026-06-14 18:49:42,24.0000,16.4074,9.9644,7.5926
2026-06-14 18:49:44,24.0000,16.3301,9.9594,7.6699
2026-06-14 18:49:51,24.0000,16.5446,10.0780,7.4554
2026-06-14 18:49:53,24.0000,16.5160,10.0726,7.4840
2026-06-14 18:49:55,24.0000,16.4929,10.0585,7.5071
2026-06-14 18:49:57,24.0000,16.4854,10.0594,7.5146
2026-06-14 18:49:59,24.0000,16.3546,9.9574,7.6454
2026-06-14 18:50:01,24.0000,16.3276,9.9864,7.6724
2026-06-14 18:50:03,24.0000,16.3155,9.9861,7.6845
2026-06-14 18:50:05,24.0000,16.3052,9.9824,7.6948
2026-06-14 18:50:07,24.0000,16.2994,9.9841,7.7006
2026-06-14 18:50:09,24.0000,16.2877,9.9819,7.7123
2026-06-14 18:50:11,24.0000,16.2813,9.9782,7.7187
2026-06-14 18:50:13,24.0000,16.2813,9.9777,7.7187
2026-06-14 18:50:15,24.0000,16.2802,9.9777,7.7198
2026-06-14 18:50:17,24.0000,16.2684,9.9703,7.7316
2026-06-14 18:50:19,24.0000,16.2975,9.9702,7.7025
2026-06-14 18:50:21,24.0000,16.2812,9.9760,7.7188
2026-06-14 18:50:23,24.0000,16.3506,9.9435,7.6494
2026-06-14 18:50:25,24.0000,16.3423,9.9862,7.6577
2026-06-14 18:50:27,24.0000,16.3146,10.0101,7.6854
2026-06-14 18:50:29,24.0000,16.3074,10.0110,7.6926
2026-06-14 18:50:31,24.0000,16.3027,10.0048,7.6973
2026-06-14 18:50:33,24.0000,16.3159,9.9720,7.6841
2026-06-14 18:50:35,24.0000,16.3247,9.9718,7.6753
2026-06-14 18:50:37,24.0000,16.4306,9.9890,7.5694
2026-06-14 18:50:39,24.0000,16.4385,9.9978,7.5615
2026-06-14 18:50:41,24.0000,16.4099,10.0065,7.5901
2026-06-14 18:50:43,24.0000,16.3743,10.0418,7.6257
2026-06-14 18:50:45,24.0000,16.4039,10.0095,7.5961
2026-06-14 18:50:47,24.0000,16.4119,10.0051,7.5881
2026-06-14 18:50:53,24.0000,16.6338,10.1448,7.3662
2026-06-14 18:50:55,24.0000,16.6469,10.1473,7.3531
2026-06-14 18:50:57,24.0000,16.6121,10.1424,7.3879
2026-06-14 18:50:59,24.0000,16.6128,10.1350,7.3872
2026-06-14 18:51:01,24.0000,16.4670,10.0075,7.5330
2026-06-14 18:51:03,24.0000,16.5721,10.0763,7.4279
2026-06-14 18:51:05,24.0000,16.5536,10.1266,7.4464
2026-06-14 18:51:07,24.0000,16.5553,10.0752,7.4447
2026-06-14 18:51:09,24.0000,16.5541,10.0788,7.4459
2026-06-14 18:51:11,24.0000,16.5256,10.0807,7.4744
2026-06-14 18:51:13,24.0000,16.4971,10.0757,7.5029
2026-06-14 18:51:15,24.0000,16.4785,10.1009,7.5215
2026-06-14 18:51:17,24.0000,16.5324,10.0722,7.4676
2026-06-14 18:51:19,24.0000,16.5029,10.0717,7.4971
2026-06-14 18:51:21,24.0000,16.5377,10.0802,7.4623
2026-06-14 18:51:23,24.0000,16.5083,10.0663,7.4917
2026-06-14 18:51:25,24.0000,16.6352,10.1015,7.3648
2026-06-14 18:51:27,24.0000,16.6321,10.1267,7.3679
2026-06-14 18:51:29,24.0000,16.6076,10.1573,7.3924
2026-06-14 18:51:31,24.0000,16.5852,10.1623,7.4148
2026-06-14 18:51:33,24.0000,16.5807,10.1585,7.4193
2026-06-14 18:51:35,24.0000,16.5525,10.1540,7.4475
2026-06-14 18:51:37,24.0000,16.5364,10.1526,7.4636
2026-06-14 18:51:39,24.0000,16.5281,10.1512,7.4719
2026-06-14 18:51:41,24.0000,16.5253,10.1512,7.4747
2026-06-14 18:51:43,24.0000,16.5040,10.1425,7.4960
2026-06-14 18:51:45,24.0000,16.5436,10.1402,7.4564
2026-06-14 18:51:47,24.0000,16.5433,10.1401,7.4567
2026-06-14 18:51:49,24.0000,16.5429,10.1400,7.4571
2026-06-14 18:51:51,24.0000,16.5441,10.1400,7.4559
2026-06-14 18:51:53,24.0000,16.5332,10.1307,7.4668
2026-06-14 18:51:55,24.0000,16.5328,10.1307,7.4672
2026-06-14 18:51:57,24.0000,16.5750,10.0934,7.4250
2026-06-14 18:51:59,24.0000,16.5485,10.1534,7.4515
2026-06-14 18:52:01,24.0000,16.5878,10.1167,7.4122
2026-06-14 18:52:03,24.0000,16.5853,10.1071,7.4147
2026-06-14 18:52:05,24.0000,16.5636,10.1061,7.4364
2026-06-14 18:52:07,24.0000,16.5842,10.1152,7.4158
2026-06-14 18:52:09,24.0000,16.5576,10.1553,7.4424
2026-06-14 18:52:11,24.0000,16.5434,10.1598,7.4566
2026-06-14 18:52:13,24.0000,16.5570,10.1116,7.4430
2026-06-14 18:52:15,24.0000,16.5530,10.1114,7.4470
2026-06-14 18:52:17,24.0000,16.5642,10.1051,7.4358
2026-06-14 18:52:19,24.0000,16.5822,10.1419,7.4178
2026-06-14 18:52:21,24.0000,16.5821,10.1136,7.4179
2026-06-14 18:52:23,24.0000,16.6142,10.1030,7.3858
2026-06-14 18:52:25,24.0000,16.5931,10.1220,7.4069
2026-06-14 18:52:27,24.0000,16.5911,10.1224,7.4089
2026-06-14 18:52:29,24.0000,16.6037,10.1120,7.3963
2026-06-14 18:52:31,24.0000,16.5778,10.1608,7.4222
2026-06-14 18:52:33,24.0000,16.5593,10.1610,7.4407
2026-06-14 18:52:35,24.0000,16.5968,10.1194,7.4032
2026-06-14 18:52:48,24.0000,16.7817,10.1580,7.2183
2026-06-14 18:52:50,24.0000,16.7747,10.1622,7.2253
2026-06-14 18:52:52,24.0000,16.7535,10.1563,7.2465
2026-06-14 18:52:54,24.0000,16.7428,10.1132,7.2572
2026-06-14 18:52:56,24.0000,16.6676,10.0005,7.3324
2026-06-14 18:52:58,24.0000,16.6648,10.0315,7.3352
2026-06-14 18:53:00,24.0000,16.6424,10.0736,7.3576
2026-06-14 18:53:06,24.0000,16.7713,10.1017,7.2287
2026-06-14 18:53:08,24.0000,16.7480,10.1152,7.2520
2026-06-14 18:53:10,24.0000,16.7264,10.1073,7.2736
2026-06-14 18:53:12,24.0000,16.7175,10.1058,7.2825
2026-06-14 18:53:14,24.0000,16.5706,9.9986,7.4294
2026-06-14 18:53:16,24.0000,16.5440,10.0249,7.4560
2026-06-14 18:53:18,24.0000,16.5316,10.0417,7.4684
2026-06-14 18:53:20,24.0000,16.5200,9.9938,7.4800
2026-06-14 18:53:22,24.0000,16.5801,10.0252,7.4199
2026-06-14 18:53:24,24.0000,16.5600,10.0198,7.4400
2026-06-14 18:53:26,24.0000,16.5419,10.0578,7.4581
2026-06-14 18:53:28,24.0000,16.5506,10.0141,7.4494
2026-06-14 18:53:30,24.0000,16.5402,10.0107,7.4598
2026-06-14 18:53:32,24.0000,16.5527,10.0000,7.4473
2026-06-14 18:53:34,24.0000,16.5687,10.0205,7.4313
2026-06-14 18:53:41,24.0000,16.7648,10.1463,7.2352
2026-06-14 18:53:43,24.0000,16.7536,10.1453,7.2464
2026-06-14 18:53:45,24.0000,16.7621,10.1319,7.2379
2026-06-14 18:53:47,24.0000,16.7550,10.1309,7.2450
2026-06-14 18:53:49,24.0000,16.5866,10.0061,7.4134
2026-06-14 18:53:51,24.0000,16.5597,9.9963,7.4403
2026-06-14 18:53:53,24.0000,16.6169,9.9900,7.3831
2026-06-14 18:53:55,24.0000,16.5923,10.0355,7.4077
2026-06-14 18:53:57,24.0000,16.5953,10.0277,7.4047
2026-06-14 18:53:59,24.0000,16.5701,10.0717,7.4299
2026-06-14 18:54:01,24.0000,16.5454,10.0230,7.4546
2026-06-14 18:54:05,24.0000,16.7551,10.1448,7.2449
2026-06-14 18:54:07,24.0000,16.7473,10.1440,7.2527
2026-06-14 18:54:09,24.0000,16.7272,10.1320,7.2728
2026-06-14 18:54:11,24.0000,16.7964,10.0644,7.2036
2026-06-14 18:54:16,24.0000,16.7768,10.1153,7.2232
2026-06-14 18:54:18,24.0000,16.7587,10.1361,7.2413
2026-06-14 18:54:20,24.0000,16.7300,10.1205,7.2700
2026-06-14 18:54:22,24.0000,16.7184,10.1166,7.2816
2026-06-14 18:54:24,24.0000,16.6290,9.9570,7.3710
2026-06-14 18:54:26,24.0000,16.6049,10.0406,7.3951
2026-06-14 18:54:28,24.0000,16.5871,10.0313,7.4129
2026-06-14 18:54:30,24.0000,16.5699,10.0137,7.4301
2026-06-14 18:54:32,24.0000,16.5623,10.0131,7.4377
2026-06-14 18:54:34,24.0000,16.5455,10.0043,7.4545
2026-06-14 18:54:36,24.0000,16.5283,9.9979,7.4717
2026-06-14 18:54:38,24.0000,16.5277,9.9999,7.4723
2026-06-14 18:54:40,24.0000,16.5283,10.0001,7.4717
2026-06-14 18:54:42,24.0000,16.5278,9.9997,7.4722
2026-06-14 18:54:44,24.0000,16.5420,9.9993,7.4580
2026-06-14 18:54:46,24.0000,16.5213,9.9917,7.4787
2026-06-14 18:54:48,24.0000,16.5219,9.9914,7.4781
2026-06-14 18:54:50,24.0000,16.5231,9.9952,7.4769
2026-06-14 18:54:52,24.0000,16.5183,9.9884,7.4817
2026-06-14 18:54:54,24.0000,16.5107,9.9904,7.4893
2026-06-14 18:54:56,24.0000,16.4993,9.9808,7.5007
2026-06-14 18:54:58,24.0000,16.4937,9.9805,7.5063
2026-06-14 18:55:00,24.0000,16.4940,9.9802,7.5060
2026-06-14 18:55:07,24.0000,16.7352,10.1271,7.2648
2026-06-14 18:55:09,24.0000,16.7199,10.1256,7.2801
2026-06-14 18:55:11,24.0000,16.6994,10.1144,7.3006
2026-06-14 18:55:13,24.0000,16.6878,10.1130,7.3122
2026-06-14 18:55:15,24.0000,16.5407,9.9953,7.4593
2026-06-14 18:55:17,24.0000,16.5083,10.0145,7.4917
2026-06-14 18:55:19,24.0000,16.4982,10.0139,7.5018
2026-06-14 18:55:21,24.0000,16.4877,10.0123,7.5123
2026-06-14 18:55:23,24.0000,16.4866,9.9694,7.5134
2026-06-14 18:55:25,24.0000,16.5452,10.0107,7.4548
2026-06-14 18:55:27,24.0000,16.5727,10.0006,7.4273
2026-06-14 18:55:29,24.0000,16.5908,10.0246,7.4092
2026-06-14 18:55:31,24.0000,16.5715,10.0110,7.4285
2026-06-14 18:55:33,24.0000,16.5725,10.0096,7.4275
2026-06-14 18:55:35,24.0000,16.5560,10.0345,7.4440
2026-06-14 18:55:37,24.0000,16.5294,10.0508,7.4706
2026-06-14 18:55:39,24.0000,16.5091,10.0489,7.4909
2026-06-14 18:55:41,24.0000,16.4940,10.0483,7.5060
2026-06-14 18:55:43,24.0000,16.5179,10.0438,7.4821
2026-06-14 18:55:45,24.0000,16.5053,10.0394,7.4947
2026-06-14 18:55:47,24.0000,16.5057,10.0392,7.4943
2026-06-14 18:55:49,24.0000,16.4941,10.0318,7.5059
2026-06-14 18:55:51,24.0000,16.4786,10.0318,7.5214
2026-06-14 18:55:53,24.0000,16.5111,9.9987,7.4889
2026-06-14 18:56:00,24.0000,16.7224,10.1059,7.2776
2026-06-14 18:56:02,24.0000,16.7110,10.1153,7.2890
2026-06-14 18:56:04,24.0000,16.6889,10.1076,7.3111
2026-06-14 18:56:06,24.0000,16.6858,10.1017,7.3142
2026-06-14 18:56:08,24.0000,16.5489,9.9991,7.4511
2026-06-14 18:56:10,24.0000,16.5196,10.0225,7.4804
2026-06-14 18:56:12,24.0000,16.5066,10.0229,7.4934
2026-06-14 18:56:14,24.0000,16.4964,10.0206,7.5036
2026-06-14 18:56:16,24.0000,16.4899,10.0197,7.5101
2026-06-14 18:56:18,24.0000,16.4857,10.0196,7.5143
2026-06-14 18:56:20,24.0000,16.4715,10.0156,7.5285
2026-06-14 18:56:22,24.0000,16.4364,9.9811,7.5636
2026-06-14 18:56:24,24.0000,16.4363,9.9813,7.5637
2026-06-14 18:56:26,24.0000,16.4362,9.9813,7.5638
2026-06-14 18:56:28,24.0000,16.4639,9.9810,7.5361
2026-06-14 18:56:30,24.0000,16.4450,9.9810,7.5550
2026-06-14 18:56:32,24.0000,16.4446,9.9899,7.5554
2026-06-14 18:56:34,24.0000,16.4449,9.9968,7.5551
2026-06-14 18:56:36,24.0000,16.4447,9.9964,7.5553
2026-06-14 18:56:38,24.0000,16.4527,9.9600,7.5473
2026-06-14 18:56:40,24.0000,16.5357,10.0074,7.4643
2026-06-14 18:56:42,24.0000,16.5064,9.9965,7.4936
2026-06-14 18:56:44,24.0000,16.4951,9.9956,7.5049
2026-06-14 18:56:46,24.0000,16.4840,9.9926,7.5160
2026-06-14 18:56:48,24.0000,16.4839,9.9925,7.5161
2026-06-14 18:56:50,24.0000,16.4421,9.9648,7.5579
2026-06-14 18:56:56,24.0000,16.6859,10.1067,7.3141
2026-06-14 18:56:58,24.0000,16.6788,10.1076,7.3212
2026-06-14 18:57:00,24.0000,16.6564,10.0970,7.3436
2026-06-14 18:57:02,24.0000,16.6490,10.0959,7.3510
2026-06-14 18:57:04,24.0000,16.5143,9.9818,7.4857
2026-06-14 18:57:06,24.0000,16.4870,10.0017,7.5130
2026-06-14 18:57:08,24.0000,16.4751,10.0151,7.5249
2026-06-14 18:57:10,24.0000,16.4594,10.0061,7.5406
2026-06-14 18:57:12,24.0000,16.4530,10.0054,7.5470
2026-06-14 18:57:14,24.0000,16.5180,9.9407,7.4820
2026-06-14 18:57:16,24.0000,16.5047,10.0426,7.4953
2026-06-14 18:57:18,24.0000,16.4997,9.9960,7.5003
2026-06-14 18:57:20,24.0000,16.4913,9.9944,7.5087
2026-06-14 18:57:22,24.0000,16.4879,9.9924,7.5121
2026-06-14 18:57:24,24.0000,16.4835,10.0305,7.5165
2026-06-14 18:57:26,24.0000,16.4705,9.9842,7.5295
2026-06-14 18:57:28,24.0000,16.4706,9.9848,7.5294
2026-06-14 18:57:30,24.0000,16.4700,9.9824,7.5300
2026-06-14 18:57:32,24.0000,16.4731,9.9739,7.5269
2026-06-14 18:57:34,24.0000,16.4632,9.9638,7.5368
2026-06-14 18:57:36,24.0000,16.4628,9.9702,7.5372
2026-06-14 18:57:38,24.0000,16.4471,10.0310,7.5529
2026-06-14 18:57:40,24.0000,16.4382,10.0309,7.5618
2026-06-14 18:57:42,24.0000,16.4321,10.0307,7.5679
2026-06-14 18:57:44,24.0000,16.4313,10.0357,7.5687
2026-06-14 18:57:46,24.0000,16.4122,10.0283,7.5878
2026-06-14 18:57:48,24.0000,16.4060,10.0283,7.5940
2026-06-14 18:57:50,24.0000,16.4427,9.9925,7.5573
2026-06-14 18:57:52,24.0000,16.4230,10.0243,7.5770
2026-06-14 18:57:54,24.0000,16.4091,10.0205,7.5909
2026-06-14 18:57:56,24.0000,16.4044,10.0199,7.5956
2026-06-14 18:57:58,24.0000,16.4003,10.0197,7.5997
2026-06-14 18:58:00,24.0000,16.3940,10.0196,7.6060
2026-06-14 18:58:02,24.0000,16.3935,10.0195,7.6065
2026-06-14 18:58:04,24.0000,16.3938,10.0196,7.6062
2026-06-14 18:58:06,24.0000,16.3943,10.0196,7.6057
2026-06-14 18:58:08,24.0000,16.3944,10.0196,7.6056
2026-06-14 18:58:10,24.0000,16.3940,10.0196,7.6060
2026-06-14 18:58:12,24.0000,16.3933,10.0196,7.6067
2026-06-14 18:58:14,24.0000,16.3934,10.0197,7.6066
2026-06-14 18:58:16,24.0000,16.3919,10.0196,7.6081
2026-06-14 18:58:18,24.0000,16.3919,10.0193,7.6081
2026-06-14 18:58:20,24.0000,16.3921,10.0194,7.6079
2026-06-14 18:58:22,24.0000,16.3920,10.0194,7.6080
2026-06-14 18:58:24,24.0000,16.4287,9.9626,7.5713
2026-06-14 18:58:26,24.0000,16.4336,9.9651,7.5664
2026-06-14 18:58:28,24.0000,16.4328,9.9656,7.5672
2026-06-14 18:58:30,24.0000,16.4334,9.9657,7.5666
2026-06-14 18:58:32,24.0000,16.4361,9.9638,7.5639
2026-06-14 18:58:34,24.0000,16.4285,9.9576,7.5715
2026-06-14 18:58:36,24.0000,16.4278,9.9620,7.5722
2026-06-14 18:58:38,24.0000,16.4267,9.9638,7.5733
2026-06-14 18:58:40,24.0000,16.4281,9.9651,7.5719
2026-06-14 18:58:42,24.0000,16.4267,9.9640,7.5733
2026-06-14 18:58:44,24.0000,16.4256,9.9635,7.5744
2026-06-14 18:58:46,24.0000,16.4261,9.9664,7.5739
2026-06-14 18:58:48,24.0000,16.4270,9.9660,7.5730
2026-06-14 18:58:50,24.0000,16.4412,9.9801,7.5588
2026-06-14 18:58:52,24.0000,16.4426,9.9802,7.5574
2026-06-14 18:58:54,24.0000,16.4441,9.9720,7.5559
2026-06-14 18:58:56,24.0000,16.4434,9.9791,7.5566
2026-06-14 18:58:58,24.0000,16.4443,9.9792,7.5557
2026-06-14 18:59:00,24.0000,16.4432,9.9796,7.5568
2026-06-14 18:59:02,24.0000,16.4446,9.9801,7.5554
2026-06-14 18:59:04,24.0000,16.4438,9.9816,7.5562
2026-06-14 18:59:06,24.0000,16.4411,9.9783,7.5589
2026-06-14 18:59:08,24.0000,16.4409,10.0241,7.5591
2026-06-14 18:59:10,24.0000,16.4542,9.9811,7.5458
2026-06-14 18:59:12,24.0000,16.4545,9.9760,7.5455
2026-06-14 18:59:14,24.0000,16.4568,9.9817,7.5432
2026-06-14 18:59:16,24.0000,16.4561,9.9818,7.5439
2026-06-14 18:59:21,24.0000,16.7268,10.1171,7.2732
2026-06-14 18:59:23,24.0000,16.7106,10.1268,7.2894
2026-06-14 18:59:25,24.0000,16.6860,10.1156,7.3140
2026-06-14 18:59:27,24.0000,16.6799,10.1136,7.3201
2026-06-14 18:59:29,24.0000,16.5364,10.0092,7.4636
2026-06-14 18:59:31,24.0000,16.5077,10.0395,7.4923
2026-06-14 18:59:33,24.0000,16.4971,10.0415,7.5029
2026-06-14 18:59:35,24.0000,16.4873,10.0399,7.5127
2026-06-14 18:59:37,24.0000,16.4810,10.0397,7.5190
2026-06-14 18:59:39,24.0000,16.4760,10.0392,7.5240
2026-06-14 18:59:41,24.0000,16.5047,9.9852,7.4953
2026-06-14 18:59:43,24.0000,16.5278,10.0070,7.4722
2026-06-14 18:59:45,24.0000,16.4985,10.0054,7.5015
2026-06-14 18:59:47,24.0000,16.4959,10.0079,7.5041
2026-06-14 18:59:49,24.0000,16.4953,10.0511,7.5047
2026-06-14 18:59:51,24.0000,16.4897,10.0555,7.5103
2026-06-14 18:59:53,24.0000,16.4887,10.0006,7.5113
2026-06-14 18:59:55,24.0000,16.4723,9.9982,7.5277
2026-06-14 18:59:57,24.0000,16.4750,9.9977,7.5250
2026-06-14 18:59:59,24.0000,16.4964,10.0003,7.5036
2026-06-14 19:00:01,24.0000,16.4977,10.0008,7.5023
2026-06-14 19:00:03,24.0000,16.5420,9.9912,7.4580
2026-06-14 19:00:05,24.0000,16.5226,10.0138,7.4774
2026-06-14 19:00:07,24.0000,16.5068,10.0123,7.4932
2026-06-14 19:00:09,24.0000,16.5234,10.0351,7.4766
2026-06-14 19:00:11,24.0000,16.5227,10.0315,7.4773
2026-06-14 19:00:13,24.0000,16.4849,10.0315,7.5151
2026-06-14 19:00:15,24.0000,16.5108,10.0338,7.4892
2026-06-14 19:00:17,24.0000,16.5087,10.0366,7.4913
2026-06-14 19:00:19,24.0000,16.5070,10.0793,7.4930
2026-06-14 19:00:21,24.0000,16.5076,10.0353,7.4924
2026-06-14 19:00:23,24.0000,16.5107,10.0351,7.4893
2026-06-14 19:00:25,24.0000,16.5147,10.0349,7.4853
2026-06-14 19:00:27,24.0000,16.5145,10.0447,7.4855
2026-06-14 19:00:29,24.0000,16.5128,10.0778,7.4872
2026-06-14 19:00:31,24.0000,16.5134,10.0341,7.4866
2026-06-14 19:00:33,24.0000,16.5053,10.0342,7.4947
2026-06-14 19:00:35,24.0000,16.4917,10.0321,7.5083
2026-06-14 19:00:37,24.0000,16.4977,10.0264,7.5023
2026-06-14 19:00:39,24.0000,16.4886,10.0262,7.5114
2026-06-14 19:00:41,24.0000,16.5089,10.0331,7.4911
2026-06-14 19:00:43,24.0000,16.5080,10.0336,7.4920
2026-06-14 19:00:45,24.0000,16.5090,10.0287,7.4910
2026-06-14 19:00:47,24.0000,16.4871,10.0343,7.5129
2026-06-14 19:00:49,24.0000,16.5075,10.0302,7.4925
2026-06-14 19:00:51,24.0000,16.5073,10.0290,7.4927
2026-06-14 19:00:53,24.0000,16.4869,10.0667,7.5131
2026-06-14 19:00:55,24.0000,16.4870,10.0350,7.5130
2026-06-14 19:00:57,24.0000,16.4875,10.0182,7.5125
2026-06-14 19:00:59,24.0000,16.4878,10.0135,7.5122
2026-06-14 19:01:01,24.0000,16.4671,10.0239,7.5329
2026-06-14 19:01:03,24.0000,16.4527,10.0539,7.5473
2026-06-14 19:01:05,24.0000,16.4373,10.0502,7.5627
2026-06-14 19:01:07,24.0000,16.4319,10.0499,7.5681
2026-06-14 19:01:09,24.0000,16.4270,10.0498,7.5730
2026-06-14 19:01:11,24.0000,16.4258,10.0497,7.5742
2026-06-14 19:01:13,24.0000,16.4258,10.0496,7.5742
2026-06-14 19:01:15,24.0000,16.4251,10.0496,7.5749
2026-06-14 19:01:17,24.0000,16.4194,10.0450,7.5806
2026-06-14 19:01:19,24.0000,16.4191,10.0450,7.5809
2026-06-14 19:01:21,24.0000,16.4189,10.0448,7.5811
2026-06-14 19:01:23,24.0000,16.4191,10.0448,7.5809
2026-06-14 19:01:25,24.0000,16.4191,10.0448,7.5809
2026-06-14 19:01:27,24.0000,16.4194,10.0448,7.5806
2026-06-14 19:01:29,24.0000,16.4191,10.0448,7.5809
2026-06-14 19:01:31,24.0000,16.4553,10.0213,7.5447
2026-06-14 19:01:33,24.0000,16.4552,10.0222,7.5448
2026-06-14 19:01:35,24.0000,16.4552,10.0217,7.5448
2026-06-14 19:01:37,24.0000,16.4559,10.0131,7.5441
2026-06-14 19:01:39,24.0000,16.4841,10.0196,7.5159
2026-06-14 19:01:41,24.0000,16.4869,10.0204,7.5131
2026-06-14 19:01:43,24.0000,16.4652,10.0135,7.5348
2026-06-14 19:01:45,24.0000,16.4843,10.0195,7.5157
2026-06-14 19:01:47,24.0000,16.4863,10.0203,7.5137
2026-06-14 19:01:49,24.0000,16.4870,10.0129,7.5130
2026-06-14 19:01:51,24.0000,16.4658,10.0198,7.5342
2026-06-14 19:01:53,24.0000,16.4542,10.0130,7.5458
2026-06-14 19:01:55,24.0000,16.4744,10.0146,7.5256
2026-06-14 19:01:57,24.0000,16.4792,10.0149,7.5208
2026-06-14 19:01:59,24.0000,16.4794,10.0165,7.5206
2026-06-14 19:02:01,24.0000,16.4800,10.0163,7.5200
2026-06-14 19:02:03,24.0000,16.4701,10.0647,7.5299
2026-06-14 19:02:05,24.0000,16.4790,10.0259,7.5210
2026-06-14 19:02:07,24.0000,16.4687,10.0645,7.5313
2026-06-14 19:02:09,24.0000,16.4936,10.0208,7.5064
2026-06-14 19:02:11,24.0000,16.4825,10.0582,7.5175
2026-06-14 19:02:13,24.0000,16.4940,10.0264,7.5060
2026-06-14 19:02:15,24.0000,16.4511,10.0213,7.5489
2026-06-14 19:02:17,24.0000,16.4376,10.0307,7.5624
2026-06-14 19:02:19,24.0000,16.4384,10.0132,7.5616
2026-06-14 19:02:21,24.0000,16.5312,10.0085,7.4688
2026-06-14 19:02:23,24.0000,16.5073,10.0033,7.4927
2026-06-14 19:02:25,24.0000,16.4847,10.0190,7.5153
2026-06-14 19:02:27,24.0000,16.4970,10.0137,7.5030
2026-06-14 19:02:29,24.0000,16.4986,10.0214,7.5014
2026-06-14 19:02:31,24.0000,16.4690,10.0215,7.5310
2026-06-14 19:02:33,24.0000,16.5159,10.0180,7.4841
2026-06-14 19:02:35,24.0000,16.5282,10.0188,7.4718
2026-06-14 19:02:37,24.0000,16.4950,10.0653,7.5050
2026-06-14 19:02:39,24.0000,16.4600,10.0748,7.5400
2026-06-14 19:02:41,24.0000,16.4377,10.0673,7.5623
2026-06-14 19:02:43,24.0000,16.4321,10.0678,7.5679
2026-06-14 19:02:45,24.0000,16.4453,10.0463,7.5547
2026-06-14 19:02:47,24.0000,16.4313,10.0460,7.5687
2026-06-14 19:02:49,24.0000,16.4528,10.0456,7.5472
2026-06-14 19:02:51,24.0000,16.4872,10.0137,7.5128
2026-06-14 19:02:53,24.0000,16.4760,10.0194,7.5240
2026-06-14 19:02:55,24.0000,16.4703,10.0187,7.5297
2026-06-14 19:02:57,24.0000,16.4654,10.0181,7.5346
2026-06-14 19:02:59,24.0000,16.4666,10.0163,7.5334
2026-06-14 19:03:01,24.0000,16.5160,10.0114,7.4840
2026-06-14 19:03:03,24.0000,16.5263,10.0204,7.4737
2026-06-14 19:03:05,24.0000,16.5217,10.0225,7.4783
2026-06-14 19:03:07,24.0000,16.5013,10.0264,7.4987
2026-06-14 19:03:09,24.0000,16.5066,10.0506,7.4934
2026-06-14 19:03:11,24.0000,16.5107,10.0757,7.4893
2026-06-14 19:03:13,24.0000,16.4959,10.0609,7.5041
2026-06-14 19:03:15,24.0000,16.4835,10.0578,7.5165
2026-06-14 19:03:17,24.0000,16.5042,10.0298,7.4958
2026-06-14 19:03:19,24.0000,16.6025,9.9473,7.3975
2026-06-14 19:03:21,24.0000,16.5716,9.9800,7.4284
2026-06-14 19:03:23,24.0000,16.5141,9.9247,7.4859
2026-06-14 19:03:25,24.0000,16.5970,9.9918,7.4030
2026-06-14 19:03:27,24.0000,16.5683,10.0252,7.4317
2026-06-14 19:03:29,24.0000,16.5644,10.0807,7.4356
2026-06-14 19:03:31,24.0000,16.5284,10.0641,7.4716
2026-06-14 19:03:33,24.0000,16.5736,10.0432,7.4264
2026-06-14 19:03:35,24.0000,16.6700,10.0161,7.3300
2026-06-14 19:03:37,24.0000,16.6562,10.0916,7.3438
2026-06-14 19:03:39,24.0000,16.6573,10.0903,7.3427
2026-06-14 19:03:41,24.0000,16.6385,10.0896,7.3615
2026-06-14 19:03:43,24.0000,16.6257,10.0779,7.3743
2026-06-14 19:03:45,24.0000,16.7221,9.9854,7.2779
2026-06-14 19:08:18,24.0000,15.5910,9.6338,8.4090
2026-06-14 19:08:20,24.0000,15.5290,9.6492,8.4710
2026-06-14 19:08:22,24.0000,15.5537,9.6402,8.4463
2026-06-14 19:08:24,24.0000,15.5427,9.6393,8.4573
2026-06-14 19:08:26,24.0000,15.2921,9.5568,8.7079
2026-06-14 19:08:28,24.0000,15.2754,9.5523,8.7246
2026-06-14 19:08:30,24.0000,15.2682,9.5499,8.7318
2026-06-14 19:08:32,24.0000,15.2645,9.5478,8.7355
2026-06-14 19:08:34,24.0000,15.2531,9.5451,8.7469
2026-06-14 19:08:36,24.0000,15.2358,9.5291,8.7642
2026-06-14 19:08:38,24.0000,15.2358,9.5421,8.7642
2026-06-14 19:08:40,24.0000,15.2469,9.5174,8.7531
2026-06-14 19:08:42,24.0000,15.2479,9.5276,8.7521
2026-06-14 19:08:44,24.0000,15.2609,9.5392,8.7391
2026-06-14 19:08:46,24.0000,15.2553,9.5355,8.7447
2026-06-14 19:08:48,24.0000,15.2552,9.5350,8.7448
2026-06-14 19:08:50,24.0000,15.2545,9.5345,8.7455
2026-06-14 19:08:52,24.0000,15.2542,9.5410,8.7458
2026-06-14 19:08:54,24.0000,15.2545,9.5412,8.7455
2026-06-14 19:08:56,24.0000,15.2470,9.5395,8.7530
2026-06-14 19:08:58,24.0000,15.2359,9.5325,8.7641
2026-06-14 19:09:00,24.0000,15.2366,9.5305,8.7634
2026-06-14 19:09:02,24.0000,15.2363,9.5312,8.7637
2026-06-14 19:09:04,24.0000,15.2296,9.5242,8.7704
2026-06-14 19:09:06,24.0000,15.2448,9.5272,8.7552
2026-06-14 19:09:08,24.0000,15.2289,9.5574,8.7711
2026-06-14 19:09:10,24.0000,15.2021,9.5716,8.7979
2026-06-15 15:21:46,24.0000,16.1621,10.0120,7.8379
2026-06-15 15:21:48,24.0000,15.9115,9.9280,8.0885
2026-06-15 15:21:50,24.0000,15.8788,9.9293,8.1212
2026-06-15 15:21:52,24.0000,15.9051,9.8922,8.0949
2026-06-15 15:21:54,24.0000,15.8425,9.9178,8.1575
2026-06-15 15:21:56,24.0000,15.8016,9.8987,8.1984
2026-06-15 15:21:58,24.0000,15.7934,9.8977,8.2066
2026-06-15 15:22:00,24.0000,15.7013,9.8397,8.2987
2026-06-15 15:22:02,24.0000,15.7003,9.8425,8.2997
2026-06-15 15:22:04,24.0000,15.7459,9.8410,8.2541
2026-06-15 15:22:06,24.0000,15.7449,9.8519,8.2551
2026-06-15 15:22:08,24.0000,15.7360,9.8450,8.2640
2026-06-15 15:22:10,24.0000,15.7182,9.8515,8.2818
2026-06-15 15:22:12,24.0000,15.7343,9.8432,8.2657
2026-06-15 15:22:14,24.0000,15.7628,9.8484,8.2372
2026-06-15 15:22:16,24.0000,15.7460,9.8509,8.2540
2026-06-15 15:22:18,24.0000,15.7509,9.8736,8.2491
2026-06-15 15:22:20,24.0000,15.7848,9.8442,8.2152
2026-06-15 15:22:22,24.0000,15.7795,9.8528,8.2205
2026-06-15 15:22:24,24.0000,15.7742,9.8917,8.2258
2026-06-15 15:22:26,24.0000,15.7703,9.8931,8.2297
2026-06-15 15:22:28,24.0000,15.7715,9.8894,8.2285
2026-06-15 15:22:30,24.0000,15.7747,9.8888,8.2253
2026-06-15 15:22:32,24.0000,15.7914,9.8125,8.2086
2026-06-15 15:22:34,24.0000,15.8016,9.8791,8.1984
2026-06-15 15:22:36,24.0000,15.7747,9.9377,8.2253
2026-06-15 15:22:38,24.0000,15.7477,9.9386,8.2523
2026-06-15 15:22:40,24.0000,15.7743,9.9415,8.2257
2026-06-15 15:22:42,24.0000,15.7693,9.9406,8.2307
2026-06-15 15:22:44,24.0000,15.7489,9.9371,8.2511
2026-06-15 15:22:46,24.0000,15.7224,9.9366,8.2776
2026-06-15 15:22:48,24.0000,15.7243,9.9363,8.2757
2026-06-15 15:22:50,24.0000,15.7449,9.9326,8.2551
2026-06-15 15:22:52,24.0000,15.8140,9.9548,8.1860
2026-06-15 15:22:54,24.0000,15.7771,9.9486,8.2229
2026-06-15 15:22:56,24.0000,15.7737,9.9185,8.2263
2026-06-15 15:22:58,24.0000,15.7670,9.9206,8.2330
2026-06-15 15:23:00,24.0000,15.7537,9.9143,8.2463
2026-06-15 15:23:02,24.0000,15.7458,9.9129,8.2542
2026-06-15 15:23:04,24.0000,15.7475,9.9126,8.2525
2026-06-15 15:23:06,24.0000,15.7580,9.9224,8.2420
2026-06-15 15:23:08,24.0000,15.6678,9.8727,8.3322
2026-06-15 15:23:10,24.0000,15.6514,9.8760,8.3486
2026-06-15 15:23:12,24.0000,15.6342,9.8733,8.3658
2026-06-15 15:23:14,24.0000,15.6587,9.8712,8.3413
2026-06-15 15:23:16,24.0000,15.6425,9.8656,8.3575
2026-06-15 15:23:18,24.0000,15.6309,9.8665,8.3691
2026-06-15 15:23:20,24.0000,15.6649,9.8699,8.3351
2026-06-15 15:23:22,24.0000,15.6578,9.8839,8.3422
2026-06-15 15:23:24,24.0000,15.7321,9.8442,8.2679
2026-06-15 15:23:26,24.0000,15.7054,9.8959,8.2946
2026-06-15 15:23:28,24.0000,15.6975,9.8899,8.3025
2026-06-15 15:23:30,24.0000,15.6920,9.8846,8.3080
2026-06-15 15:23:32,24.0000,15.6889,9.9085,8.3111
2026-06-15 15:23:34,24.0000,15.7342,9.8496,8.2658
2026-06-15 15:23:36,24.0000,15.7423,9.9132,8.2577
2026-06-15 15:23:38,24.0000,15.7395,9.9129,8.2605
2026-06-15 15:23:40,24.0000,15.7574,9.9083,8.2426
2026-06-15 15:23:42,24.0000,15.7384,9.9254,8.2616
2026-06-15 15:23:44,24.0000,15.7284,9.9118,8.2716
2026-06-15 15:23:46,24.0000,15.7198,9.9278,8.2802
2026-06-15 15:23:48,24.0000,15.7275,9.9084,8.2725
2026-06-15 15:23:50,24.0000,15.7299,9.8912,8.2701
2026-06-15 15:23:52,24.0000,15.7204,9.9073,8.2796
2026-06-15 15:23:54,24.0000,15.7403,9.9002,8.2597
2026-06-15 15:23:56,24.0000,15.7155,9.8971,8.2845
2026-06-15 15:23:58,24.0000,15.7153,9.9026,8.2847
2026-06-15 15:24:00,24.0000,15.7145,9.8845,8.2855
2026-06-15 15:24:02,24.0000,15.7104,9.9013,8.2896
2026-06-15 15:24:04,24.0000,15.7194,9.8944,8.2806
2026-06-15 15:24:06,24.0000,15.7399,9.9001,8.2601
2026-06-15 15:24:08,24.0000,15.7258,9.9110,8.2742
2026-06-15 15:24:10,24.0000,15.7262,9.9019,8.2738
2026-06-15 15:24:12,24.0000,15.7182,9.9077,8.2818
2026-06-15 15:24:14,24.0000,15.7557,9.9183,8.2443
2026-06-15 15:24:16,24.0000,15.7633,9.9269,8.2367
2026-06-15 15:24:18,24.0000,15.7687,9.9330,8.2313
2026-06-15 15:24:20,24.0000,15.7701,9.9329,8.2299
2026-06-15 15:24:22,24.0000,15.7723,9.9308,8.2277
2026-06-15 15:24:24,24.0000,15.7608,9.9255,8.2392
2026-06-15 15:24:26,24.0000,15.7538,9.9202,8.2462
2026-06-15 15:24:28,24.0000,15.7247,9.8964,8.2753
2026-06-15 15:24:30,24.0000,15.7216,9.9017,8.2784
2026-06-15 15:24:32,24.0000,15.7229,9.8889,8.2771
2026-06-15 15:24:38,24.0000,15.9320,9.9705,8.0680
2026-06-15 15:24:40,24.0000,15.9053,9.9601,8.0947
2026-06-15 15:24:42,24.0000,15.8746,9.9522,8.1254
2026-06-15 15:24:44,24.0000,15.8643,9.9532,8.1357
2026-06-15 15:24:46,24.0000,15.9158,9.8971,8.0842
2026-06-15 15:24:48,24.0000,15.8941,9.9243,8.1059
2026-06-15 15:24:50,24.0000,15.8810,9.9268,8.1190
2026-06-15 15:24:52,24.0000,15.8775,9.9245,8.1225
2026-06-15 15:24:54,24.0000,15.8767,9.9267,8.1233
2026-06-15 15:24:56,24.0000,15.8734,9.9330,8.1266
2026-06-15 15:24:58,24.0000,15.8665,9.9173,8.1335
2026-06-15 15:25:00,24.0000,15.9267,9.8881,8.0733
2026-06-15 15:25:02,24.0000,16.0647,9.9929,7.9353
2026-06-15 15:25:04,24.0000,16.3121,10.0033,7.6879
2026-06-15 15:25:06,24.0000,16.2879,10.0053,7.7121
2026-06-15 15:25:08,24.0000,16.2789,9.9833,7.7211
2026-06-15 15:25:10,24.0000,16.2780,10.0011,7.7220
2026-06-15 15:25:12,24.0000,16.2634,9.9979,7.7366
2026-06-15 15:25:14,24.0000,16.3091,10.0384,7.6909
2026-06-15 15:25:16,24.0000,16.2466,9.9965,7.7534
2026-06-15 15:25:18,24.0000,16.2266,9.9721,7.7734
2026-06-15 15:25:20,24.0000,16.2396,9.9770,7.7604
2026-06-15 15:25:22,24.0000,16.2283,9.9819,7.7717
2026-06-15 15:25:24,24.0000,16.2012,9.9861,7.7988
2026-06-15 15:25:26,24.0000,16.2006,9.9618,7.7994
2026-06-15 15:25:28,24.0000,16.1949,9.9663,7.8051
2026-06-15 15:25:30,24.0000,16.1940,9.9733,7.8060
2026-06-15 15:25:32,24.0000,16.1844,9.9798,7.8156
2026-06-15 15:25:34,24.0000,16.1789,9.9757,7.8211
2026-06-15 15:25:39,24.0000,15.9444,9.9820,8.0556
2026-06-15 15:25:41,24.0000,15.9105,9.9818,8.0895
2026-06-15 15:25:43,24.0000,15.8769,9.9284,8.1231
2026-06-15 15:25:45,24.0000,15.8564,9.9371,8.1436
2026-06-15 15:25:47,24.0000,15.8971,9.9221,8.1029
2026-06-15 15:25:49,24.0000,15.9095,9.9226,8.0905
2026-06-15 15:25:51,24.0000,15.8834,9.9245,8.1166
2026-06-15 15:25:53,24.0000,15.8602,9.9072,8.1398
2026-06-15 15:25:55,24.0000,15.8419,9.9040,8.1581
2026-06-15 15:25:57,24.0000,15.8533,9.9043,8.1467
2026-06-15 15:25:59,24.0000,15.8170,9.8959,8.1830
2026-06-15 15:26:01,24.0000,15.8081,9.8780,8.1919
2026-06-15 15:26:03,24.0000,15.8151,9.8895,8.1849
2026-06-15 15:26:05,24.0000,15.8193,9.9017,8.1807
2026-06-15 15:26:07,24.0000,15.8240,9.8825,8.1760
2026-06-15 15:26:09,24.0000,15.8148,9.8591,8.1852
2026-06-15 15:26:11,24.0000,15.7680,9.8554,8.2320
2026-06-15 15:26:13,24.0000,15.7643,9.8488,8.2357
2026-06-15 15:26:15,24.0000,15.7623,9.8534,8.2377
2026-06-15 15:26:17,24.0000,15.7472,9.8528,8.2528
2026-06-15 15:26:19,24.0000,15.8067,9.8388,8.1933
2026-06-15 15:26:21,24.0000,15.7786,9.8572,8.2214
2026-06-15 15:26:23,24.0000,15.7767,9.8582,8.2233
2026-06-15 15:26:25,24.0000,15.7821,9.8829,8.2179
2026-06-15 15:26:27,24.0000,15.7790,9.8653,8.2210
2026-06-15 15:26:29,24.0000,15.7921,9.8654,8.2079
2026-06-15 15:26:36,24.0000,15.9032,9.9524,8.0968
2026-06-15 15:26:38,24.0000,15.8612,9.9326,8.1388
2026-06-15 15:26:40,24.0000,15.8275,9.9147,8.1725
2026-06-15 15:26:42,24.0000,15.8061,9.9067,8.1939
2026-06-15 15:26:44,24.0000,15.8981,9.8960,8.1019
2026-06-15 15:26:46,24.0000,15.8774,9.9112,8.1226
2026-06-15 15:26:48,24.0000,15.8633,9.9161,8.1367
2026-06-15 15:26:50,24.0000,15.8186,9.9005,8.1814
2026-06-15 15:32:22,24.0000,15.4785,9.9565,8.5215
2026-06-15 15:32:24,24.0000,15.4822,9.9412,8.5178
2026-06-15 15:32:26,24.0000,15.4461,9.9642,8.5539
2026-06-15 15:32:28,24.0000,15.4351,9.9370,8.5649
2026-06-15 15:32:30,24.0000,15.5712,9.9447,8.4288
2026-06-15 15:32:32,24.0000,15.6081,9.9663,8.3919
2026-06-15 15:32:34,24.0000,15.5991,9.9902,8.4009
2026-06-15 15:32:36,24.0000,15.5638,9.9853,8.4362
2026-06-15 15:32:38,24.0000,15.6300,9.9768,8.3700
2026-06-15 15:32:40,24.0000,15.6034,9.9710,8.3966
2026-06-15 15:32:42,24.0000,15.5790,9.9676,8.4210
2026-06-15 15:32:44,24.0000,15.5658,9.9796,8.4342
2026-06-15 15:32:46,24.0000,15.5644,9.9998,8.4356
2026-06-15 15:32:48,24.0000,15.5972,9.9935,8.4028
2026-06-15 15:32:50,24.0000,15.6005,9.9851,8.3995
2026-06-15 15:32:52,24.0000,15.5987,10.0129,8.4013
2026-06-15 15:32:54,24.0000,15.5913,10.0128,8.4087
2026-06-15 15:32:56,24.0000,15.5823,10.0201,8.4177
2026-06-15 15:32:58,24.0000,15.5808,10.0172,8.4192
2026-06-15 15:33:00,24.0000,15.6119,10.0137,8.3881
2026-06-15 15:33:02,24.0000,15.5962,10.0258,8.4038
2026-06-15 15:33:04,24.0000,15.5793,10.0275,8.4207
2026-06-15 15:33:06,24.0000,15.5765,10.0276,8.4235
2026-06-15 15:33:08,24.0000,15.5729,10.0007,8.4271
2026-06-15 15:33:10,24.0000,15.5551,9.9981,8.4449
2026-06-15 15:33:12,24.0000,15.5639,10.0026,8.4361
2026-06-15 15:33:14,24.0000,15.5563,10.0040,8.4437
2026-06-15 15:33:16,24.0000,15.5588,10.0073,8.4412
2026-06-15 15:33:18,24.0000,15.5531,9.9989,8.4469
2026-06-15 15:33:20,24.0000,15.5257,9.9942,8.4743
2026-06-15 15:33:22,24.0000,15.5416,9.9601,8.4584
2026-06-15 15:33:24,24.0000,15.5532,9.9641,8.4468
2026-06-15 15:33:26,24.0000,16.0971,9.9978,7.9029
2026-06-15 15:33:28,24.0000,16.2316,10.0197,7.7684
2026-06-15 15:33:30,24.0000,16.2371,10.0450,7.7629
2026-06-15 15:33:32,24.0000,16.2835,10.0426,7.7165
2026-06-15 15:33:34,24.0000,16.4367,9.9561,7.5633
2026-06-15 15:33:36,24.0000,16.4253,10.0255,7.5747
2026-06-15 15:33:38,24.0000,16.3965,10.0265,7.6035
2026-06-15 15:33:40,24.0000,16.3938,10.0184,7.6062
2026-06-15 15:33:42,24.0000,16.3775,10.0207,7.6225
2026-06-15 15:33:44,24.0000,16.3801,10.0188,7.6199
2026-06-15 15:33:46,24.0000,16.3681,10.0070,7.6319
2026-06-15 15:33:48,24.0000,16.3757,10.0219,7.6243
2026-06-15 15:33:50,24.0000,16.4470,9.9893,7.5530
2026-06-15 15:33:52,24.0000,16.4294,10.0017,7.5706
2026-06-15 15:33:54,24.0000,16.4561,10.0125,7.5439
2026-06-15 15:33:56,24.0000,16.4572,9.9735,7.5428
2026-06-15 15:33:58,24.0000,16.4396,10.0416,7.5604
2026-06-15 15:34:00,24.0000,16.4391,10.0414,7.5609
2026-06-15 15:34:02,24.0000,16.4202,10.0093,7.5798
2026-06-15 15:34:04,24.0000,16.4225,10.0106,7.5775
2026-06-15 15:34:06,24.0000,16.4522,9.9950,7.5478
2026-06-15 15:34:08,24.0000,16.4447,10.0043,7.5553
2026-06-15 15:34:10,24.0000,16.4483,10.0092,7.5517
2026-06-15 15:34:12,24.0000,16.4590,10.0282,7.5410
2026-06-15 15:34:14,24.0000,16.4443,10.0315,7.5557
2026-06-15 15:34:16,24.0000,16.4363,10.0294,7.5637
2026-06-15 15:34:18,24.0000,16.4322,10.0260,7.5678
2026-06-15 15:34:20,24.0000,16.4243,10.0211,7.5757
2026-06-15 15:34:22,24.0000,16.4557,10.0230,7.5443
2026-06-15 15:34:24,24.0000,16.4180,10.0730,7.5820
2026-06-15 15:34:26,24.0000,16.4054,10.0756,7.5946
2026-06-15 15:34:28,24.0000,16.3968,10.0096,7.6032
2026-06-15 15:34:30,24.0000,16.3823,10.0000,7.6177
2026-06-15 15:34:32,24.0000,16.3719,9.9911,7.6281
2026-06-15 15:34:34,24.0000,16.3731,9.9920,7.6269
2026-06-15 15:34:36,24.0000,16.3765,9.9893,7.6235
2026-06-15 15:34:38,24.0000,16.3779,9.9885,7.6221
2026-06-15 15:34:40,24.0000,16.3802,9.9914,7.6198
2026-06-15 15:34:42,24.0000,16.3852,9.9971,7.6148
2026-06-15 15:34:44,24.0000,16.3886,9.9968,7.6114
2026-06-15 15:34:46,24.0000,16.3870,9.9919,7.6130
2026-06-15 15:34:48,24.0000,16.3862,9.9944,7.6138
2026-06-15 15:34:50,24.0000,16.3913,9.9954,7.6087
2026-06-15 15:34:52,24.0000,16.3885,9.9933,7.6115
2026-06-15 15:34:54,24.0000,16.3794,9.9890,7.6206
2026-06-15 15:34:56,24.0000,16.3694,9.9748,7.6306
2026-06-15 15:34:58,24.0000,16.4369,10.0207,7.5631
2026-06-15 15:35:00,24.0000,16.4344,10.0019,7.5656
2026-06-15 15:35:02,24.0000,16.4252,10.0221,7.5748
2026-06-15 15:35:04,24.0000,16.4117,10.0206,7.5883
2026-06-15 15:35:06,24.0000,16.4081,9.9890,7.5919
2026-06-15 15:35:08,24.0000,16.3919,9.9880,7.6081
2026-06-15 15:35:10,24.0000,16.4091,10.0447,7.5909
2026-06-15 15:35:12,24.0000,16.4182,10.0508,7.5818
2026-06-15 15:35:14,24.0000,16.4577,9.9872,7.5423
2026-06-15 15:35:16,24.0000,16.4489,10.0225,7.5511
2026-06-15 15:35:18,24.0000,16.4557,10.0005,7.5443
2026-06-15 15:35:20,24.0000,16.3978,9.9915,7.6022
2026-06-15 15:35:22,24.0000,16.4443,9.9507,7.5557
2026-06-15 15:35:24,24.0000,16.4460,9.9760,7.5540
2026-06-15 15:35:26,24.0000,16.4411,9.9696,7.5589
2026-06-15 15:35:28,24.0000,16.4194,10.0190,7.5806
2026-06-15 15:35:30,24.0000,16.4010,10.0206,7.5990
2026-06-15 15:35:32,24.0000,16.4047,10.0183,7.5953
2026-06-15 15:35:34,24.0000,16.4330,10.0195,7.5670
2026-06-15 15:35:36,24.0000,16.4540,9.9043,7.5460
2026-06-15 15:35:38,24.0000,16.4212,10.0197,7.5788
2026-06-15 15:35:40,24.0000,16.4446,10.0011,7.5554
2026-06-15 15:35:42,24.0000,16.4294,9.9895,7.5706
2026-06-15 15:35:44,24.0000,16.4127,10.0037,7.5873
2026-06-15 15:35:46,24.0000,16.3602,10.0096,7.6398
2026-06-15 15:35:48,24.0000,16.3348,9.9928,7.6652
2026-06-15 15:35:50,24.0000,16.3329,9.9874,7.6671
2026-06-15 15:35:52,24.0000,16.3264,9.9715,7.6736
2026-06-15 15:35:54,24.0000,16.3293,9.9711,7.6707
2026-06-15 15:36:00,24.0000,16.0306,9.9440,7.9694
2026-06-15 15:36:02,24.0000,16.0065,9.9321,7.9935
2026-06-15 15:36:04,24.0000,16.0063,9.8889,7.9937
2026-06-15 15:36:06,24.0000,16.0103,9.8950,7.9897
2026-06-15 15:36:08,24.0000,16.0378,9.8934,7.9622
2026-06-15 15:36:10,24.0000,15.9927,9.9154,8.0073
2026-06-15 15:36:15,24.0000,15.9992,9.9508,8.0008
2026-06-15 15:36:17,24.0000,15.9883,9.8889,8.0117
2026-06-15 15:36:19,24.0000,15.9142,9.8808,8.0858
2026-06-15 15:36:21,24.0000,15.9005,9.8574,8.0995
2026-06-15 15:36:23,24.0000,15.9266,9.8632,8.0734
2026-06-15 15:36:25,24.0000,16.0487,9.8755,7.9513
2026-06-15 15:36:27,24.0000,15.9873,9.9196,8.0127
2026-06-15 15:36:29,24.0000,15.9524,9.9195,8.0476
2026-06-15 15:36:31,24.0000,15.9172,9.9119,8.0828
2026-06-15 15:36:33,24.0000,15.8989,9.9050,8.1011
2026-06-15 15:36:35,24.0000,15.8584,9.8975,8.1416
2026-06-15 15:36:37,24.0000,15.8461,9.9031,8.1539
2026-06-15 15:36:39,24.0000,15.8443,9.8876,8.1557
2026-06-15 15:36:41,24.0000,15.8304,9.8803,8.1696
2026-06-15 15:36:43,24.0000,15.8274,9.8768,8.1726
2026-06-15 15:36:45,24.0000,15.8328,9.8607,8.1672
2026-06-15 15:36:47,24.0000,15.8288,9.8613,8.1712
2026-06-15 15:36:49,24.0000,15.8670,9.8192,8.1330
2026-06-15 15:36:51,24.0000,15.8524,9.8471,8.1476
2026-06-15 15:36:53,24.0000,15.8424,9.8470,8.1576
2026-06-15 15:36:55,24.0000,15.8292,9.8521,8.1708
2026-06-15 15:36:57,24.0000,15.8051,9.8472,8.1949
2026-06-15 15:36:59,24.0000,15.7879,9.8388,8.2121
2026-06-15 15:37:01,24.0000,15.7729,9.8105,8.2271
2026-06-15 15:37:03,24.0000,15.7630,9.8189,8.2370
2026-06-15 15:37:05,24.0000,15.7690,9.8110,8.2310
2026-06-15 15:37:07,24.0000,15.7690,9.8356,8.2310
2026-06-15 15:37:09,24.0000,15.7542,9.8248,8.2458
2026-06-15 15:37:11,24.0000,15.7468,9.8265,8.2532
2026-06-15 15:37:13,24.0000,15.7499,9.8059,8.2501
2026-06-15 15:37:15,24.0000,15.7435,9.8150,8.2565
2026-06-15 15:37:17,24.0000,15.7435,9.8020,8.2565
2026-06-15 15:37:19,24.0000,15.7379,9.8180,8.2621
2026-06-15 15:37:21,24.0000,15.6642,9.7817,8.3358
2026-06-15 15:37:23,24.0000,15.6740,9.7792,8.3260
2026-06-15 15:37:25,24.0000,15.6721,9.7806,8.3279
2026-06-15 15:37:27,24.0000,15.6640,9.7809,8.3360
2026-06-15 15:37:29,24.0000,15.7095,9.7648,8.2905
2026-06-15 15:37:31,24.0000,15.6927,9.7929,8.3073
2026-06-15 15:37:33,24.0000,15.6747,9.7859,8.3253
2026-06-15 15:37:35,24.0000,15.6883,9.7744,8.3117
2026-06-15 15:37:37,24.0000,15.6891,9.7641,8.3109
2026-06-15 15:37:39,24.0000,15.6866,9.7888,8.3134
2026-06-15 15:37:41,24.0000,15.6993,9.7860,8.3007
2026-06-15 15:37:43,24.0000,15.6730,9.7742,8.3270
2026-06-15 15:37:45,24.0000,15.6892,9.7820,8.3108
2026-06-15 15:37:47,24.0000,15.7004,9.7780,8.2996
2026-06-15 15:37:49,24.0000,15.6975,9.8098,8.3025
2026-06-15 15:37:51,24.0000,15.7064,9.7850,8.2936
2026-06-15 15:37:53,24.0000,15.7201,9.7904,8.2799
2026-06-15 15:37:55,24.0000,15.7123,9.7960,8.2877
2026-06-15 15:37:57,24.0000,15.6978,9.7793,8.3022
2026-06-15 15:37:59,24.0000,15.6996,9.7769,8.3004
2026-06-15 15:38:01,24.0000,15.7136,9.7874,8.2864
2026-06-15 15:38:03,24.0000,15.7200,9.7927,8.2800
2026-06-15 15:38:05,24.0000,15.6992,9.7751,8.3008
2026-06-15 15:38:07,24.0000,15.6894,9.7904,8.3106
2026-06-15 15:38:09,24.0000,15.7306,9.7685,8.2694
2026-06-15 15:38:11,24.0000,15.6918,9.7822,8.3082
2026-06-15 15:38:13,24.0000,15.6867,9.7960,8.3133
2026-06-15 15:38:15,24.0000,15.6946,9.7937,8.3054
2026-06-15 15:38:17,24.0000,15.7095,9.8106,8.2905
2026-06-15 15:38:19,24.0000,15.6924,9.7999,8.3076
2026-06-15 15:38:21,24.0000,15.7994,9.7998,8.2006
2026-06-15 15:38:23,24.0000,15.8098,9.8391,8.1902
2026-06-15 15:38:25,24.0000,15.8352,9.8102,8.1648
2026-06-15 15:38:27,24.0000,15.8843,9.8577,8.1157
2026-06-15 15:38:29,24.0000,15.8756,9.8622,8.1244
2026-06-15 15:38:31,24.0000,15.9154,9.8362,8.0846
2026-06-15 15:38:33,24.0000,15.8797,9.8603,8.1203
2026-06-15 15:38:35,24.0000,15.8570,9.8892,8.1430
2026-06-15 15:38:37,24.0000,15.8391,9.8788,8.1609
2026-06-15 15:38:39,24.0000,15.8301,9.8834,8.1699
2026-06-15 15:38:41,24.0000,15.8365,9.8815,8.1635
2026-06-15 15:38:43,24.0000,15.8119,9.8766,8.1881
2026-06-15 15:38:45,24.0000,15.8592,9.8779,8.1408
2026-06-15 15:38:47,24.0000,15.8364,9.8776,8.1636
2026-06-15 15:38:49,24.0000,15.8354,9.8798,8.1646
2026-06-15 15:38:51,24.0000,15.9866,9.8093,8.0134
2026-06-15 15:38:53,24.0000,15.9556,9.9166,8.0444
2026-06-15 15:38:55,24.0000,15.9300,9.9321,8.0700
2026-06-15 15:38:57,24.0000,15.9989,9.8842,8.0011
2026-06-15 15:38:59,24.0000,15.9664,9.9564,8.0336
2026-06-15 15:39:01,24.0000,15.9592,9.9334,8.0408
2026-06-15 15:39:03,24.0000,15.9151,9.9318,8.0849
2026-06-15 15:39:05,24.0000,15.9196,9.9317,8.0804
2026-06-15 15:39:07,24.0000,16.0346,9.8834,7.9654
2026-06-15 15:39:09,24.0000,16.0241,9.9245,7.9759
2026-06-15 15:39:11,24.0000,16.0127,9.9433,7.9873
2026-06-15 15:39:13,24.0000,16.0113,9.8813,7.9887
2026-06-15 15:39:15,24.0000,16.0038,9.9510,7.9962
2026-06-15 15:39:17,24.0000,15.9906,9.9489,8.0094
2026-06-15 15:39:19,24.0000,15.9760,9.9767,8.0240
2026-06-15 15:39:21,24.0000,16.0252,9.9682,7.9748
2026-06-15 15:39:23,24.0000,15.9848,9.9848,8.0152
2026-06-15 15:39:25,24.0000,15.9701,9.9783,8.0299
2026-06-15 15:39:27,24.0000,15.9656,9.9931,8.0344
2026-06-15 15:39:29,24.0000,15.9634,9.9777,8.0366
2026-06-15 15:39:31,24.0000,15.9518,9.9549,8.0482
2026-06-15 15:39:33,24.0000,16.0116,9.9292,7.9884
2026-06-15 15:39:35,24.0000,15.9946,9.9187,8.0054
2026-06-15 15:39:37,24.0000,15.9881,9.8870,8.0119
2026-06-15 15:39:39,24.0000,16.0023,9.9332,7.9977
2026-06-15 15:39:41,24.0000,16.0991,9.9409,7.9009
2026-06-15 15:39:43,24.0000,16.0963,10.0249,7.9037
2026-06-15 15:39:45,24.0000,16.0855,10.0231,7.9145
2026-06-15 15:39:47,24.0000,16.0687,10.0117,7.9313
2026-06-15 15:39:49,24.0000,16.0749,9.9578,7.9251
2026-06-15 15:39:51,24.0000,16.0824,9.9601,7.9176
2026-06-15 15:39:53,24.0000,16.0618,10.0207,7.9382
2026-06-15 15:39:55,24.0000,16.0514,10.0133,7.9486
2026-06-15 15:39:57,24.0000,16.1316,9.9129,7.8684
2026-06-15 15:39:59,24.0000,16.1207,10.0045,7.8793
2026-06-15 15:40:01,24.0000,16.1082,10.0014,7.8918
2026-06-15 15:40:03,24.0000,15.9897,9.9424,8.0103
2026-06-15 15:40:05,24.0000,15.9812,9.9714,8.0188
2026-06-15 15:40:07,24.0000,16.0104,9.9578,7.9896
2026-06-15 15:40:09,24.0000,15.9958,9.9518,8.0042
2026-06-15 15:40:11,24.0000,15.9856,10.0025,8.0144
2026-06-15 15:40:13,24.0000,15.9748,9.9732,8.0252
2026-06-15 15:40:15,24.0000,16.0001,9.9062,7.9999
2026-06-15 15:40:17,24.0000,15.9899,9.9234,8.0101
2026-06-15 15:40:19,24.0000,15.9850,9.9849,8.0150
2026-06-15 15:40:21,24.0000,15.9978,9.9273,8.0022
2026-06-15 15:40:23,24.0000,15.9081,9.8840,8.0919
2026-06-15 15:40:25,24.0000,15.8948,9.9420,8.1052
2026-06-15 15:40:27,24.0000,15.8764,9.9312,8.1236
2026-06-15 15:40:29,24.0000,15.9072,9.9471,8.0928
2026-06-15 15:40:31,24.0000,15.8748,9.9559,8.1252
2026-06-15 15:40:33,24.0000,15.9237,9.9186,8.0763
2026-06-15 15:40:35,24.0000,15.9056,9.9170,8.0944
2026-06-15 15:40:37,24.0000,15.8271,9.9277,8.1729
2026-06-15 15:40:39,24.0000,15.8358,9.8992,8.1642
2026-06-15 15:40:41,24.0000,15.8529,9.9317,8.1471
2026-06-15 15:40:43,24.0000,15.8286,9.8988,8.1714
2026-06-15 15:40:45,24.0000,15.8657,9.8801,8.1343
2026-06-15 15:40:47,24.0000,15.8805,9.8833,8.1195
2026-06-15 15:40:49,24.0000,15.9238,9.9048,8.0762
2026-06-15 15:40:51,24.0000,15.9109,9.9623,8.0891
2026-06-15 15:40:53,24.0000,15.9304,9.8964,8.0696
2026-06-15 15:40:55,24.0000,15.9773,9.9264,8.0227
2026-06-15 15:40:57,24.0000,15.9465,9.9852,8.0535
2026-06-15 15:40:59,24.0000,15.9586,9.9788,8.0414
2026-06-15 15:41:01,24.0000,15.9547,9.9757,8.0453
2026-06-15 15:41:03,24.0000,15.9737,9.9057,8.0263
2026-06-15 15:41:05,24.0000,15.9772,9.9471,8.0228
2026-06-15 15:41:07,24.0000,15.9827,9.9455,8.0173
2026-06-15 15:41:09,24.0000,15.9565,9.9899,8.0435
2026-06-15 15:41:11,24.0000,15.9632,9.9993,8.0368
2026-06-15 15:41:13,24.0000,15.9466,9.9737,8.0534
2026-06-15 15:41:15,24.0000,15.9660,9.9802,8.0340
2026-06-15 15:41:17,24.0000,15.9458,9.9903,8.0542
2026-06-15 15:41:19,24.0000,15.8946,9.9029,8.1054
2026-06-15 15:41:21,24.0000,15.8602,9.9216,8.1398
2026-06-15 15:41:23,24.0000,15.8695,9.8663,8.1305
2026-06-15 15:41:25,24.0000,15.8817,9.8189,8.1183
2026-06-15 15:41:27,24.0000,15.9858,9.8644,8.0142
2026-06-15 15:41:29,24.0000,15.9345,9.9856,8.0655
2026-06-15 15:41:31,24.0000,15.8922,9.9642,8.1078
2026-06-15 15:41:33,24.0000,15.8858,9.9394,8.1142
2026-06-15 15:41:35,24.0000,16.0105,9.9306,7.9895
2026-06-15 15:41:37,24.0000,15.9210,9.9411,8.0790
2026-06-15 15:41:39,24.0000,15.8972,9.9300,8.1028
2026-06-15 15:41:41,24.0000,15.9090,9.9318,8.0910
2026-06-15 15:41:48,24.0000,15.9806,9.9319,8.0194
2026-06-15 15:41:50,24.0000,15.9527,9.8967,8.0473
2026-06-15 15:41:52,24.0000,15.9900,9.8968,8.0100
2026-06-15 15:41:54,24.0000,15.9652,9.9478,8.0348
2026-06-15 15:41:54,24.0000,15.9532,9.9422,8.0468
2026-06-15 15:41:56,24.0000,15.9998,9.9121,8.0002
2026-06-15 15:41:56,24.0000,15.9884,9.9102,8.0116
2026-06-15 15:41:58,24.0000,15.9506,9.9517,8.0494
2026-06-15 15:41:58,24.0000,15.9467,9.9294,8.0533
2026-06-15 15:42:00,24.0000,15.9355,9.9364,8.0645
2026-06-15 15:42:00,24.0000,15.9284,9.9258,8.0716
2026-06-15 15:42:02,24.0000,15.9082,9.9254,8.0918
2026-06-15 15:42:02,24.0000,15.9020,9.9297,8.0980
2026-06-15 15:42:04,24.0000,15.8964,9.9253,8.1036
2026-06-15 15:42:04,24.0000,15.8940,9.9245,8.1060
2026-06-15 15:42:06,24.0000,15.8921,9.9236,8.1079
2026-06-15 15:42:06,24.0000,15.8718,9.9181,8.1282
2026-06-15 15:42:08,24.0000,15.8728,9.9181,8.1272
2026-06-15 15:42:08,24.0000,15.8895,9.9179,8.1105
2026-06-15 15:42:10,24.0000,15.8762,9.9225,8.1238
2026-06-15 15:42:10,24.0000,15.8727,9.9133,8.1273
2026-06-15 15:42:12,24.0000,15.8915,9.9078,8.1085
2026-06-15 15:42:12,24.0000,15.8916,9.9138,8.1084
2026-06-15 15:42:14,24.0000,15.8881,9.9101,8.1119
2026-06-15 15:42:14,24.0000,15.8869,9.9163,8.1131
2026-06-15 15:42:15,24.0000,15.9162,9.9138,8.0838
2026-06-15 15:42:16,24.0000,15.9050,9.9182,8.0950
2026-06-15 15:42:18,24.0000,15.9697,9.8854,8.0303
2026-06-15 15:42:18,24.0000,15.9820,9.9190,8.0180
2026-06-15 15:42:20,24.0000,15.9688,9.9423,8.0312
2026-06-15 15:42:20,24.0000,15.9600,9.9405,8.0400
2026-06-15 15:42:22,24.0000,15.9514,9.9376,8.0486
2026-06-15 15:42:22,24.0000,15.9614,9.9409,8.0386
2026-06-15 15:42:24,24.0000,15.9743,9.9524,8.0257
2026-06-15 15:42:24,24.0000,15.9740,9.9473,8.0260
2026-06-15 15:42:26,24.0000,16.0031,9.9438,7.9969
2026-06-15 15:42:26,24.0000,15.9857,9.9616,8.0143
2026-06-15 15:42:28,24.0000,15.9983,9.9664,8.0017
2026-06-15 15:42:28,24.0000,15.9744,9.9640,8.0256
2026-06-15 15:42:30,24.0000,15.9568,9.9402,8.0432
2026-06-15 15:42:30,24.0000,15.9522,9.9377,8.0478
2026-06-15 15:42:32,24.0000,15.9462,9.9400,8.0538
2026-06-15 15:42:32,24.0000,15.9491,9.9392,8.0509
2026-06-15 15:42:34,24.0000,15.9608,9.9416,8.0392
2026-06-15 15:42:34,24.0000,15.9868,9.9354,8.0132
2026-06-15 15:42:36,24.0000,15.9697,9.9501,8.0303
2026-06-15 15:42:36,24.0000,15.9634,9.9597,8.0366
2026-06-15 15:42:38,24.0000,15.9502,9.9610,8.0498
2026-06-15 15:42:38,24.0000,15.9731,9.9483,8.0269
2026-06-15 15:42:40,24.0000,15.9841,9.9506,8.0159
2026-06-15 15:42:40,24.0000,15.9833,9.9552,8.0167
2026-06-15 15:42:42,24.0000,15.9669,9.9646,8.0331
2026-06-15 15:42:42,24.0000,15.9709,9.9391,8.0291
2026-06-15 15:42:44,24.0000,15.9581,9.9444,8.0419
2026-06-15 15:42:44,24.0000,15.9534,9.9463,8.0466
2026-06-15 15:42:46,24.0000,15.9266,9.9325,8.0734
2026-06-15 15:42:46,24.0000,15.9346,9.9328,8.0654
2026-06-15 15:42:48,24.0000,15.9296,9.9313,8.0704
2026-06-15 15:42:48,24.0000,15.9352,9.9460,8.0648
2026-06-15 15:42:50,24.0000,15.9493,9.8864,8.0507
2026-06-15 15:42:50,24.0000,15.9477,9.9271,8.0523
2026-06-15 15:42:56,24.0000,15.7802,9.8371,8.2198
2026-06-15 15:42:56,24.0000,15.7773,9.8371,8.2227
2026-06-15 15:42:58,24.0000,15.7562,9.8249,8.2438
2026-06-15 15:42:58,24.0000,15.7562,9.8236,8.2438
2026-06-15 15:43:00,24.0000,15.7052,9.8075,8.2948
2026-06-15 15:43:00,24.0000,15.7028,9.8075,8.2972
2026-06-15 15:43:02,24.0000,15.6941,9.7971,8.3059
2026-06-15 15:43:02,24.0000,15.6926,9.7971,8.3074
2026-06-15 15:43:04,24.0000,15.7357,9.7935,8.2643
2026-06-15 15:43:04,24.0000,15.7427,9.7930,8.2573
2026-06-15 15:43:06,24.0000,15.7042,9.8010,8.2958
2026-06-15 15:43:06,24.0000,15.7023,9.8007,8.2977
2026-06-15 15:43:08,24.0000,15.6886,9.7945,8.3114
2026-06-15 15:43:08,24.0000,15.6885,9.7945,8.3115
2026-06-15 15:43:10,24.0000,15.6849,9.7892,8.3151
2026-06-15 15:43:10,24.0000,15.6812,9.7892,8.3188
2026-06-15 15:43:12,24.0000,15.7474,9.7442,8.2526
2026-06-15 15:43:12,24.0000,15.7452,9.7442,8.2548
2026-06-15 15:43:14,24.0000,15.7365,9.8000,8.2635
2026-06-15 15:43:14,24.0000,15.7607,9.8071,8.2393
2026-06-15 15:43:16,24.0000,15.7065,9.7781,8.2935
2026-06-15 15:43:16,24.0000,15.7045,9.7775,8.2955
2026-06-15 15:43:18,24.0000,15.7394,9.7831,8.2606
2026-06-15 15:43:18,24.0000,15.7371,9.7858,8.2629
2026-06-15 15:43:20,24.0000,15.7325,9.7977,8.2675
2026-06-15 15:43:20,24.0000,15.7325,9.7977,8.2675
2026-06-15 15:43:22,24.0000,15.7384,9.8107,8.2616
2026-06-15 15:43:22,24.0000,15.7382,9.8107,8.2618
2026-06-15 15:43:24,24.0000,15.7432,9.8184,8.2568
2026-06-15 15:43:24,24.0000,15.7427,9.8184,8.2573
2026-06-15 15:43:26,24.0000,15.7027,9.7895,8.2973
2026-06-15 15:43:26,24.0000,15.7027,9.7895,8.2973
2026-06-15 15:43:28,24.0000,15.7216,9.7956,8.2784
2026-06-15 15:43:28,24.0000,15.7224,9.7802,8.2776
2026-06-15 15:43:30,24.0000,15.6952,9.7825,8.3048
2026-06-15 15:43:30,24.0000,15.6998,9.7962,8.3002
2026-06-15 15:43:32,24.0000,15.7031,9.7836,8.2969
2026-06-15 15:43:32,24.0000,15.6985,9.7906,8.3015
2026-06-15 15:43:34,24.0000,15.6972,9.7782,8.3028
2026-06-15 15:43:34,24.0000,15.6971,9.7902,8.3029
2026-06-15 15:43:36,24.0000,15.6639,9.7704,8.3361
2026-06-15 15:43:36,24.0000,15.6555,9.7711,8.3445
2026-06-15 15:43:38,24.0000,15.6573,9.7549,8.3427
2026-06-15 15:43:38,24.0000,15.6474,9.7666,8.3526
2026-06-15 15:43:40,24.0000,15.6403,9.7540,8.3597
2026-06-15 15:43:40,24.0000,15.6391,9.7645,8.3609
2026-06-15 15:43:42,24.0000,15.6555,9.7552,8.3445
2026-06-15 15:43:42,24.0000,15.6517,9.7695,8.3483
2026-06-15 15:43:44,24.0000,15.6582,9.7616,8.3418
2026-06-15 15:43:44,24.0000,15.6581,9.7634,8.3419
2026-06-15 15:43:46,24.0000,15.6478,9.7662,8.3522
2026-06-15 15:43:46,24.0000,15.6460,9.7660,8.3540
2026-06-15 15:43:48,24.0000,15.6505,9.7564,8.3495
2026-06-15 15:43:48,24.0000,15.6497,9.7576,8.3503
2026-06-15 15:43:50,24.0000,15.6495,9.7787,8.3505
2026-06-15 15:43:50,24.0000,15.6497,9.7787,8.3503
2026-06-15 15:43:52,24.0000,15.6461,9.7584,8.3539
2026-06-15 15:43:52,24.0000,15.6461,9.7605,8.3539
2026-06-15 15:43:54,24.0000,15.6313,9.7668,8.3687
2026-06-15 15:43:54,24.0000,15.6311,9.7669,8.3689
2026-06-15 15:43:56,24.0000,15.6031,9.7054,8.3969
2026-06-15 15:43:56,24.0000,15.6055,9.7099,8.3945
2026-06-15 15:43:58,24.0000,15.6071,9.7568,8.3929
2026-06-15 15:43:58,24.0000,15.6073,9.7568,8.3927
2026-06-15 15:44:00,24.0000,15.5971,9.7419,8.4029
2026-06-15 15:44:00,24.0000,15.5969,9.7432,8.4031
2026-06-15 15:44:02,24.0000,15.5884,9.7465,8.4116
2026-06-15 15:44:02,24.0000,15.5843,9.7458,8.4157
2026-06-15 15:44:04,24.0000,15.5958,9.7418,8.4042
2026-06-15 15:44:04,24.0000,15.5959,9.7386,8.4041
2026-06-15 15:44:06,24.0000,15.5962,9.7361,8.4038
2026-06-15 15:44:06,24.0000,15.5961,9.7355,8.4039
2026-06-15 15:44:08,24.0000,15.6525,9.7129,8.3475
2026-06-15 15:44:08,24.0000,15.6408,9.7154,8.3592
2026-06-15 15:44:10,24.0000,15.6365,9.7553,8.3635
2026-06-15 15:44:10,24.0000,15.6453,9.7565,8.3547
2026-06-15 15:44:12,24.0000,15.6521,9.7624,8.3479
2026-06-15 15:44:12,24.0000,15.6519,9.7624,8.3481
2026-06-15 15:44:14,24.0000,15.6471,9.7644,8.3529
2026-06-15 15:44:14,24.0000,15.6432,9.7644,8.3568
2026-06-15 15:44:16,24.0000,15.6338,9.7347,8.3662
2026-06-15 15:44:16,24.0000,15.6379,9.7370,8.3621
2026-06-15 15:44:18,24.0000,15.6230,9.7401,8.3770
2026-06-15 15:44:18,24.0000,15.6257,9.7419,8.3743
2026-06-15 15:44:20,24.0000,15.5736,9.7336,8.4264
2026-06-15 15:44:20,24.0000,15.5709,9.7307,8.4291
2026-06-15 15:44:22,24.0000,15.5649,9.7197,8.4351
2026-06-15 15:44:22,24.0000,15.5573,9.7158,8.4427
2026-06-15 15:44:24,24.0000,15.5598,9.7172,8.4402
2026-06-15 15:44:24,24.0000,15.5610,9.7162,8.4390
2026-06-15 15:44:26,24.0000,15.5562,9.7201,8.4438
2026-06-15 15:44:26,24.0000,15.5533,9.7199,8.4467
2026-06-15 15:44:28,24.0000,15.5535,9.6839,8.4465
2026-06-15 15:44:28,24.0000,15.5535,9.6854,8.4465
2026-06-15 15:44:30,24.0000,15.5912,9.7206,8.4088
2026-06-15 15:44:30,24.0000,15.5912,9.7220,8.4088
2026-06-15 15:44:32,24.0000,15.6069,9.7432,8.3931
2026-06-15 15:44:32,24.0000,15.5992,9.7359,8.4008
2026-06-15 15:44:34,24.0000,15.5978,9.7368,8.4022
2026-06-15 15:44:34,24.0000,15.5978,9.7368,8.4022
2026-06-15 15:44:36,24.0000,15.6086,9.7437,8.3914
2026-06-15 15:44:36,24.0000,15.6032,9.7435,8.3968
2026-06-15 15:44:38,24.0000,15.6151,9.7444,8.3849
2026-06-15 15:44:38,24.0000,15.6171,9.7469,8.3829
2026-06-15 15:44:40,24.0000,15.5947,9.7386,8.4053
2026-06-15 15:44:40,24.0000,15.5816,9.7380,8.4184
2026-06-15 15:44:42,24.0000,15.5847,9.7557,8.4153
2026-06-15 15:44:42,24.0000,15.5835,9.7557,8.4165
2026-06-15 15:44:44,24.0000,15.5837,9.7720,8.4163
2026-06-15 15:44:44,24.0000,15.5816,9.7736,8.4184
2026-06-15 15:44:46,24.0000,15.5946,9.7840,8.4054
2026-06-15 15:44:46,24.0000,15.6140,9.7438,8.3860
2026-06-15 15:44:48,24.0000,15.6028,9.7386,8.3972
2026-06-15 15:44:48,24.0000,15.6033,9.7393,8.3967
2026-06-15 15:44:50,24.0000,15.6030,9.7399,8.3970
2026-06-15 15:44:50,24.0000,15.5980,9.7446,8.4020
2026-06-15 15:44:52,24.0000,15.5993,9.7474,8.4007
2026-06-15 15:44:52,24.0000,15.6522,9.7124,8.3478
2026-06-15 15:44:54,24.0000,15.6368,9.7141,8.3632
2026-06-15 15:44:59,24.0000,15.7531,9.8226,8.2469
2026-06-15 15:44:59,24.0000,15.7526,9.8221,8.2474
2026-06-15 15:45:01,24.0000,15.7345,9.8186,8.2655
2026-06-15 15:45:01,24.0000,15.7348,9.8185,8.2652
2026-06-15 15:45:03,24.0000,15.7295,9.7642,8.2705
2026-06-15 15:45:03,24.0000,15.7227,9.8010,8.2773
2026-06-15 15:45:05,24.0000,15.6914,9.7921,8.3086
2026-06-15 15:45:05,24.0000,15.6891,9.7918,8.3109
2026-06-15 15:45:07,24.0000,15.7313,9.7707,8.2687
2026-06-15 15:45:07,24.0000,15.7305,9.7702,8.2695
2026-06-15 15:45:09,24.0000,15.6917,9.7917,8.3083
2026-06-15 15:45:09,24.0000,15.6900,9.7916,8.3100
2026-06-15 15:45:16,24.0000,15.7717,9.8147,8.2283
2026-06-15 15:45:16,24.0000,15.7724,9.8147,8.2276
2026-06-15 15:45:18,24.0000,15.7388,9.8203,8.2612
2026-06-15 15:45:18,24.0000,15.7368,9.8202,8.2632
2026-06-15 15:45:20,24.0000,15.6910,9.8094,8.3090
2026-06-15 15:45:20,24.0000,15.6898,9.8090,8.3102
2026-06-15 15:45:22,24.0000,15.6725,9.8271,8.3275
2026-06-15 15:45:22,24.0000,15.6689,9.8087,8.3311
2026-06-15 15:45:24,24.0000,15.7114,9.7798,8.2886
2026-06-15 15:45:24,24.0000,15.7116,9.7804,8.2884
2026-06-15 15:45:26,24.0000,15.6980,9.8059,8.3020
2026-06-15 15:45:26,24.0000,15.6976,9.8057,8.3024
2026-06-15 15:45:28,24.0000,15.6751,9.8010,8.3249
2026-06-15 15:45:28,24.0000,15.6741,9.8010,8.3259
2026-06-15 15:45:30,24.0000,15.6695,9.7975,8.3305
2026-06-15 15:45:30,24.0000,15.6669,9.7975,8.3331
2026-06-15 15:45:32,24.0000,15.6634,9.7931,8.3366
2026-06-15 15:45:32,24.0000,15.6723,9.7929,8.3277
2026-06-15 15:45:34,24.0000,15.7176,9.8188,8.2824
2026-06-15 15:45:34,24.0000,15.7158,9.8027,8.2842
2026-06-15 15:45:36,24.0000,15.6867,9.7953,8.3133
2026-06-15 15:45:36,24.0000,15.6864,9.8125,8.3136
2026-06-15 15:45:38,24.0000,15.6819,9.8175,8.3181
2026-06-15 15:45:38,24.0000,15.6818,9.8175,8.3182
2026-06-15 15:45:40,24.0000,15.7447,9.7822,8.2553
2026-06-15 15:45:40,24.0000,15.7421,9.7898,8.2579
2026-06-15 15:45:42,24.0000,15.7229,9.8077,8.2771
2026-06-15 15:45:42,24.0000,15.7199,9.8295,8.2801
2026-06-15 15:45:44,24.0000,15.7215,9.7691,8.2785
2026-06-15 15:45:44,24.0000,15.7137,9.7653,8.2863
2026-06-15 15:45:49,24.0000,15.7899,9.8472,8.2101
2026-06-15 15:45:49,24.0000,15.7892,9.8471,8.2108
2026-06-15 15:45:51,24.0000,15.7790,9.8303,8.2210
2026-06-15 15:45:51,24.0000,15.7806,9.8302,8.2194
2026-06-15 15:45:53,24.0000,15.7346,9.8212,8.2654
2026-06-15 15:45:53,24.0000,15.7324,9.8227,8.2676
2026-06-15 15:45:55,24.0000,15.7209,9.8077,8.2791
2026-06-15 15:45:55,24.0000,15.7178,9.8083,8.2822
2026-06-15 15:45:57,24.0000,15.7756,9.7952,8.2244
2026-06-15 15:45:57,24.0000,15.7759,9.7969,8.2241
2026-06-15 15:45:59,24.0000,15.7244,9.7971,8.2756
2026-06-15 15:45:59,24.0000,15.7237,9.7970,8.2763
2026-06-15 15:46:01,24.0000,15.7111,9.8055,8.2889
2026-06-15 15:46:01,24.0000,15.7111,9.8055,8.2889
2026-06-15 15:46:03,24.0000,15.7062,9.8068,8.2938
2026-06-15 15:46:03,24.0000,15.7041,9.8056,8.2959
2026-06-15 15:46:05,24.0000,15.7010,9.8014,8.2990
2026-06-15 15:46:05,24.0000,15.7005,9.8013,8.2995
2026-06-15 15:46:07,24.0000,15.7473,9.8124,8.2527
2026-06-15 15:46:12,24.0000,15.8178,9.8557,8.1822
2026-06-15 15:46:12,24.0000,15.7915,9.8504,8.2085
2026-06-15 15:46:14,24.0000,15.7750,9.8344,8.2250
2026-06-15 15:46:14,24.0000,15.7650,9.8336,8.2350
2026-06-15 15:46:16,24.0000,15.7445,9.8239,8.2555
2026-06-15 15:46:16,24.0000,15.7339,9.7981,8.2661
2026-06-15 15:46:18,24.0000,15.7388,9.8070,8.2612
2026-06-15 15:46:18,24.0000,15.7332,9.8070,8.2668
2026-06-15 15:46:20,24.0000,15.8262,9.6991,8.1738
2026-06-15 15:46:20,24.0000,15.8133,9.6986,8.1867
2026-06-15 15:46:22,24.0000,15.8168,9.7662,8.1832
2026-06-15 15:46:22,24.0000,15.7926,9.7660,8.2074
2026-06-15 15:46:24,24.0000,15.7752,9.7686,8.2248
2026-06-15 15:46:24,24.0000,15.7749,9.7665,8.2251
2026-06-15 15:46:26,24.0000,15.7511,9.7458,8.2489
2026-06-15 15:46:26,24.0000,15.7658,9.7456,8.2342
2026-06-15 15:46:28,24.0000,15.8620,9.7408,8.1380
2026-06-15 15:46:28,24.0000,15.8895,9.7449,8.1105
2026-06-15 15:46:30,24.0000,15.9478,9.7584,8.0522
2026-06-15 15:46:30,24.0000,15.9471,9.7585,8.0529
2026-06-15 15:46:32,24.0000,15.9502,9.7581,8.0498
2026-06-15 15:46:32,24.0000,15.9457,9.7580,8.0543
2026-06-15 15:46:34,24.0000,15.8991,9.8157,8.1009
2026-06-15 15:46:34,24.0000,15.8983,9.8163,8.1017
2026-06-15 15:46:36,24.0000,15.8629,9.8064,8.1371
2026-06-15 15:46:36,24.0000,15.8697,9.8064,8.1303
2026-06-15 15:46:38,24.0000,15.8232,9.8347,8.1768
2026-06-15 15:46:38,24.0000,15.8007,9.8170,8.1993
2026-06-15 15:46:40,24.0000,15.7970,9.7992,8.2030
2026-06-15 15:46:40,24.0000,15.7963,9.7992,8.2037
2026-06-15 15:46:42,24.0000,15.7869,9.8174,8.2131
2026-06-15 15:46:42,24.0000,15.7867,9.8174,8.2133
2026-06-15 15:46:44,24.0000,15.7487,9.8138,8.2513
2026-06-15 15:46:44,24.0000,15.7487,9.8140,8.2513
2026-06-15 15:46:46,24.0000,15.7332,9.8087,8.2668
2026-06-15 15:46:46,24.0000,15.7336,9.8088,8.2664
2026-06-15 15:46:48,24.0000,15.7941,9.7921,8.2059
2026-06-15 15:46:48,24.0000,15.7924,9.7924,8.2076
2026-06-15 15:46:50,24.0000,15.7828,9.7636,8.2172
2026-06-15 15:46:50,24.0000,15.8418,9.7623,8.1582
2026-06-15 15:46:52,24.0000,15.7888,9.7998,8.2112
2026-06-15 15:46:52,24.0000,15.7788,9.7942,8.2212
2026-06-15 15:46:54,24.0000,15.7610,9.7909,8.2390
2026-06-15 15:46:54,24.0000,15.7600,9.7904,8.2400
2026-06-15 15:46:56,24.0000,15.7247,9.7780,8.2753
2026-06-15 15:46:56,24.0000,15.7253,9.7815,8.2747
2026-06-15 15:46:58,24.0000,15.7180,9.7984,8.2820
2026-06-15 15:46:58,24.0000,15.7200,9.7985,8.2800
2026-06-15 15:47:00,24.0000,15.7134,9.7904,8.2866
2026-06-15 15:47:00,24.0000,15.7105,9.7911,8.2895
2026-06-15 15:47:02,24.0000,15.7108,9.7411,8.2892
2026-06-15 15:47:02,24.0000,15.7090,9.7463,8.2910
2026-06-15 15:47:04,24.0000,15.7064,9.7787,8.2936
2026-06-15 15:47:04,24.0000,15.7052,9.7790,8.2948
2026-06-15 15:47:06,24.0000,15.7291,9.7605,8.2709
2026-06-15 15:47:06,24.0000,15.7325,9.7609,8.2675
2026-06-15 15:47:08,24.0000,15.7533,9.8011,8.2467
2026-06-15 15:47:08,24.0000,15.7509,9.8038,8.2491
2026-06-15 15:47:10,24.0000,15.7576,9.8159,8.2424
2026-06-15 15:47:10,24.0000,15.7544,9.8160,8.2456
2026-06-15 15:47:12,24.0000,15.7460,9.8095,8.2540
2026-06-15 15:47:12,24.0000,15.7441,9.8094,8.2559
2026-06-15 15:47:14,24.0000,15.7543,9.8221,8.2457
2026-06-15 15:47:14,24.0000,15.7530,9.8220,8.2470
2026-06-15 15:47:16,24.0000,15.7454,9.8097,8.2546
2026-06-15 15:47:16,24.0000,15.7399,9.7995,8.2601
2026-06-15 15:47:18,24.0000,15.7448,9.8019,8.2552
2026-06-15 15:47:18,24.0000,15.7402,9.8203,8.2598
2026-06-15 15:47:20,24.0000,15.7398,9.8105,8.2602
2026-06-15 15:47:20,24.0000,15.7410,9.8105,8.2590
2026-06-15 15:47:22,24.0000,15.8035,9.8053,8.1965
2026-06-15 15:47:22,24.0000,15.8027,9.8053,8.1973
2026-06-15 15:47:24,24.0000,15.7941,9.8410,8.2059
2026-06-15 15:47:24,24.0000,15.7915,9.8410,8.2085
2026-06-15 15:47:26,24.0000,15.7744,9.8282,8.2256
2026-06-15 15:47:26,24.0000,15.7744,9.8283,8.2256
2026-06-15 15:47:28,24.0000,15.7778,9.8287,8.2222
2026-06-15 15:47:28,24.0000,15.7777,9.8382,8.2223
2026-06-15 15:47:30,24.0000,15.7617,9.8217,8.2383
2026-06-15 15:47:30,24.0000,15.7634,9.8229,8.2366
2026-06-15 15:47:32,24.0000,15.8089,9.8348,8.1911
2026-06-15 15:47:32,24.0000,15.8094,9.8352,8.1906
2026-06-15 15:47:34,24.0000,15.7896,9.8386,8.2104
2026-06-15 15:47:34,24.0000,15.7802,9.8362,8.2198
2026-06-15 15:47:39,24.0000,15.8430,9.8206,8.1570
2026-06-15 15:47:39,24.0000,15.8685,9.8242,8.1315
2026-06-15 15:47:41,24.0000,15.8271,9.8553,8.1729
2026-06-15 15:47:41,24.0000,15.8155,9.8536,8.1845
2026-06-15 15:47:43,24.0000,15.8139,9.8018,8.1861
2026-06-15 15:47:43,24.0000,15.8097,9.8041,8.1903
2026-06-15 15:47:45,24.0000,15.8016,9.8276,8.1984
2026-06-15 15:47:45,24.0000,15.7973,9.8462,8.2027
2026-06-15 15:47:47,24.0000,15.8404,9.8360,8.1596
2026-06-15 15:47:47,24.0000,15.8398,9.8379,8.1602
2026-06-15 15:47:49,24.0000,15.8348,9.8905,8.1652
2026-06-15 15:47:49,24.0000,15.8362,9.8927,8.1638
2026-06-15 15:47:51,24.0000,15.8950,9.9885,8.1050
2026-06-15 15:47:51,24.0000,15.9034,9.9915,8.0966
2026-06-15 15:47:53,24.0000,16.0334,10.0334,7.9666
2026-06-15 15:47:53,24.0000,16.0280,10.0340,7.9720
2026-06-15 15:47:55,24.0000,16.0290,10.0093,7.9710
2026-06-15 15:47:55,24.0000,16.0287,10.0093,7.9713
2026-06-15 15:47:57,24.0000,16.0438,10.0286,7.9562
2026-06-15 15:47:57,24.0000,16.1003,10.0573,7.8997
2026-06-15 15:47:59,24.0000,16.0623,10.0319,7.9377
2026-06-15 15:47:59,24.0000,16.0594,10.0325,7.9406
2026-06-15 15:48:01,24.0000,16.1079,9.9742,7.8921
2026-06-15 15:48:01,24.0000,16.1131,9.9804,7.8869
2026-06-15 15:48:03,24.0000,16.1209,10.0109,7.8791
2026-06-15 15:48:03,24.0000,16.1200,10.0134,7.8800
2026-06-15 15:48:05,24.0000,16.1333,10.0077,7.8667
2026-06-15 15:48:05,24.0000,16.1306,10.0079,7.8694
2026-06-15 15:48:07,24.0000,16.1463,9.9547,7.8537
2026-06-15 15:48:07,24.0000,16.1968,9.9796,7.8032
2026-06-15 15:48:09,24.0000,16.1575,9.9736,7.8425
2026-06-15 15:48:09,24.0000,16.1547,9.9745,7.8453
2026-06-15 15:48:11,24.0000,16.1833,10.0173,7.8167
2026-06-15 15:48:11,24.0000,16.2224,10.0486,7.7776
2026-06-15 15:48:13,24.0000,16.1827,10.0295,7.8173
2026-06-15 15:48:13,24.0000,16.1827,10.0304,7.8173
2026-06-15 15:48:15,24.0000,16.1648,10.0246,7.8352
2026-06-15 15:48:15,24.0000,16.2142,10.0471,7.7858
2026-06-15 15:48:17,24.0000,16.1762,10.0217,7.8238
2026-06-15 15:48:17,24.0000,16.1775,10.0289,7.8225
2026-06-15 15:48:19,24.0000,16.1862,10.0248,7.8138
2026-06-15 15:48:19,24.0000,16.1878,10.0300,7.8122
2026-06-15 15:48:21,24.0000,16.1815,10.0262,7.8185
2026-06-15 15:48:21,24.0000,16.2380,10.0475,7.7620
2026-06-15 15:48:23,24.0000,16.1644,10.0021,7.8356
2026-06-15 15:48:23,24.0000,16.1641,10.0034,7.8359
2026-06-15 15:48:25,24.0000,16.1560,10.0022,7.8440
2026-06-15 15:48:25,24.0000,16.2086,10.0277,7.7914
2026-06-15 15:48:27,24.0000,16.1417,9.9942,7.8583
2026-06-15 15:48:27,24.0000,16.1404,9.9948,7.8596
2026-06-15 15:48:29,24.0000,16.1488,10.0030,7.8512
2026-06-15 15:48:29,24.0000,16.1982,10.0249,7.8018
2026-06-15 15:48:31,24.0000,16.1402,9.9825,7.8598
2026-06-15 15:48:31,24.0000,16.1420,9.9824,7.8580
2026-06-15 15:48:33,24.0000,16.1288,9.9747,7.8712
2026-06-15 15:48:33,24.0000,16.1273,9.9747,7.8727
2026-06-15 15:48:35,24.0000,16.1702,9.9124,7.8298
2026-06-15 15:48:35,24.0000,16.1780,9.9160,7.8220
2026-06-15 15:48:37,24.0000,15.6509,9.7382,8.3491
2026-06-15 15:48:37,24.0000,15.6538,9.7397,8.3462
2026-06-15 15:48:39,24.0000,15.6997,9.7684,8.3003
2026-06-15 15:48:39,24.0000,15.7056,9.7914,8.2944
2026-06-15 15:48:41,24.0000,15.6021,9.7690,8.3979
2026-06-15 15:48:41,24.0000,15.6139,9.7725,8.3861
2026-06-15 15:48:43,24.0000,15.6079,9.7439,8.3921
2026-06-15 15:48:43,24.0000,15.6532,9.7616,8.3468
2026-06-15 15:48:45,24.0000,15.5805,9.7719,8.4195
2026-06-15 15:48:45,24.0000,15.5740,9.7720,8.4260
2026-06-15 15:48:47,24.0000,15.5911,9.7145,8.4089
2026-06-15 15:48:47,24.0000,15.6236,9.7282,8.3764
2026-06-15 15:48:49,24.0000,15.5912,9.7584,8.4088
2026-06-15 15:48:49,24.0000,15.5977,9.7602,8.4023
2026-06-15 15:48:51,24.0000,15.5996,9.7332,8.4004
2026-06-15 15:48:51,24.0000,15.6184,9.7394,8.3816
2026-06-15 15:48:53,24.0000,15.5720,9.7550,8.4280
2026-06-15 15:48:53,24.0000,15.5737,9.7586,8.4263
2026-06-15 15:48:55,24.0000,15.5808,9.7102,8.4192
2026-06-15 15:48:59,24.0000,15.6308,9.6979,8.3692
2026-06-15 15:49:01,24.0000,15.6040,9.7324,8.3960
2026-06-15 15:49:03,24.0000,15.5685,9.7415,8.4315
2026-06-15 15:49:05,24.0000,15.5766,9.7103,8.4234
2026-06-15 15:49:07,24.0000,15.5650,9.7382,8.4350
2026-06-15 15:49:09,24.0000,15.5560,9.6913,8.4440
2026-06-15 15:49:11,24.0000,15.5600,9.7386,8.4400
2026-06-15 15:49:13,24.0000,15.6395,9.7154,8.3605
2026-06-15 15:49:15,24.0000,15.6016,9.7825,8.3984
2026-06-15 15:49:17,24.0000,15.6018,9.7493,8.3982
2026-06-15 15:49:19,24.0000,15.5985,9.7355,8.4015
2026-06-15 15:49:21,24.0000,15.5876,9.7696,8.4124
2026-06-15 15:49:23,24.0000,15.5704,9.7591,8.4296
2026-06-15 15:49:25,24.0000,15.6154,9.7777,8.3846
2026-06-15 15:49:27,24.0000,15.6188,9.7306,8.3812
2026-06-15 15:49:29,24.0000,15.6555,9.7280,8.3445
2026-06-15 15:49:31,24.0000,15.6525,9.7430,8.3475
2026-06-15 15:49:33,24.0000,15.6234,9.7860,8.3766
2026-06-15 15:49:35,24.0000,15.7336,9.7710,8.2664
2026-06-15 15:49:37,24.0000,15.7469,9.7930,8.2531
2026-06-15 15:49:39,24.0000,15.7288,9.7881,8.2712
2026-06-15 15:49:41,24.0000,15.7161,9.7674,8.2839
2026-06-15 15:49:43,24.0000,15.6693,9.7713,8.3307
2026-06-15 15:49:45,24.0000,15.6511,9.7678,8.3489
2026-06-15 15:49:47,24.0000,15.6663,9.7838,8.3337
2026-06-15 15:49:49,24.0000,15.6939,9.7766,8.3061
2026-06-15 15:49:51,24.0000,15.6549,9.7373,8.3451
2026-06-15 15:49:53,24.0000,15.6481,9.7390,8.3519
2026-06-15 15:49:55,24.0000,15.6342,9.7429,8.3658
2026-06-15 15:49:57,24.0000,15.6146,9.7302,8.3854
2026-06-15 15:49:59,24.0000,15.6548,9.7532,8.3452
2026-06-15 15:50:01,24.0000,15.6035,9.7181,8.3965
2026-06-15 15:50:03,24.0000,15.5977,9.7189,8.4023
2026-06-15 15:50:05,24.0000,15.5745,9.7307,8.4255
2026-06-15 15:50:07,24.0000,15.5757,9.7201,8.4243
2026-06-15 15:50:09,24.0000,15.5407,9.7326,8.4593
2026-06-15 15:50:11,24.0000,15.5928,9.7377,8.4072
2026-06-15 15:50:13,24.0000,15.5562,9.7387,8.4438
2026-06-15 15:50:15,24.0000,15.5897,9.7056,8.4103
2026-06-15 15:50:17,24.0000,15.5815,9.7131,8.4185
2026-06-15 15:50:19,24.0000,15.5705,9.7111,8.4295
2026-06-15 15:50:21,24.0000,15.5515,9.7286,8.4485
2026-06-15 15:50:23,24.0000,15.6073,9.7163,8.3927
2026-06-15 15:50:25,24.0000,15.5842,9.7231,8.4158
2026-06-15 15:50:27,24.0000,15.5835,9.7080,8.4165
2026-06-15 15:50:29,24.0000,15.5650,9.7285,8.4350
2026-06-15 15:50:31,24.0000,15.5547,9.6799,8.4453
2026-06-15 15:50:33,24.0000,15.5572,9.6833,8.4428
2026-06-15 15:50:35,24.0000,15.5638,9.6933,8.4362
2026-06-15 15:50:37,24.0000,15.5663,9.7038,8.4337
2026-06-15 15:50:39,24.0000,15.5683,9.7075,8.4317
2026-06-15 15:50:41,24.0000,15.5568,9.7165,8.4432
2026-06-15 15:50:43,24.0000,15.5630,9.7082,8.4370
2026-06-15 15:50:45,24.0000,15.5542,9.7183,8.4458
2026-06-15 15:50:47,24.0000,15.5560,9.7135,8.4440
2026-06-15 15:50:49,24.0000,15.5566,9.7105,8.4434
2026-06-15 15:50:51,24.0000,15.5551,9.7026,8.4449
2026-06-15 15:50:53,24.0000,15.5882,9.6819,8.4118
2026-06-15 15:50:55,24.0000,15.5612,9.6978,8.4388
2026-06-15 15:50:57,24.0000,15.5610,9.7152,8.4390
2026-06-15 15:50:59,24.0000,15.5567,9.7396,8.4433
2026-06-15 15:51:01,24.0000,15.5533,9.7097,8.4467
2026-06-15 15:51:03,24.0000,15.5521,9.7119,8.4479
2026-06-15 15:51:05,24.0000,15.5423,9.7158,8.4577
2026-06-15 15:51:07,24.0000,15.5296,9.6728,8.4704
2026-06-15 15:51:09,24.0000,15.5184,9.7120,8.4816
2026-06-15 15:51:11,24.0000,15.5745,9.7026,8.4255
2026-06-15 15:51:13,24.0000,15.5065,9.6796,8.4935
2026-06-15 15:51:15,24.0000,15.5141,9.6929,8.4859
2026-06-15 15:51:17,24.0000,15.5056,9.7049,8.4944
2026-06-15 15:51:19,24.0000,15.5086,9.7020,8.4914
2026-06-15 15:51:21,24.0000,15.5034,9.7090,8.4966
2026-06-15 15:51:23,24.0000,15.4677,9.6833,8.5323
2026-06-15 15:51:25,24.0000,15.4608,9.6931,8.5392
2026-06-15 15:51:27,24.0000,15.4701,9.6832,8.5299
2026-06-15 15:51:33,24.0000,15.5455,9.6974,8.4545
2026-06-15 15:51:35,24.0000,15.5487,9.6738,8.4513
2026-06-15 15:51:37,24.0000,15.5365,9.6754,8.4635
2026-06-15 15:51:39,24.0000,15.5604,9.7255,8.4396
2026-06-15 15:51:41,24.0000,16.1531,9.8695,7.8469
2026-06-15 15:51:41,24.0000,15.7933,9.6886,8.2067
2026-06-15 15:51:41,24.0000,15.8082,9.6906,8.1918
2026-06-15 15:51:42,24.0000,15.6096,9.5907,8.3904
2026-06-15 15:51:43,24.0000,15.5929,9.6346,8.4071
2026-06-15 15:51:43,24.0000,15.5934,9.6535,8.4066
2026-06-15 15:51:43,24.0000,15.5927,9.6568,8.4073
2026-06-15 15:51:44,24.0000,15.5927,9.6568,8.4073
2026-06-15 15:51:45,24.0000,15.5627,9.6536,8.4373
2026-06-15 15:51:45,24.0000,15.5650,9.6561,8.4350
2026-06-15 15:51:45,24.0000,15.5679,9.6657,8.4321
2026-06-15 15:51:46,24.0000,15.5629,9.6658,8.4371
2026-06-15 15:51:47,24.0000,15.5449,9.6632,8.4551
2026-06-15 15:51:47,24.0000,15.5438,9.6610,8.4562
2026-06-15 15:51:47,24.0000,15.5413,9.6610,8.4587
2026-06-15 15:51:48,24.0000,15.5358,9.6605,8.4642
2026-06-15 15:51:49,24.0000,15.5162,9.6571,8.4838
2026-06-15 15:51:49,24.0000,15.5167,9.6570,8.4833
2026-06-15 15:51:49,24.0000,15.5167,9.6570,8.4833
2026-06-15 15:51:50,24.0000,15.5146,9.6566,8.4854
2026-06-15 15:51:51,24.0000,15.4918,9.6423,8.5082
2026-06-15 15:51:51,24.0000,15.4905,9.6419,8.5095
2026-06-15 15:51:51,24.0000,15.4871,9.6418,8.5129
2026-06-15 15:51:52,24.0000,15.4766,9.6409,8.5234
2026-06-15 15:51:53,24.0000,15.4783,9.6406,8.5217
2026-06-15 15:51:53,24.0000,15.4786,9.6403,8.5214
2026-06-15 15:51:53,24.0000,15.4784,9.6403,8.5216
2026-06-15 15:51:54,24.0000,15.4784,9.6403,8.5216
2026-06-15 15:51:55,24.0000,15.4784,9.6397,8.5216
2026-06-15 15:51:55,24.0000,15.4787,9.6396,8.5213
2026-06-15 15:51:55,24.0000,15.4784,9.6396,8.5216
2026-06-15 15:51:56,24.0000,15.4787,9.6396,8.5213
2026-06-15 15:51:57,24.0000,15.4769,9.6446,8.5231
2026-06-15 15:51:57,24.0000,15.4785,9.6443,8.5215
2026-06-15 15:51:57,24.0000,15.4783,9.6443,8.5217
2026-06-15 15:51:58,24.0000,15.4773,9.6379,8.5227
2026-06-15 15:51:59,24.0000,15.4817,9.6346,8.5183
2026-06-15 15:51:59,24.0000,15.4550,9.6346,8.5450
2026-06-15 15:51:59,24.0000,15.4541,9.6346,8.5459
2026-06-15 15:52:00,24.0000,15.4398,9.5958,8.5602
2026-06-15 15:52:01,24.0000,15.4569,9.5963,8.5431
2026-06-15 15:52:01,24.0000,15.4659,9.5963,8.5341
2026-06-15 15:52:01,24.0000,15.4612,9.5964,8.5388
2026-06-15 15:52:02,24.0000,15.4723,9.6059,8.5277
2026-06-15 15:52:03,24.0000,15.4700,9.6322,8.5300
2026-06-15 15:52:03,24.0000,15.4774,9.6320,8.5226
2026-06-15 15:52:03,24.0000,15.4774,9.6320,8.5226
2026-06-15 15:52:04,24.0000,15.4742,9.6316,8.5258
2026-06-15 15:52:05,24.0000,15.4654,9.6295,8.5346
2026-06-15 15:52:05,24.0000,15.4671,9.6295,8.5329
2026-06-15 15:52:05,24.0000,15.4646,9.6295,8.5354
2026-06-15 15:52:06,24.0000,15.4740,9.6269,8.5260
2026-06-15 15:52:07,24.0000,15.4675,9.6312,8.5325
2026-06-15 15:52:07,24.0000,15.4679,9.6308,8.5321
2026-06-15 15:52:07,24.0000,15.4679,9.6308,8.5321
2026-06-15 15:52:08,24.0000,15.4679,9.6308,8.5321
2026-06-15 15:52:09,24.0000,15.5421,9.6273,8.4579
2026-06-15 15:52:09,24.0000,15.5489,9.6264,8.4511
2026-06-15 15:52:09,24.0000,15.5490,9.6263,8.4510
2026-06-15 15:52:10,24.0000,15.5287,9.6472,8.4713
2026-06-15 15:52:11,24.0000,15.5156,9.6525,8.4844
2026-06-15 15:52:11,24.0000,15.5602,9.6569,8.4398
2026-06-15 15:52:11,24.0000,15.5173,9.6476,8.4827
2026-06-15 15:52:12,24.0000,15.4992,9.6172,8.5008
2026-06-15 15:52:13,24.0000,15.3738,9.5730,8.6262
2026-06-15 15:52:13,24.0000,15.4508,9.5719,8.5492
2026-06-15 15:52:15,24.0000,15.5110,9.6343,8.4890
2026-06-15 15:52:15,24.0000,15.6148,9.6673,8.3852
2026-06-15 15:52:17,24.0000,15.5286,9.6563,8.4714
2026-06-15 15:52:17,24.0000,15.5288,9.6561,8.4712
2026-06-15 15:52:17,24.0000,15.5288,9.6561,8.4712
2026-06-15 15:52:17,24.0000,15.5293,9.6565,8.4707
2026-06-15 15:52:19,24.0000,15.5160,9.6713,8.4840
2026-06-15 15:52:19,24.0000,15.5006,9.6684,8.4994
2026-06-15 15:52:19,24.0000,15.5006,9.6684,8.4994
2026-06-15 15:52:19,24.0000,15.5006,9.6684,8.4994
2026-06-15 15:52:21,24.0000,15.4756,9.6419,8.5244
2026-06-15 15:52:21,24.0000,15.4756,9.6421,8.5244
2026-06-15 15:52:21,24.0000,15.4816,9.6420,8.5184
2026-06-15 15:52:21,24.0000,15.4818,9.6420,8.5182
2026-06-15 15:52:23,24.0000,15.6385,9.6924,8.3615
2026-06-15 15:52:23,24.0000,15.6566,9.7173,8.3434
2026-06-15 15:52:23,24.0000,15.6599,9.7171,8.3401
2026-06-15 15:52:23,24.0000,15.6693,9.7171,8.3307
2026-06-15 15:52:24,24.0000,15.4651,9.6433,8.5349
2026-06-15 15:52:25,24.0000,15.5240,9.6180,8.4760
2026-06-15 15:52:25,24.0000,15.5222,9.6176,8.4778
2026-06-15 15:52:25,24.0000,15.5222,9.6176,8.4778
2026-06-15 15:52:25,24.0000,15.5293,9.6176,8.4707
2026-06-15 15:52:27,24.0000,15.4356,9.5896,8.5644
2026-06-15 15:52:27,24.0000,15.4371,9.5896,8.5629
2026-06-15 15:52:29,24.0000,15.4831,9.6373,8.5169
2026-06-15 15:52:29,24.0000,15.4820,9.6450,8.5180
2026-06-15 15:52:31,24.0000,15.4555,9.6483,8.5445
2026-06-15 15:52:31,24.0000,15.4550,9.6480,8.5450
2026-06-15 15:52:33,24.0000,15.4224,9.6385,8.5776
2026-06-15 15:52:33,24.0000,15.4222,9.6385,8.5778
2026-06-15 15:52:35,24.0000,15.4076,9.6352,8.5924
2026-06-15 15:52:35,24.0000,15.4076,9.6353,8.5924
2026-06-15 15:52:37,24.0000,15.3971,9.6237,8.6029
2026-06-15 15:52:37,24.0000,15.3975,9.6246,8.6025
2026-06-15 15:52:39,24.0000,15.3853,9.6077,8.6147
2026-06-15 15:52:39,24.0000,15.3850,9.6077,8.6150
2026-06-15 15:52:41,24.0000,15.3837,9.6078,8.6163
2026-06-15 15:52:41,24.0000,15.3809,9.6078,8.6191
2026-06-15 15:52:43,24.0000,15.3797,9.6006,8.6203
2026-06-15 15:52:43,24.0000,15.3801,9.6012,8.6199
2026-06-15 15:52:45,24.0000,15.3778,9.5967,8.6222
2026-06-15 15:52:45,24.0000,15.3755,9.6191,8.6245
2026-06-15 15:52:47,24.0000,15.3823,9.5972,8.6177
2026-06-15 15:52:47,24.0000,15.3797,9.5973,8.6203
2026-06-15 15:52:49,24.0000,15.3806,9.6115,8.6194
2026-06-15 15:52:49,24.0000,15.3797,9.6110,8.6203
2026-06-15 15:52:51,24.0000,15.4772,9.6418,8.5228
2026-06-15 15:52:51,24.0000,15.5199,9.6665,8.4801
2026-06-15 15:52:53,24.0000,15.6461,9.7139,8.3539
2026-06-15 15:52:53,24.0000,15.6494,9.7238,8.3506
2026-06-15 15:52:55,24.0000,15.4807,9.6534,8.5193
2026-06-15 15:52:55,24.0000,15.5038,9.6495,8.4962
2026-06-15 15:52:55,24.0000,15.5054,9.6514,8.4946
2026-06-15 15:52:57,24.0000,15.4712,9.6267,8.5288
2026-06-15 15:52:57,24.0000,15.4703,9.6267,8.5297
2026-06-15 15:52:59,24.0000,15.4491,9.6594,8.5509
2026-06-15 15:52:59,24.0000,15.4490,9.6594,8.5510
2026-06-15 15:53:01,24.0000,15.4473,9.6608,8.5527
2026-06-15 15:53:01,24.0000,15.4460,9.6604,8.5540
2026-06-15 15:53:03,24.0000,15.4584,9.6471,8.5416
2026-06-15 15:53:03,24.0000,15.4582,9.6466,8.5418
2026-06-15 15:53:05,24.0000,15.4480,9.6359,8.5520
2026-06-15 15:53:05,24.0000,15.4498,9.6359,8.5502
2026-06-15 15:53:07,24.0000,15.4583,9.6497,8.5417
2026-06-15 15:53:07,24.0000,15.4492,9.6495,8.5508
2026-06-15 15:53:09,24.0000,15.4228,9.6456,8.5772
2026-06-15 15:53:09,24.0000,15.4262,9.6455,8.5738
2026-06-15 15:53:11,24.0000,15.4356,9.6250,8.5644
2026-06-15 15:53:11,24.0000,15.4356,9.6250,8.5644
2026-06-15 15:53:13,24.0000,15.4084,9.6335,8.5916
2026-06-15 15:53:13,24.0000,15.4054,9.6335,8.5946
2026-06-15 15:53:15,24.0000,15.4011,9.6341,8.5989
2026-06-15 15:53:15,24.0000,15.4001,9.6341,8.5999
2026-06-15 15:53:17,24.0000,15.4217,9.6318,8.5783
2026-06-15 15:53:17,24.0000,15.4212,9.6318,8.5788
2026-06-15 15:53:19,24.0000,15.4022,9.6272,8.5978
2026-06-15 15:53:19,24.0000,15.4021,9.6271,8.5979
2026-06-15 15:53:21,24.0000,15.4184,9.6083,8.5816
2026-06-15 15:53:21,24.0000,15.4184,9.6083,8.5816
2026-06-15 15:53:23,24.0000,15.3925,9.6205,8.6075
2026-06-15 15:53:23,24.0000,15.4060,9.6233,8.5940
2026-06-15 15:53:25,24.0000,15.3475,9.5905,8.6525
2026-06-15 15:53:25,24.0000,15.3485,9.5908,8.6515
2026-06-15 15:53:27,24.0000,15.4554,9.6163,8.5446
2026-06-15 15:53:27,24.0000,15.6421,9.6620,8.3579
2026-06-15 15:53:29,24.0000,15.6528,9.7040,8.3472
2026-06-15 15:53:29,24.0000,15.6610,9.7090,8.3390
2026-06-15 15:53:30,24.0000,15.4845,9.6397,8.5155
2026-06-15 15:53:31,24.0000,15.4919,9.6513,8.5081
2026-06-15 15:53:31,24.0000,15.4919,9.6513,8.5081
2026-06-15 15:53:32,24.0000,15.5599,9.6328,8.4401
2026-06-15 15:53:33,24.0000,15.5027,9.6444,8.4973
2026-06-15 15:53:33,24.0000,15.5022,9.6441,8.4978
2026-06-15 15:53:35,24.0000,15.4854,9.6213,8.5146
2026-06-15 15:53:35,24.0000,15.4870,9.6213,8.5130
2026-06-15 15:53:37,24.0000,15.5076,9.6106,8.4924
2026-06-15 15:53:37,24.0000,15.5064,9.6115,8.4936
2026-06-15 15:53:39,24.0000,15.5306,9.6234,8.4694
2026-06-15 15:53:39,24.0000,15.5328,9.6561,8.4672
2026-06-15 15:53:41,24.0000,15.5011,9.6544,8.4989
2026-06-15 15:53:41,24.0000,15.5006,9.6561,8.4994
2026-06-15 15:53:43,24.0000,15.5211,9.6618,8.4789
2026-06-15 15:53:43,24.0000,15.5206,9.6618,8.4794
2026-06-15 15:53:45,24.0000,15.5453,9.6447,8.4547
2026-06-15 15:53:45,24.0000,15.5449,9.6447,8.4551
2026-06-15 15:53:47,24.0000,15.5946,9.6362,8.4054
2026-06-15 15:53:47,24.0000,15.5651,9.6328,8.4349
2026-06-15 15:53:49,24.0000,15.5355,9.6764,8.4645
2026-06-15 15:53:49,24.0000,15.5353,9.6756,8.4647
2026-06-15 15:53:51,24.0000,15.5362,9.6544,8.4638
2026-06-15 15:53:51,24.0000,15.5372,9.6544,8.4628
2026-06-15 15:53:53,24.0000,15.5545,9.6495,8.4455
2026-06-15 15:53:53,24.0000,15.5525,9.6796,8.4475
2026-06-15 15:53:55,24.0000,15.5180,9.6614,8.4820
2026-06-15 15:53:55,24.0000,15.5175,9.6614,8.4825
2026-06-15 15:53:57,24.0000,15.4964,9.6539,8.5036
2026-06-15 15:53:57,24.0000,15.4958,9.6540,8.5042
2026-06-15 15:53:59,24.0000,15.5014,9.6601,8.4986
2026-06-15 15:53:59,24.0000,15.5010,9.6602,8.4990
2026-06-15 15:54:01,24.0000,15.4524,9.6249,8.5476
2026-06-15 15:54:01,24.0000,15.4524,9.6274,8.5476
2026-06-15 15:54:03,24.0000,15.5051,9.6251,8.4949
2026-06-15 15:54:03,24.0000,15.5021,9.6252,8.4979
2026-06-15 15:54:05,24.0000,15.4942,9.6497,8.5058
2026-06-15 15:54:05,24.0000,15.4962,9.6497,8.5038
2026-06-15 15:54:07,24.0000,15.4824,9.6453,8.5176
2026-06-15 15:54:07,24.0000,15.4816,9.6438,8.5184
2026-06-15 15:54:09,24.0000,15.5329,9.6304,8.4671
2026-06-15 15:54:09,24.0000,15.5343,9.6285,8.4657
2026-06-15 15:54:11,24.0000,15.7278,9.7166,8.2722
2026-06-15 15:54:11,24.0000,15.7477,9.7242,8.2523
2026-06-15 15:54:12,24.0000,15.5482,9.6540,8.4518
2026-06-15 15:54:13,24.0000,15.5597,9.6426,8.4403
2026-06-15 15:54:13,24.0000,15.5595,9.6427,8.4405
2026-06-15 15:54:14,24.0000,15.5513,9.6426,8.4487
2026-06-15 15:54:15,24.0000,15.5632,9.6554,8.4368
2026-06-15 15:54:15,24.0000,15.5905,9.6553,8.4095
2026-06-15 15:54:16,24.0000,15.4750,9.6546,8.5250
2026-06-15 15:54:17,24.0000,15.4671,9.6696,8.5329
2026-06-15 15:54:17,24.0000,15.4666,9.6692,8.5334
2026-06-15 15:54:18,24.0000,15.4538,9.6685,8.5462
2026-06-15 15:54:19,24.0000,15.4613,9.6501,8.5387
2026-06-15 15:54:19,24.0000,15.4613,9.6501,8.5387
2026-06-15 15:54:20,24.0000,15.5453,9.6497,8.4547
2026-06-15 15:54:21,24.0000,15.5356,9.6791,8.4644
2026-06-15 15:54:21,24.0000,15.5356,9.6791,8.4644
2026-06-15 15:54:22,24.0000,15.5145,9.6740,8.4855
2026-06-15 15:54:23,24.0000,15.4874,9.6751,8.5126
2026-06-15 15:54:23,24.0000,15.4874,9.6751,8.5126
2026-06-15 15:54:24,24.0000,15.5006,9.6657,8.4994
2026-06-15 15:54:25,24.0000,15.4775,9.6852,8.5225
2026-06-15 15:54:25,24.0000,15.4921,9.6779,8.5079
2026-06-15 15:54:26,24.0000,15.4766,9.6731,8.5234
2026-06-15 15:54:27,24.0000,15.4646,9.6715,8.5354
2026-06-15 15:54:27,24.0000,15.4646,9.6716,8.5354
2026-06-15 15:54:28,24.0000,15.4205,9.6318,8.5795
2026-06-15 15:54:29,24.0000,15.4380,9.6144,8.5620
2026-06-15 15:54:29,24.0000,15.4380,9.6144,8.5620
2026-06-15 15:54:30,24.0000,15.4261,9.6521,8.5739
2026-06-15 15:54:31,24.0000,15.3959,9.6420,8.6041
2026-06-15 15:54:31,24.0000,15.3980,9.6421,8.6020
2026-06-15 15:54:32,24.0000,15.3832,9.6387,8.6168
2026-06-15 15:54:33,24.0000,15.3771,9.6391,8.6229
2026-06-15 15:54:33,24.0000,15.3763,9.6397,8.6237
2026-06-15 15:54:34,24.0000,15.3943,9.6203,8.6057
2026-06-15 15:54:35,24.0000,15.4039,9.6121,8.5961
2026-06-15 15:54:35,24.0000,15.4052,9.6130,8.5948
2026-06-15 15:54:36,24.0000,15.3982,9.6083,8.6018
2026-06-15 15:54:37,24.0000,15.3946,9.5990,8.6054
2026-06-15 15:54:37,24.0000,15.3928,9.6022,8.6072
2026-06-15 15:54:38,24.0000,15.3839,9.6057,8.6161
2026-06-15 15:54:39,24.0000,15.3761,9.6082,8.6239
2026-06-15 15:54:39,24.0000,15.4105,9.6204,8.5895
2026-06-15 15:54:40,24.0000,15.4105,9.6204,8.5895
2026-06-15 15:54:41,24.0000,15.3946,9.6679,8.6054
2026-06-15 15:54:41,24.0000,15.3948,9.6680,8.6052
2026-06-15 15:54:42,24.0000,15.3872,9.6357,8.6128
2026-06-15 15:54:43,24.0000,15.3857,9.6356,8.6143
2026-06-15 15:54:43,24.0000,15.3835,9.6353,8.6165
2026-06-15 15:54:44,24.0000,15.4155,9.6084,8.5845
2026-06-15 15:54:45,24.0000,15.4782,9.5922,8.5218
2026-06-15 15:54:45,24.0000,15.4789,9.5921,8.5211
2026-06-15 15:54:46,24.0000,15.4856,9.6682,8.5144
2026-06-15 15:54:47,24.0000,15.4796,9.6769,8.5204
2026-06-15 15:54:47,24.0000,15.4792,9.6772,8.5208
2026-06-15 15:54:48,24.0000,15.4805,9.6709,8.5195
2026-06-15 15:54:49,24.0000,15.3893,9.6487,8.6107
2026-06-15 15:54:49,24.0000,15.3888,9.6487,8.6112
2026-06-15 15:54:51,24.0000,15.4325,9.6903,8.5675
2026-06-15 15:54:51,24.0000,15.4375,9.6907,8.5625
2026-06-15 15:54:53,24.0000,15.4373,9.6494,8.5627
2026-06-15 15:54:53,24.0000,15.4367,9.6493,8.5633
2026-06-15 15:54:54,24.0000,15.4368,9.6493,8.5632
2026-06-15 15:54:55,24.0000,15.4583,9.6255,8.5417
2026-06-15 15:54:55,24.0000,15.4514,9.6241,8.5486
2026-06-15 15:54:56,24.0000,15.4564,9.6240,8.5436
2026-06-15 15:54:57,24.0000,15.4378,9.6384,8.5622
2026-06-15 15:54:57,24.0000,15.4319,9.6383,8.5681
2026-06-15 15:54:58,24.0000,15.4329,9.6387,8.5671
2026-06-15 15:54:59,24.0000,15.4068,9.6580,8.5932
2026-06-15 15:54:59,24.0000,15.4048,9.6580,8.5952
2026-06-15 15:55:00,24.0000,15.3848,9.6565,8.6152
2026-06-15 15:55:01,24.0000,15.4087,9.6297,8.5913
2026-06-15 15:55:01,24.0000,15.4638,9.6420,8.5362
2026-06-15 15:55:02,24.0000,15.4637,9.6423,8.5363
2026-06-15 15:55:03,24.0000,15.4344,9.6683,8.5656
2026-06-15 15:55:03,24.0000,15.4336,9.6682,8.5664
2026-06-15 15:55:04,24.0000,15.4336,9.6682,8.5664
2026-06-15 15:55:05,24.0000,15.4230,9.6286,8.5770
2026-06-15 15:55:05,24.0000,15.4202,9.6285,8.5798
2026-06-15 15:55:07,24.0000,15.5849,9.6897,8.4151
2026-06-15 15:55:07,24.0000,15.5781,9.6916,8.4219
2026-06-15 15:55:09,24.0000,15.4598,9.6627,8.5402
2026-06-15 15:55:09,24.0000,15.4604,9.6622,8.5396
2026-06-15 15:55:09,24.0000,15.4602,9.6627,8.5398
2026-06-15 15:55:11,24.0000,15.4699,9.6528,8.5301
2026-06-15 15:55:11,24.0000,15.4694,9.6528,8.5306
2026-06-15 15:55:11,24.0000,15.4545,9.6399,8.5455
2026-06-15 15:55:13,24.0000,15.4133,9.6593,8.5867
2026-06-15 15:55:13,24.0000,15.4138,9.6592,8.5862
2026-06-15 15:55:13,24.0000,15.4138,9.6592,8.5862
2026-06-15 15:55:15,24.0000,15.3961,9.6579,8.6039
2026-06-15 15:55:15,24.0000,15.3956,9.6577,8.6044
2026-06-15 15:55:15,24.0000,15.3943,9.6562,8.6057
2026-06-15 15:55:17,24.0000,15.4562,9.6200,8.5438
2026-06-15 15:55:17,24.0000,15.4568,9.6365,8.5432
2026-06-15 15:55:17,24.0000,15.4568,9.6366,8.5432
2026-06-15 15:55:19,24.0000,15.4344,9.6570,8.5656
2026-06-15 15:55:19,24.0000,15.4298,9.6540,8.5702
2026-06-15 15:55:19,24.0000,15.4305,9.6540,8.5695
2026-06-15 15:55:21,24.0000,15.4145,9.6560,8.5855
2026-06-15 15:55:21,24.0000,15.4409,9.6377,8.5591
2026-06-15 15:55:21,24.0000,15.4400,9.6361,8.5600
2026-06-15 15:55:23,24.0000,15.4165,9.6549,8.5835
2026-06-15 15:55:23,24.0000,15.4144,9.6547,8.5856
2026-06-15 15:55:23,24.0000,15.4143,9.6547,8.5857
2026-06-15 15:55:25,24.0000,15.4148,9.6500,8.5852
2026-06-15 15:55:25,24.0000,15.4097,9.6500,8.5903
2026-06-15 15:55:25,24.0000,15.4097,9.6500,8.5903
2026-06-15 15:55:27,24.0000,15.4286,9.6312,8.5714
2026-06-15 15:55:27,24.0000,15.4288,9.6312,8.5712
2026-06-15 15:55:27,24.0000,15.4252,9.6277,8.5748
2026-06-15 15:55:29,24.0000,15.3976,9.6544,8.6024
2026-06-15 15:55:29,24.0000,15.3975,9.6544,8.6025
2026-06-15 15:55:29,24.0000,15.3976,9.6544,8.6024
2026-06-15 15:55:31,24.0000,15.3968,9.6411,8.6032
2026-06-15 15:55:31,24.0000,15.3978,9.6410,8.6022
2026-06-15 15:55:31,24.0000,15.3964,9.6409,8.6036
2026-06-15 15:55:33,24.0000,15.4075,9.6598,8.5925
2026-06-15 15:55:33,24.0000,15.4072,9.6600,8.5928
2026-06-15 15:55:33,24.0000,15.4072,9.6600,8.5928
2026-06-15 15:55:35,24.0000,15.4225,9.6367,8.5775
2026-06-15 15:55:35,24.0000,15.4198,9.6367,8.5802
2026-06-15 15:55:35,24.0000,15.4198,9.6367,8.5802
2026-06-15 15:55:37,24.0000,15.4555,9.6380,8.5445
2026-06-15 15:55:37,24.0000,15.4434,9.6379,8.5566
2026-06-15 15:55:37,24.0000,15.4462,9.6392,8.5538
2026-06-15 15:55:39,24.0000,15.3883,9.6419,8.6117
2026-06-15 15:55:39,24.0000,15.3877,9.6418,8.6123
2026-06-15 15:55:39,24.0000,15.3869,9.6423,8.6131
2026-06-15 15:55:41,24.0000,15.3813,9.6402,8.6187
2026-06-15 15:55:41,24.0000,15.3790,9.6401,8.6210
2026-06-15 15:55:41,24.0000,15.3790,9.6401,8.6210
2026-06-15 15:55:43,24.0000,15.4024,9.6218,8.5976
2026-06-15 15:55:43,24.0000,15.4026,9.6225,8.5974
2026-06-15 15:55:43,24.0000,15.4024,9.6632,8.5976
2026-06-15 15:55:45,24.0000,15.3817,9.6421,8.6183
2026-06-15 15:55:45,24.0000,15.3793,9.6421,8.6207
2026-06-15 15:55:45,24.0000,15.3790,9.6424,8.6210
2026-06-15 15:55:47,24.0000,15.4264,9.6337,8.5736
2026-06-15 15:55:47,24.0000,15.4244,9.6336,8.5756
2026-06-15 15:55:47,24.0000,15.4495,9.6173,8.5505
2026-06-15 15:55:49,24.0000,15.4623,9.6725,8.5377
2026-06-15 15:55:49,24.0000,15.4631,9.6565,8.5369
2026-06-15 15:55:49,24.0000,15.4632,9.6565,8.5368
2026-06-15 15:55:51,24.0000,15.4486,9.6551,8.5514
2026-06-15 15:55:51,24.0000,15.4501,9.6551,8.5499
2026-06-15 15:55:51,24.0000,15.4498,9.6846,8.5502
2026-06-15 15:55:53,24.0000,15.4718,9.6364,8.5282
2026-06-15 15:55:53,24.0000,15.4726,9.6362,8.5274
2026-06-15 15:55:53,24.0000,15.4732,9.6526,8.5268
2026-06-15 15:55:55,24.0000,15.4889,9.6603,8.5111
2026-06-15 15:55:55,24.0000,15.4845,9.6603,8.5155
2026-06-15 15:55:55,24.0000,15.4848,9.6829,8.5152
2026-06-15 15:55:57,24.0000,15.4613,9.6929,8.5387
2026-06-15 15:55:57,24.0000,15.4593,9.6785,8.5407
2026-06-15 15:55:57,24.0000,15.4592,9.7032,8.5408
2026-06-15 15:55:59,24.0000,15.4848,9.6826,8.5152
2026-06-15 15:55:59,24.0000,15.4909,9.6753,8.5091
2026-06-15 15:55:59,24.0000,15.4909,9.6753,8.5091
2026-06-15 15:56:01,24.0000,15.4660,9.6905,8.5340
2026-06-15 15:56:01,24.0000,15.4738,9.6840,8.5262
2026-06-15 15:56:01,24.0000,15.4734,9.6848,8.5266
2026-06-15 15:56:03,24.0000,15.4653,9.6820,8.5347
2026-06-15 15:56:03,24.0000,15.4838,9.6149,8.5162
2026-06-15 15:56:03,24.0000,15.4838,9.6149,8.5162
2026-06-15 15:56:05,24.0000,15.4279,9.6454,8.5721
2026-06-15 15:56:05,24.0000,15.4690,9.6356,8.5310
2026-06-15 15:56:05,24.0000,15.4656,9.6351,8.5344
2026-06-15 15:56:07,24.0000,15.4562,9.6405,8.5438
2026-06-15 15:56:07,24.0000,15.4668,9.6346,8.5332
2026-06-15 15:56:07,24.0000,15.4671,9.6346,8.5329
2026-06-15 15:56:09,24.0000,15.4662,9.6593,8.5338
2026-06-15 15:56:09,24.0000,15.4582,9.6501,8.5418
2026-06-15 15:56:09,24.0000,15.4571,9.6501,8.5429
2026-06-15 15:56:11,24.0000,15.4150,9.6693,8.5850
2026-06-15 15:56:11,24.0000,15.4153,9.6691,8.5847
2026-06-15 15:56:11,24.0000,15.4154,9.6691,8.5846
2026-06-15 15:56:13,24.0000,15.3905,9.6634,8.6095
2026-06-15 15:56:13,24.0000,15.3989,9.6605,8.6011
2026-06-15 15:56:13,24.0000,15.4041,9.6605,8.5959
2026-06-15 15:56:15,24.0000,15.4090,9.6564,8.5910
2026-06-15 15:56:15,24.0000,15.4085,9.6569,8.5915
2026-06-15 15:56:15,24.0000,15.4085,9.6569,8.5915
2026-06-15 15:56:17,24.0000,15.3845,9.6543,8.6155
2026-06-15 15:56:17,24.0000,15.3810,9.6514,8.6190
2026-06-15 15:56:17,24.0000,15.3810,9.6514,8.6190
2026-06-15 15:56:19,24.0000,15.3988,9.6405,8.6012
2026-06-15 15:56:19,24.0000,15.4063,9.6395,8.5937
2026-06-15 15:56:19,24.0000,15.3965,9.6334,8.6035
2026-06-15 15:56:21,24.0000,15.3825,9.6411,8.6175
2026-06-15 15:56:21,24.0000,15.3798,9.6428,8.6202
2026-06-15 15:56:21,24.0000,15.3798,9.6428,8.6202
2026-06-15 15:56:23,24.0000,15.3569,9.6299,8.6431
2026-06-15 15:56:23,24.0000,15.3602,9.6290,8.6398
2026-06-15 15:56:23,24.0000,15.3599,9.6302,8.6401
2026-06-15 15:56:25,24.0000,15.3862,9.6084,8.6138
2026-06-15 15:56:25,24.0000,15.3800,9.6396,8.6200
2026-06-15 15:56:25,24.0000,15.3800,9.6396,8.6200
2026-06-15 15:56:27,24.0000,15.3668,9.6311,8.6332
2026-06-15 15:56:27,24.0000,15.3678,9.6395,8.6322
2026-06-15 15:56:27,24.0000,15.3642,9.6394,8.6358
2026-06-15 15:56:29,24.0000,15.3577,9.6304,8.6423
2026-06-15 15:56:29,24.0000,15.3838,9.6152,8.6162
2026-06-15 15:56:29,24.0000,15.3834,9.6152,8.6166
2026-06-15 15:56:31,24.0000,15.3593,9.6334,8.6407
2026-06-15 15:56:31,24.0000,15.3645,9.6338,8.6355
2026-06-15 15:56:31,24.0000,15.3629,9.6371,8.6371
2026-06-15 15:56:33,24.0000,15.3851,9.6323,8.6149
2026-06-15 15:56:33,24.0000,15.3497,9.6277,8.6503
2026-06-15 15:56:33,24.0000,15.3507,9.6277,8.6493
2026-06-15 15:56:35,24.0000,15.4038,9.6050,8.5962
2026-06-15 15:56:35,24.0000,15.4062,9.6101,8.5938
2026-06-15 15:56:35,24.0000,15.4062,9.6115,8.5938
2026-06-15 15:56:37,24.0000,15.3802,9.6239,8.6198
2026-06-15 15:56:37,24.0000,15.3486,9.6055,8.6514
2026-06-15 15:56:37,24.0000,15.3486,9.6055,8.6514
2026-06-15 15:56:39,24.0000,15.3299,9.6168,8.6701
2026-06-15 15:56:39,24.0000,15.3242,9.6177,8.6758
2026-06-15 15:56:39,24.0000,15.3237,9.6180,8.6763
2026-06-15 15:56:41,24.0000,15.3451,9.6223,8.6549
2026-06-15 15:56:41,24.0000,15.3528,9.6202,8.6472
2026-06-15 15:56:41,24.0000,15.3519,9.6258,8.6481
2026-06-15 15:56:43,24.0000,15.4274,9.6299,8.5726
2026-06-15 15:56:43,24.0000,15.4738,9.6256,8.5262
2026-06-15 15:56:45,24.0000,15.6193,9.6923,8.3807
2026-06-15 15:56:45,24.0000,15.6266,9.7012,8.3734
2026-06-15 15:56:47,24.0000,15.4617,9.6677,8.5383
2026-06-15 15:56:47,24.0000,15.4449,9.6775,8.5551
2026-06-15 15:56:47,24.0000,15.4460,9.6780,8.5540
2026-06-15 15:56:49,24.0000,15.4306,9.6839,8.5694
2026-06-15 15:56:49,24.0000,15.4363,9.6592,8.5637
2026-06-15 15:56:49,24.0000,15.4371,9.6590,8.5629
2026-06-15 15:56:51,24.0000,15.5840,9.6900,8.4160
2026-06-15 15:56:51,24.0000,15.6826,9.7431,8.3174
2026-06-15 15:56:51,24.0000,15.6823,9.7753,8.3177
2026-06-15 15:56:52,24.0000,15.6823,9.7753,8.3177
2026-06-15 15:56:53,24.0000,15.4657,9.6775,8.5343
2026-06-15 15:56:53,24.0000,15.4554,9.6702,8.5446
2026-06-15 15:56:53,24.0000,15.4555,9.6699,8.5445
2026-06-15 15:56:54,24.0000,15.4370,9.6676,8.5630
2026-06-15 15:56:55,24.0000,15.4967,9.6615,8.5033
2026-06-15 15:56:55,24.0000,15.4929,9.6519,8.5071
2026-06-15 15:56:55,24.0000,15.5195,9.6348,8.4805
2026-06-15 15:56:56,24.0000,15.5005,9.6598,8.4995
2026-06-15 15:56:57,24.0000,15.5044,9.6977,8.4956
2026-06-15 15:56:57,24.0000,15.4842,9.6926,8.5158
2026-06-15 15:56:57,24.0000,15.4862,9.6925,8.5138
2026-06-15 15:56:58,24.0000,15.4741,9.6902,8.5259
2026-06-15 15:56:59,24.0000,15.4743,9.6897,8.5257
2026-06-15 15:56:59,24.0000,15.4566,9.6804,8.5434
2026-06-15 15:56:59,24.0000,15.4611,9.6797,8.5389
2026-06-15 15:57:00,24.0000,15.4524,9.6776,8.5476
2026-06-15 15:57:01,24.0000,15.4485,9.6772,8.5515
2026-06-15 15:57:01,24.0000,15.4814,9.6420,8.5186
2026-06-15 15:57:01,24.0000,15.4815,9.6420,8.5185
2026-06-15 15:57:02,24.0000,15.4648,9.6820,8.5352
2026-06-15 15:57:03,24.0000,15.4647,9.6804,8.5353
2026-06-15 15:57:03,24.0000,15.4581,9.6739,8.5419
2026-06-15 15:57:03,24.0000,15.4592,9.6739,8.5408
2026-06-15 15:57:04,24.0000,15.4479,9.6738,8.5521
2026-06-15 15:57:05,24.0000,15.4426,9.6674,8.5574
2026-06-15 15:57:05,24.0000,15.4266,9.6685,8.5734
2026-06-15 15:57:05,24.0000,15.4266,9.6685,8.5734
2026-06-15 15:57:06,24.0000,15.4616,9.6459,8.5384
2026-06-15 15:57:07,24.0000,15.4645,9.6403,8.5355
2026-06-15 15:57:07,24.0000,15.4659,9.6577,8.5341
2026-06-15 15:57:07,24.0000,15.4649,9.6578,8.5351
2026-06-15 15:57:08,24.0000,15.4668,9.6599,8.5332
2026-06-15 15:57:09,24.0000,15.5189,9.6521,8.4811
2026-06-15 15:57:09,24.0000,15.5100,9.6710,8.4900
2026-06-15 15:57:09,24.0000,15.5112,9.6660,8.4888
2026-06-15 15:57:10,24.0000,15.5007,9.6912,8.4993
2026-06-15 15:57:11,24.0000,15.5081,9.6910,8.4919
2026-06-15 15:57:11,24.0000,15.5258,9.6685,8.4742
2026-06-15 15:57:11,24.0000,15.5303,9.6685,8.4697
2026-06-15 15:57:12,24.0000,15.5233,9.6880,8.4767
2026-06-15 15:57:13,24.0000,15.5259,9.6970,8.4741
2026-06-15 15:57:13,24.0000,15.4986,9.7059,8.5014
2026-06-15 15:57:13,24.0000,15.5028,9.7001,8.4972
2026-06-15 15:57:14,24.0000,15.4857,9.6998,8.5143
2026-06-15 15:57:15,24.0000,15.4978,9.6943,8.5022
2026-06-15 15:57:15,24.0000,15.4851,9.6500,8.5149
2026-06-15 15:57:15,24.0000,15.4673,9.6417,8.5327
2026-06-15 15:57:16,24.0000,15.4403,9.6688,8.5597
2026-06-15 15:57:17,24.0000,15.4760,9.6591,8.5240
2026-06-15 15:57:17,24.0000,15.4677,9.6664,8.5323
2026-06-15 15:57:17,24.0000,15.4789,9.6613,8.5211
2026-06-15 15:57:18,24.0000,15.4751,9.6750,8.5249
2026-06-15 15:57:19,24.0000,15.4768,9.6733,8.5232
2026-06-15 15:57:19,24.0000,15.4765,9.6723,8.5235
2026-06-15 15:57:19,24.0000,15.4803,9.6714,8.5197
2026-06-15 15:57:20,24.0000,15.4724,9.6639,8.5276
2026-06-15 15:57:21,24.0000,15.4719,9.6637,8.5281
2026-06-15 15:57:21,24.0000,15.4667,9.6638,8.5333
2026-06-15 15:57:21,24.0000,15.4711,9.6634,8.5289
2026-06-15 15:57:22,24.0000,15.4827,9.6669,8.5173
2026-06-15 15:57:23,24.0000,15.4868,9.6714,8.5132
2026-06-15 15:57:23,24.0000,15.4875,9.6975,8.5125
2026-06-15 15:57:23,24.0000,15.4847,9.6951,8.5153
2026-06-15 15:57:25,24.0000,15.4559,9.6429,8.5441
2026-06-15 15:57:25,24.0000,15.4565,9.6428,8.5435
2026-06-15 15:57:27,24.0000,15.5408,9.6606,8.4592
2026-06-15 15:57:27,24.0000,15.5408,9.6606,8.4592
2026-06-15 15:57:29,24.0000,15.5115,9.6824,8.4885
2026-06-15 15:57:29,24.0000,15.5011,9.6823,8.4989
2026-06-15 15:57:29,24.0000,15.5018,9.6823,8.4982
2026-06-15 15:57:29,24.0000,15.5018,9.6823,8.4982
2026-06-15 15:57:31,24.0000,15.4832,9.6938,8.5168
2026-06-15 15:57:31,24.0000,15.4662,9.6936,8.5338
2026-06-15 15:57:31,24.0000,15.4642,9.6935,8.5358
2026-06-15 15:57:31,24.0000,15.4803,9.6928,8.5197
2026-06-15 15:57:33,24.0000,15.4789,9.6631,8.5211
2026-06-15 15:57:33,24.0000,15.4709,9.6631,8.5291
2026-06-15 15:57:33,24.0000,15.4764,9.6724,8.5236
2026-06-15 15:57:33,24.0000,15.4914,9.6719,8.5086
2026-06-15 15:57:35,24.0000,15.4611,9.6729,8.5389
2026-06-15 15:57:35,24.0000,15.4491,9.6730,8.5509
2026-06-15 15:57:35,24.0000,15.4520,9.6713,8.5480
2026-06-15 15:57:35,24.0000,15.4683,9.6725,8.5317
2026-06-15 15:57:37,24.0000,15.4770,9.6565,8.5230
2026-06-15 15:57:37,24.0000,15.4715,9.6570,8.5285
2026-06-15 15:57:37,24.0000,15.4982,9.6437,8.5018
2026-06-15 15:57:37,24.0000,15.5150,9.6435,8.4850
2026-06-15 15:57:39,24.0000,15.4856,9.6818,8.5144
2026-06-15 15:57:39,24.0000,15.4660,9.6777,8.5340
2026-06-15 15:57:39,24.0000,15.4679,9.6775,8.5321
2026-06-15 15:57:39,24.0000,15.4830,9.6737,8.5170
2026-06-15 15:57:41,24.0000,15.4750,9.6552,8.5250
2026-06-15 15:57:41,24.0000,15.4610,9.6552,8.5390
2026-06-15 15:57:41,24.0000,15.4609,9.6552,8.5391
2026-06-15 15:57:41,24.0000,15.4703,9.6548,8.5297
2026-06-15 15:57:43,24.0000,15.4781,9.6567,8.5219
2026-06-15 15:57:43,24.0000,15.4724,9.6645,8.5276
2026-06-15 15:57:43,24.0000,15.4725,9.6642,8.5275
2026-06-15 15:57:43,24.0000,15.4887,9.6625,8.5113
2026-06-15 15:57:45,24.0000,15.4614,9.6816,8.5386
2026-06-15 15:57:45,24.0000,15.4519,9.6821,8.5481
2026-06-15 15:57:45,24.0000,15.4595,9.6763,8.5405
2026-06-15 15:57:45,24.0000,15.4727,9.6765,8.5273
2026-06-15 15:57:47,24.0000,15.3420,9.6439,8.6580
2026-06-15 15:57:47,24.0000,15.3483,9.6444,8.6517
2026-06-15 15:57:49,24.0000,15.7718,9.7926,8.2282
2026-06-15 15:57:49,24.0000,15.7917,9.7994,8.2083
2026-06-15 15:57:50,24.0000,15.4530,9.6595,8.5470
2026-06-15 15:57:50,24.0000,15.4542,9.6595,8.5458
2026-06-15 15:57:51,24.0000,15.4420,9.6708,8.5580
2026-06-15 15:57:51,24.0000,15.4416,9.6720,8.5584
2026-06-15 15:57:52,24.0000,15.4338,9.6683,8.5662
2026-06-15 15:57:52,24.0000,15.4372,9.6681,8.5628
2026-06-15 15:57:53,24.0000,15.4517,9.6482,8.5483
2026-06-15 15:57:53,24.0000,15.4513,9.6478,8.5487
2026-06-15 15:57:54,24.0000,15.4528,9.6468,8.5472
2026-06-15 15:57:54,24.0000,15.4505,9.6472,8.5495
2026-06-15 15:57:55,24.0000,15.3736,9.6239,8.6264
2026-06-15 15:57:55,24.0000,15.3587,9.6237,8.6413
2026-06-15 15:57:57,24.0000,15.4306,9.6345,8.5694
2026-06-15 15:57:57,24.0000,15.4279,9.6759,8.5721
2026-06-15 15:57:59,24.0000,15.9318,9.8461,8.0682
2026-06-15 15:57:59,24.0000,15.9495,9.8986,8.0505
2026-06-15 15:58:00,24.0000,15.5602,9.7104,8.4398
2026-06-15 15:58:00,24.0000,15.5602,9.7104,8.4398
2026-06-15 15:58:01,24.0000,15.5143,9.7142,8.4857
2026-06-15 15:58:01,24.0000,15.5143,9.7142,8.4857
2026-06-15 15:58:02,24.0000,15.5184,9.7063,8.4816
2026-06-15 15:58:02,24.0000,15.5182,9.7062,8.4818
2026-06-15 15:58:03,24.0000,15.4858,9.6769,8.5142
2026-06-15 15:58:03,24.0000,15.5373,9.6628,8.4627
2026-06-15 15:58:04,24.0000,15.5699,9.6464,8.4301
2026-06-15 15:58:04,24.0000,15.5716,9.6529,8.4284
2026-06-15 15:58:05,24.0000,15.5293,9.7087,8.4707
2026-06-15 15:58:05,24.0000,15.4403,9.6679,8.5597
2026-06-15 15:58:07,24.0000,15.4805,9.6749,8.5195
2026-06-15 15:58:07,24.0000,15.4806,9.7058,8.5194
2026-06-15 15:58:09,24.0000,15.9181,9.8353,8.0819
2026-06-15 15:58:09,24.0000,15.9349,9.8540,8.0651
2026-06-15 15:58:10,24.0000,15.5478,9.7002,8.4522
2026-06-15 15:58:10,24.0000,15.5251,9.6962,8.4749
2026-06-15 15:58:11,24.0000,15.5116,9.7074,8.4884
2026-06-15 15:58:11,24.0000,15.5094,9.7075,8.4906
2026-06-15 15:58:12,24.0000,15.5097,9.7086,8.4903
2026-06-15 15:58:12,24.0000,15.4980,9.7087,8.5020
2026-06-15 15:58:13,24.0000,15.4751,9.6925,8.5249
2026-06-15 15:58:13,24.0000,15.4728,9.6919,8.5272
2026-06-15 15:58:14,24.0000,15.5021,9.6718,8.4979
2026-06-15 15:58:14,24.0000,15.4915,9.6718,8.5085
2026-06-15 15:58:15,24.0000,15.4643,9.6750,8.5357
2026-06-15 15:58:15,24.0000,15.4635,9.6750,8.5365
2026-06-15 15:58:16,24.0000,15.4635,9.6750,8.5365
2026-06-15 15:58:16,24.0000,15.4635,9.6750,8.5365
2026-06-15 15:58:17,24.0000,15.4358,9.6831,8.5642
2026-06-15 15:58:17,24.0000,15.4422,9.6744,8.5578
2026-06-15 15:58:18,24.0000,15.4955,9.6572,8.5045
2026-06-15 15:58:18,24.0000,15.4962,9.6570,8.5038
2026-06-15 15:58:19,24.0000,15.5044,9.6781,8.4956
2026-06-15 15:58:19,24.0000,15.5041,9.6781,8.4959
2026-06-15 15:58:20,24.0000,15.5059,9.6713,8.4941
2026-06-15 15:58:20,24.0000,15.5059,9.6713,8.4941
2026-06-15 15:58:21,24.0000,15.4812,9.6725,8.5188
2026-06-15 15:58:21,24.0000,15.4803,9.6725,8.5197
2026-06-15 15:58:22,24.0000,15.4803,9.6725,8.5197
2026-06-15 15:58:22,24.0000,15.4803,9.6725,8.5197
2026-06-15 15:58:23,24.0000,15.4486,9.6818,8.5514
2026-06-15 15:58:23,24.0000,15.4504,9.6804,8.5496
2026-06-15 15:58:24,24.0000,15.4496,9.6688,8.5504
2026-06-15 15:58:24,24.0000,15.4504,9.6688,8.5496
2026-06-15 15:58:25,24.0000,15.4733,9.6615,8.5267
2026-06-15 15:58:25,24.0000,15.4729,9.6614,8.5271
2026-06-15 15:58:26,24.0000,15.4745,9.6871,8.5255
2026-06-15 15:58:26,24.0000,15.4720,9.6929,8.5280
2026-06-15 15:58:27,24.0000,15.4993,9.6911,8.5007
2026-06-15 15:58:27,24.0000,15.4532,9.6785,8.5468
2026-06-15 15:58:28,24.0000,15.4530,9.6806,8.5470
2026-06-15 15:58:28,24.0000,15.4501,9.6804,8.5499
2026-06-15 15:58:29,24.0000,15.3341,9.6287,8.6659
2026-06-15 15:58:29,24.0000,15.3406,9.6260,8.6594
2026-06-15 15:58:31,24.0000,15.4334,9.6705,8.5666
2026-06-15 15:58:31,24.0000,15.4593,9.6724,8.5407
2026-06-15 15:58:33,24.0000,15.4424,9.6606,8.5576
2026-06-15 15:58:33,24.0000,15.4427,9.6603,8.5573
2026-06-15 15:58:33,24.0000,15.4426,9.6603,8.5574
2026-06-15 15:58:33,24.0000,15.4418,9.6599,8.5582
2026-06-15 15:58:35,24.0000,15.4648,9.6565,8.5352
2026-06-15 15:58:35,24.0000,15.4640,9.6564,8.5360
2026-06-15 15:58:35,24.0000,15.4638,9.6564,8.5362
2026-06-15 15:58:35,24.0000,15.4635,9.6563,8.5365
2026-06-15 15:58:37,24.0000,15.4310,9.6717,8.5690
2026-06-15 15:58:37,24.0000,15.4312,9.6716,8.5688
2026-06-15 15:58:37,24.0000,15.4308,9.6716,8.5692
2026-06-15 15:58:37,24.0000,15.4306,9.6716,8.5694
2026-06-15 15:58:39,24.0000,15.4191,9.6629,8.5809
2026-06-15 15:58:39,24.0000,15.4169,9.6668,8.5831
2026-06-15 15:58:39,24.0000,15.4170,9.6668,8.5830
2026-06-15 15:58:39,24.0000,15.4120,9.6674,8.5880
2026-06-15 15:58:41,24.0000,15.4908,9.6248,8.5092
2026-06-15 15:58:41,24.0000,15.4789,9.6470,8.5211
2026-06-15 15:58:41,24.0000,15.4789,9.6470,8.5211
2026-06-15 15:58:41,24.0000,15.4785,9.6473,8.5215
2026-06-15 15:58:43,24.0000,15.4599,9.6637,8.5401
2026-06-15 15:58:43,24.0000,15.4599,9.6635,8.5401
2026-06-15 15:58:43,24.0000,15.4603,9.6635,8.5397
2026-06-15 15:58:43,24.0000,15.4610,9.6635,8.5390
2026-06-15 15:58:45,24.0000,15.4696,9.6168,8.5304
2026-06-15 15:58:45,24.0000,15.4678,9.6171,8.5322
2026-06-15 15:58:47,24.0000,15.6838,9.7518,8.3162
2026-06-15 15:58:47,24.0000,15.7149,9.7716,8.2851
2026-06-15 15:58:49,24.0000,15.5004,9.6850,8.4996
2026-06-15 15:58:49,24.0000,15.5009,9.6869,8.4991
2026-06-15 15:58:49,24.0000,15.4904,9.6924,8.5096
2026-06-15 15:58:49,24.0000,15.4947,9.6974,8.5053
2026-06-15 15:58:51,24.0000,15.4974,9.6736,8.5026
2026-06-15 15:58:51,24.0000,15.4974,9.6735,8.5026
2026-06-15 15:58:51,24.0000,15.4828,9.6738,8.5172
2026-06-15 15:58:51,24.0000,15.4907,9.6725,8.5093
2026-06-15 15:58:53,24.0000,15.4506,9.6833,8.5494
2026-06-15 15:58:53,24.0000,15.4502,9.6832,8.5498
2026-06-15 15:58:53,24.0000,15.4510,9.6783,8.5490
2026-06-15 15:58:53,24.0000,15.4514,9.6776,8.5486
2026-06-15 15:58:55,24.0000,15.4377,9.6721,8.5623
2026-06-15 15:58:55,24.0000,15.4386,9.6720,8.5614
2026-06-15 15:58:55,24.0000,15.4140,9.6635,8.5860
2026-06-15 15:58:55,24.0000,15.4151,9.6639,8.5849
2026-06-15 15:58:57,24.0000,15.4941,9.6634,8.5059
2026-06-15 15:58:57,24.0000,15.4942,9.6635,8.5058
2026-06-15 15:58:57,24.0000,15.4828,9.6592,8.5172
2026-06-15 15:58:57,24.0000,15.4842,9.6552,8.5158
2026-06-15 15:58:59,24.0000,15.4695,9.6886,8.5305
2026-06-15 15:58:59,24.0000,15.4696,9.6886,8.5304
2026-06-15 15:58:59,24.0000,15.4526,9.6886,8.5474
2026-06-15 15:58:59,24.0000,15.4544,9.6794,8.5456
2026-06-15 15:59:01,24.0000,15.4441,9.6778,8.5559
2026-06-15 15:59:01,24.0000,15.4736,9.6615,8.5264
2026-06-15 15:59:01,24.0000,15.4685,9.6594,8.5315
2026-06-15 15:59:01,24.0000,15.4701,9.6593,8.5299
2026-06-15 15:59:03,24.0000,15.4533,9.6676,8.5467
2026-06-15 15:59:03,24.0000,15.4536,9.6679,8.5464
2026-06-15 15:59:03,24.0000,15.4476,9.6674,8.5524
2026-06-15 15:59:03,24.0000,15.4567,9.6666,8.5433
2026-06-15 15:59:05,24.0000,15.5209,9.6817,8.4791
2026-06-15 15:59:05,24.0000,15.5203,9.6816,8.4797
2026-06-15 15:59:05,24.0000,15.5047,9.6784,8.4953
2026-06-15 15:59:05,24.0000,15.5071,9.6718,8.4929
2026-06-15 15:59:07,24.0000,15.5654,9.6412,8.4346
2026-06-15 15:59:07,24.0000,15.5602,9.6409,8.4398
2026-06-15 15:59:07,24.0000,15.5501,9.6409,8.4499
2026-06-15 15:59:07,24.0000,15.5501,9.6759,8.4499
2026-06-15 15:59:09,24.0000,15.5360,9.6745,8.4640
2026-06-15 15:59:09,24.0000,15.5342,9.6762,8.4658
2026-06-15 15:59:09,24.0000,15.5228,9.6754,8.4772
2026-06-15 15:59:09,24.0000,15.5231,9.6743,8.4769
2026-06-15 15:59:11,24.0000,15.5064,9.6706,8.4936
2026-06-15 15:59:11,24.0000,15.5054,9.6707,8.4946
2026-06-15 15:59:11,24.0000,15.4964,9.6707,8.5036
2026-06-15 15:59:11,24.0000,15.5284,9.6540,8.4716
2026-06-15 15:59:13,24.0000,15.5130,9.6669,8.4870
2026-06-15 15:59:13,24.0000,15.5140,9.6669,8.4860
2026-06-15 15:59:13,24.0000,15.4998,9.6689,8.5002
2026-06-15 15:59:13,24.0000,15.4991,9.6689,8.5009
2026-06-15 15:59:15,24.0000,15.4897,9.6616,8.5103
2026-06-15 15:59:15,24.0000,15.4893,9.6616,8.5107
2026-06-15 15:59:15,24.0000,15.4771,9.6596,8.5229
2026-06-15 15:59:15,24.0000,15.4771,9.6596,8.5229
2026-06-15 15:59:17,24.0000,15.4445,9.6056,8.5555
2026-06-15 15:59:17,24.0000,15.4439,9.6072,8.5561
2026-06-15 15:59:17,24.0000,15.4439,9.6072,8.5561
2026-06-15 15:59:17,24.0000,15.4439,9.6072,8.5561
2026-06-15 15:59:19,24.0000,15.4855,9.6429,8.5145
2026-06-15 15:59:19,24.0000,15.4855,9.6426,8.5145
2026-06-15 15:59:19,24.0000,15.4834,9.6426,8.5166
2026-06-15 15:59:19,24.0000,15.4852,9.6419,8.5148
2026-06-15 15:59:21,24.0000,15.4815,9.6510,8.5185
2026-06-15 15:59:21,24.0000,15.4831,9.6511,8.5169
2026-06-15 15:59:21,24.0000,15.4831,9.6511,8.5169
2026-06-15 15:59:21,24.0000,15.4831,9.6511,8.5169
2026-06-15 15:59:23,24.0000,15.5088,9.6312,8.4912
2026-06-15 15:59:23,24.0000,15.5094,9.6469,8.4906
2026-06-15 15:59:23,24.0000,15.4994,9.6447,8.5006
2026-06-15 15:59:23,24.0000,15.4994,9.6447,8.5006
2026-06-15 15:59:25,24.0000,15.4935,9.6465,8.5065
2026-06-15 15:59:25,24.0000,15.4935,9.6807,8.5065
2026-06-15 15:59:25,24.0000,15.4777,9.6785,8.5223
2026-06-15 15:59:25,24.0000,15.4791,9.6722,8.5209
2026-06-15 15:59:27,24.0000,15.5192,9.6366,8.4808
2026-06-15 15:59:27,24.0000,15.5180,9.6366,8.4820
2026-06-15 15:59:27,24.0000,15.5020,9.6365,8.4980
2026-06-15 15:59:27,24.0000,15.5036,9.6364,8.4964
2026-06-15 15:59:29,24.0000,15.4691,9.6813,8.5309
2026-06-15 15:59:29,24.0000,15.4624,9.6814,8.5376
2026-06-15 15:59:29,24.0000,15.4508,9.6751,8.5492
2026-06-15 15:59:29,24.0000,15.4508,9.6751,8.5492
2026-06-15 15:59:31,24.0000,15.4323,9.6675,8.5677
2026-06-15 15:59:31,24.0000,15.4345,9.6667,8.5655
2026-06-15 15:59:31,24.0000,15.4345,9.6667,8.5655
2026-06-15 15:59:31,24.0000,15.4345,9.6667,8.5655
2026-06-15 15:59:33,24.0000,15.4474,9.6407,8.5526
2026-06-15 15:59:33,24.0000,15.4453,9.6407,8.5547
2026-06-15 15:59:33,24.0000,15.4444,9.6406,8.5556
2026-06-15 15:59:33,24.0000,15.4482,9.6406,8.5518
2026-06-15 15:59:35,24.0000,15.4240,9.6714,8.5760
2026-06-15 15:59:35,24.0000,15.4233,9.6725,8.5767
2026-06-15 15:59:35,24.0000,15.4212,9.6656,8.5788
2026-06-15 15:59:35,24.0000,15.4212,9.6656,8.5788
2026-06-15 15:59:37,24.0000,15.4408,9.6930,8.5592
2026-06-15 15:59:37,24.0000,15.4373,9.6927,8.5627
2026-06-15 15:59:37,24.0000,15.4243,9.6926,8.5757
2026-06-15 15:59:37,24.0000,15.4251,9.6926,8.5749
2026-06-15 15:59:39,24.0000,15.4532,9.6951,8.5468
2026-06-15 15:59:39,24.0000,15.4534,9.6954,8.5466
2026-06-15 15:59:39,24.0000,15.4436,9.6643,8.5564
2026-06-15 15:59:39,24.0000,15.4454,9.6659,8.5546
2026-06-15 15:59:41,24.0000,15.5171,9.6922,8.4829
2026-06-15 15:59:41,24.0000,15.5355,9.6896,8.4645
2026-06-15 15:59:41,24.0000,15.5263,9.6891,8.4737
2026-06-15 15:59:41,24.0000,15.5278,9.6934,8.4722
2026-06-15 15:59:43,24.0000,15.5414,9.7274,8.4586
2026-06-15 15:59:43,24.0000,15.5413,9.7274,8.4587
2026-06-15 15:59:43,24.0000,15.5349,9.7151,8.4651
2026-06-15 15:59:43,24.0000,15.5440,9.7080,8.4560
2026-06-15 15:59:45,24.0000,15.5120,9.7564,8.4880
2026-06-15 15:59:45,24.0000,15.5060,9.7570,8.4940
2026-06-15 15:59:45,24.0000,15.4951,9.7250,8.5049
2026-06-15 15:59:45,24.0000,15.4984,9.7171,8.5016
2026-06-15 15:59:47,24.0000,15.4818,9.7166,8.5182
2026-06-15 15:59:47,24.0000,15.4816,9.7181,8.5184
2026-06-15 15:59:47,24.0000,15.4786,9.7180,8.5214
2026-06-15 15:59:47,24.0000,15.4799,9.7173,8.5201
2026-06-15 15:59:49,24.0000,15.4918,9.7021,8.5082
2026-06-15 15:59:49,24.0000,15.4919,9.7021,8.5081
2026-06-15 15:59:49,24.0000,15.4837,9.6933,8.5163
2026-06-15 15:59:49,24.0000,15.4837,9.6933,8.5163
2026-06-15 15:59:51,24.0000,15.4710,9.7288,8.5290
2026-06-15 15:59:51,24.0000,15.4711,9.7303,8.5289
2026-06-15 15:59:51,24.0000,15.4661,9.7097,8.5339
2026-06-15 15:59:51,24.0000,15.4674,9.7033,8.5326
2026-06-15 15:59:53,24.0000,15.5118,9.7086,8.4882
2026-06-15 15:59:53,24.0000,15.5097,9.7085,8.4903
2026-06-15 15:59:53,24.0000,15.5413,9.6866,8.4587
2026-06-15 15:59:53,24.0000,15.5413,9.6866,8.4587
2026-06-15 15:59:55,24.0000,15.5199,9.7389,8.4801
2026-06-15 15:59:55,24.0000,15.5200,9.7390,8.4800
2026-06-15 15:59:55,24.0000,15.5112,9.7240,8.4888
2026-06-15 15:59:55,24.0000,15.5202,9.7167,8.4798
2026-06-15 15:59:57,24.0000,15.4623,9.7341,8.5377
2026-06-15 15:59:57,24.0000,15.4624,9.7359,8.5376
2026-06-15 15:59:57,24.0000,15.4573,9.7205,8.5427
2026-06-15 15:59:57,24.0000,15.4524,9.7197,8.5476
2026-06-15 15:59:59,24.0000,15.4780,9.6935,8.5220
2026-06-15 15:59:59,24.0000,15.4780,9.6951,8.5220
2026-06-15 15:59:59,24.0000,15.4780,9.6951,8.5220
2026-06-15 15:59:59,24.0000,15.4780,9.6951,8.5220
2026-06-15 16:00:01,24.0000,15.4601,9.7244,8.5399
2026-06-15 16:00:01,24.0000,15.4704,9.7053,8.5296
2026-06-15 16:00:01,24.0000,15.4561,9.7021,8.5439
2026-06-15 16:00:01,24.0000,15.4650,9.6980,8.5350
2026-06-15 16:00:03,24.0000,15.5118,9.6859,8.4882
2026-06-15 16:00:03,24.0000,15.5125,9.6859,8.4875
2026-06-15 16:00:03,24.0000,15.5060,9.7006,8.4940
2026-06-15 16:00:03,24.0000,15.5069,9.7231,8.4931
2026-06-15 16:00:05,24.0000,15.4041,9.6936,8.5959
2026-06-15 16:00:05,24.0000,15.4077,9.6881,8.5923
2026-06-15 16:00:07,24.0000,15.4883,9.7340,8.5117
2026-06-15 16:00:07,24.0000,15.4919,9.7340,8.5081
2026-06-15 16:00:09,24.0000,15.5380,9.7207,8.4620
2026-06-15 16:00:09,24.0000,15.5398,9.7175,8.4602
2026-06-15 16:00:10,24.0000,15.5399,9.7174,8.4601
2026-06-15 16:00:10,24.0000,15.5394,9.7169,8.4606
2026-06-15 16:00:11,24.0000,15.5120,9.7507,8.4880
2026-06-15 16:00:11,24.0000,15.5123,9.7507,8.4877
2026-06-15 16:00:12,24.0000,15.5123,9.7506,8.4877
2026-06-15 16:00:12,24.0000,15.6140,9.7748,8.3860
2026-06-15 16:00:13,24.0000,15.4690,9.7363,8.5310
2026-06-15 16:00:13,24.0000,15.4681,9.7356,8.5319
2026-06-15 16:00:14,24.0000,15.4676,9.7356,8.5324
2026-06-15 16:00:14,24.0000,15.4676,9.7356,8.5324
2026-06-15 16:00:14,24.0000,15.4676,9.7356,8.5324
2026-06-15 16:00:15,24.0000,15.5154,9.7143,8.4846
2026-06-15 16:00:15,24.0000,15.4972,9.7165,8.5028
2026-06-15 16:00:16,24.0000,15.4972,9.7165,8.5028
2026-06-15 16:00:16,24.0000,15.4972,9.7165,8.5028
2026-06-15 16:00:16,24.0000,15.4972,9.7165,8.5028
2026-06-15 16:00:17,24.0000,15.4689,9.7154,8.5311
2026-06-15 16:00:17,24.0000,15.5343,9.7097,8.4657
2026-06-15 16:00:18,24.0000,15.5259,9.6983,8.4741
2026-06-15 16:00:18,24.0000,15.5259,9.6983,8.4741
2026-06-15 16:00:18,24.0000,15.5259,9.6982,8.4741
2026-06-15 16:00:19,24.0000,15.5353,9.7309,8.4647
2026-06-15 16:00:19,24.0000,15.5332,9.7277,8.4668
2026-06-15 16:00:20,24.0000,15.5331,9.7277,8.4669
2026-06-15 16:00:20,24.0000,15.5331,9.7277,8.4669
2026-06-15 16:00:20,24.0000,15.5317,9.7271,8.4683
2026-06-15 16:00:21,24.0000,15.5057,9.7600,8.4943
2026-06-15 16:00:21,24.0000,15.5083,9.7472,8.4917
2026-06-15 16:00:22,24.0000,15.5080,9.7471,8.4920
2026-06-15 16:00:22,24.0000,15.5080,9.7471,8.4920
2026-06-15 16:00:22,24.0000,15.5080,9.7471,8.4920
2026-06-15 16:00:23,24.0000,15.4727,9.7242,8.5273
2026-06-15 16:00:23,24.0000,15.4722,9.7223,8.5278
2026-06-15 16:00:24,24.0000,15.4723,9.7223,8.5277
2026-06-15 16:00:24,24.0000,15.4723,9.7223,8.5277
2026-06-15 16:00:24,24.0000,15.4720,9.7223,8.5280
2026-06-15 16:00:25,24.0000,15.4940,9.7489,8.5060
2026-06-15 16:00:25,24.0000,15.4942,9.7265,8.5058
2026-06-15 16:00:26,24.0000,15.4942,9.7265,8.5058
2026-06-15 16:00:26,24.0000,15.4942,9.7265,8.5058
2026-06-15 16:00:26,24.0000,15.4936,9.7259,8.5064
2026-06-15 16:00:27,24.0000,15.4668,9.7255,8.5332
2026-06-15 16:00:27,24.0000,15.4668,9.7152,8.5332
2026-06-15 16:00:28,24.0000,15.4670,9.7153,8.5330
2026-06-15 16:00:28,24.0000,15.4670,9.7153,8.5330
2026-06-15 16:00:28,24.0000,15.4615,9.7126,8.5385
2026-06-15 16:00:29,24.0000,15.4457,9.7118,8.5543
2026-06-15 16:00:29,24.0000,15.4398,9.7114,8.5602
2026-06-15 16:00:30,24.0000,15.4399,9.7115,8.5601
2026-06-15 16:00:30,24.0000,15.4399,9.7115,8.5601
2026-06-15 16:00:30,24.0000,15.4397,9.7115,8.5603
2026-06-15 16:00:31,24.0000,15.4439,9.6851,8.5561
2026-06-15 16:00:31,24.0000,15.4324,9.6822,8.5676
2026-06-15 16:00:32,24.0000,15.4324,9.6822,8.5676
2026-06-15 16:00:32,24.0000,15.4324,9.6822,8.5676
2026-06-15 16:00:32,24.0000,15.4324,9.6822,8.5676
2026-06-15 16:00:33,24.0000,15.4957,9.6999,8.5043
2026-06-15 16:00:33,24.0000,15.4913,9.7005,8.5087
2026-06-15 16:00:34,24.0000,15.4928,9.7004,8.5072
2026-06-15 16:00:34,24.0000,15.4934,9.7004,8.5066
2026-06-15 16:00:34,24.0000,15.4929,9.7018,8.5071
2026-06-15 16:00:35,24.0000,15.5197,9.7088,8.4803
2026-06-15 16:00:35,24.0000,15.5242,9.7084,8.4758
2026-06-15 16:00:36,24.0000,15.5242,9.7084,8.4758
2026-06-15 16:00:36,24.0000,15.5242,9.7084,8.4758
2026-06-15 16:00:36,24.0000,15.5242,9.7084,8.4758
2026-06-15 16:00:37,24.0000,15.4888,9.7201,8.5112
2026-06-15 16:00:37,24.0000,15.5110,9.7231,8.4890
2026-06-15 16:00:38,24.0000,15.4743,9.7152,8.5257
2026-06-15 16:00:38,24.0000,15.4749,9.7152,8.5251
2026-06-15 16:00:38,24.0000,15.4733,9.7143,8.5267
2026-06-15 16:00:39,24.0000,15.4696,9.7128,8.5304
2026-06-15 16:00:39,24.0000,15.4703,9.7126,8.5297
2026-06-15 16:00:40,24.0000,15.4616,9.7107,8.5384
2026-06-15 16:00:40,24.0000,15.4623,9.7107,8.5377
2026-06-15 16:00:40,24.0000,15.4630,9.7111,8.5370
2026-06-15 16:00:41,24.0000,15.4884,9.6943,8.5116
2026-06-15 16:00:41,24.0000,15.4890,9.6942,8.5110
2026-06-15 16:00:42,24.0000,15.4914,9.7235,8.5086
2026-06-15 16:00:42,24.0000,15.4920,9.7236,8.5080
2026-06-15 16:00:42,24.0000,15.4928,9.7253,8.5072
2026-06-15 16:00:43,24.0000,15.4792,9.7181,8.5208
2026-06-15 16:00:43,24.0000,15.4770,9.7155,8.5230
2026-06-15 16:00:44,24.0000,15.4810,9.7140,8.5190
2026-06-15 16:00:44,24.0000,15.4763,9.7140,8.5237
2026-06-15 16:00:44,24.0000,15.4744,9.7141,8.5256
2026-06-15 16:00:45,24.0000,15.4448,9.7026,8.5552
2026-06-15 16:00:45,24.0000,15.4393,9.7021,8.5607
2026-06-15 16:00:46,24.0000,15.4385,9.6992,8.5615
2026-06-15 16:00:46,24.0000,15.4385,9.6992,8.5615
2026-06-15 16:00:46,24.0000,15.4385,9.6992,8.5615
2026-06-15 16:00:47,24.0000,15.4742,9.7130,8.5258
2026-06-15 16:00:47,24.0000,15.4557,9.7105,8.5443
2026-06-15 16:00:48,24.0000,15.4550,9.7092,8.5450
2026-06-15 16:00:48,24.0000,15.4596,9.7092,8.5404
2026-06-15 16:00:48,24.0000,15.4564,9.7094,8.5436
2026-06-15 16:00:49,24.0000,15.4417,9.6972,8.5583
2026-06-15 16:00:49,24.0000,15.4298,9.6969,8.5702
2026-06-15 16:00:50,24.0000,15.4339,9.6970,8.5661
2026-06-15 16:00:50,24.0000,15.4339,9.6970,8.5661
2026-06-15 16:00:50,24.0000,15.4339,9.6970,8.5661
2026-06-15 16:00:51,24.0000,15.4479,9.6661,8.5521
2026-06-15 16:00:51,24.0000,15.4437,9.6727,8.5563
2026-06-15 16:00:52,24.0000,15.4437,9.6727,8.5563
2026-06-15 16:00:52,24.0000,15.4437,9.6727,8.5563
2026-06-15 16:00:52,24.0000,15.4437,9.6727,8.5563
2026-06-15 16:00:53,24.0000,15.4422,9.6928,8.5578
2026-06-15 16:00:53,24.0000,15.4333,9.6909,8.5667
2026-06-15 16:00:54,24.0000,15.4294,9.6909,8.5706
2026-06-15 16:00:54,24.0000,15.4294,9.6909,8.5706
2026-06-15 16:00:54,24.0000,15.4262,9.6909,8.5738
2026-06-15 16:00:55,24.0000,15.4163,9.6629,8.5837
2026-06-15 16:00:55,24.0000,15.4719,9.6879,8.5281
2026-06-15 16:00:57,24.0000,15.4617,9.6743,8.5383
2026-06-15 16:00:57,24.0000,15.4362,9.7058,8.5638
2026-06-15 16:00:59,24.0000,15.4270,9.6967,8.5730
2026-06-15 16:00:59,24.0000,15.4133,9.6970,8.5867
2026-06-15 16:01:01,24.0000,15.4166,9.6809,8.5834
2026-06-15 16:01:01,24.0000,15.4123,9.6804,8.5877
2026-06-15 16:01:03,24.0000,15.3849,9.6967,8.6151
2026-06-15 16:01:03,24.0000,15.3690,9.6956,8.6310
2026-06-15 16:01:05,24.0000,15.3622,9.6847,8.6378
2026-06-15 16:01:05,24.0000,15.3481,9.6847,8.6519
2026-06-15 16:01:07,24.0000,15.3810,9.6576,8.6190
2026-06-15 16:01:07,24.0000,15.3783,9.6556,8.6217
2026-06-15 16:01:09,24.0000,15.4579,9.6925,8.5421
2026-06-15 16:01:09,24.0000,15.4333,9.6845,8.5667
2026-06-15 16:01:11,24.0000,15.5762,9.6938,8.4238
2026-06-15 16:01:11,24.0000,15.6566,9.7136,8.3434
2026-06-15 16:01:13,24.0000,16.0246,9.9156,7.9754
2026-06-15 16:01:13,24.0000,16.0107,9.9211,7.9893
2026-06-15 16:01:14,24.0000,16.1460,9.9434,7.8540
2026-06-15 16:01:15,24.0000,15.9426,9.8398,8.0574
2026-06-15 16:01:15,24.0000,15.5613,9.6662,8.4387
2026-06-15 16:01:15,24.0000,15.5594,9.6668,8.4406
2026-06-15 16:01:15,24.0000,15.5594,9.6668,8.4406
2026-06-15 16:01:16,24.0000,15.5219,9.6710,8.4781
2026-06-15 16:01:17,24.0000,15.5217,9.6709,8.4783
2026-06-15 16:01:17,24.0000,15.5269,9.6708,8.4731
2026-06-15 16:01:17,24.0000,15.5470,9.6203,8.4530
2026-06-15 16:01:17,24.0000,15.5331,9.6200,8.4669
2026-06-15 16:01:18,24.0000,15.5135,9.6617,8.4865
2026-06-15 16:01:19,24.0000,15.5146,9.6731,8.4854
2026-06-15 16:01:19,24.0000,15.5310,9.6141,8.4690
2026-06-15 16:01:19,24.0000,15.5310,9.6141,8.4690
2026-06-15 16:01:19,24.0000,15.5310,9.6141,8.4690
2026-06-15 16:01:20,24.0000,15.5340,9.6347,8.4660
2026-06-15 16:01:21,24.0000,15.5218,9.6301,8.4782
2026-06-15 16:01:21,24.0000,15.5217,9.6301,8.4783
2026-06-15 16:01:21,24.0000,15.5276,9.6447,8.4724
2026-06-15 16:01:21,24.0000,15.5232,9.6445,8.4768
2026-06-15 16:01:22,24.0000,15.5779,9.6259,8.4221
2026-06-15 16:01:23,24.0000,15.5778,9.6256,8.4222
2026-06-15 16:01:23,24.0000,15.5773,9.6250,8.4227
2026-06-15 16:01:23,24.0000,15.5832,9.6123,8.4168
2026-06-15 16:01:23,24.0000,15.5844,9.6123,8.4156
2026-06-15 16:01:24,24.0000,15.5347,9.6676,8.4653
2026-06-15 16:01:25,24.0000,15.5346,9.6678,8.4654
2026-06-15 16:01:25,24.0000,15.5342,9.6680,8.4658
2026-06-15 16:01:25,24.0000,15.5471,9.6709,8.4529
2026-06-15 16:01:25,24.0000,15.5408,9.6603,8.4592
2026-06-15 16:01:26,24.0000,15.5240,9.6614,8.4760
2026-06-15 16:01:27,24.0000,15.5240,9.6616,8.4760
2026-06-15 16:01:27,24.0000,15.5240,9.6616,8.4760
2026-06-15 16:01:27,24.0000,15.5240,9.6616,8.4760
2026-06-15 16:01:27,24.0000,15.5240,9.6616,8.4760
2026-06-15 16:01:28,24.0000,15.5496,9.6488,8.4504
2026-06-15 16:01:29,24.0000,15.5349,9.6613,8.4651
2026-06-15 16:01:29,24.0000,15.5365,9.6612,8.4635
2026-06-15 16:01:29,24.0000,15.5408,9.6510,8.4592
2026-06-15 16:01:29,24.0000,15.5408,9.6510,8.4592
2026-06-15 16:01:30,24.0000,15.5149,9.6481,8.4851
2026-06-15 16:01:31,24.0000,15.5139,9.6511,8.4861
2026-06-15 16:01:31,24.0000,15.5171,9.6469,8.4829
2026-06-15 16:01:31,24.0000,15.5163,9.6426,8.4837
2026-06-15 16:01:31,24.0000,15.5078,9.6439,8.4922
2026-06-15 16:01:32,24.0000,15.4938,9.6439,8.5062
2026-06-15 16:01:33,24.0000,15.5315,9.6282,8.4685
2026-06-15 16:01:33,24.0000,15.5315,9.6282,8.4685
2026-06-15 16:01:33,24.0000,15.5223,9.6212,8.4777
2026-06-15 16:01:33,24.0000,15.5194,9.6212,8.4806
2026-06-15 16:01:34,24.0000,15.5039,9.6446,8.4961
2026-06-15 16:01:35,24.0000,15.5039,9.6446,8.4961
2026-06-15 16:01:35,24.0000,15.5039,9.6446,8.4961
2026-06-15 16:01:35,24.0000,15.5039,9.6446,8.4961
2026-06-15 16:01:35,24.0000,15.5039,9.6446,8.4961
2026-06-15 16:01:37,24.0000,15.4808,9.6432,8.5192
2026-06-15 16:01:37,24.0000,15.4713,9.6499,8.5287
2026-06-15 16:01:39,24.0000,16.0878,9.9038,7.9122
2026-06-15 16:01:39,24.0000,16.1162,9.9276,7.8838
2026-06-15 16:01:40,24.0000,15.7388,9.7523,8.2612
2026-06-15 16:01:40,24.0000,15.5489,9.6571,8.4511
2026-06-15 16:01:40,24.0000,15.5487,9.6571,8.4513
2026-06-15 16:01:41,24.0000,15.5493,9.6550,8.4507
2026-06-15 16:01:41,24.0000,15.5313,9.6550,8.4687
2026-06-15 16:01:42,24.0000,15.5319,9.6544,8.4681
2026-06-15 16:01:42,24.0000,15.5302,9.6524,8.4698
2026-06-15 16:01:42,24.0000,15.5386,9.6523,8.4614
2026-06-15 16:01:43,24.0000,15.5362,9.6590,8.4638
2026-06-15 16:01:43,24.0000,15.5319,9.6604,8.4681
2026-06-15 16:01:44,24.0000,15.5283,9.6589,8.4717
2026-06-15 16:01:44,24.0000,15.5274,9.6585,8.4726
2026-06-15 16:01:44,24.0000,15.5274,9.6585,8.4726
2026-06-15 16:01:45,24.0000,15.5138,9.6620,8.4862
2026-06-15 16:01:45,24.0000,15.5020,9.6620,8.4980
2026-06-15 16:01:46,24.0000,15.5081,9.6578,8.4919
2026-06-15 16:01:46,24.0000,15.5069,9.6578,8.4931
2026-06-15 16:01:46,24.0000,15.5069,9.6573,8.4931
2026-06-15 16:01:47,24.0000,15.4879,9.6547,8.5121
2026-06-15 16:01:47,24.0000,15.4840,9.6546,8.5160
2026-06-15 16:01:48,24.0000,15.5449,9.6426,8.4551
2026-06-15 16:01:48,24.0000,15.5449,9.6426,8.4551
2026-06-15 16:01:48,24.0000,15.5449,9.6426,8.4551
2026-06-15 16:01:49,24.0000,15.6261,9.6479,8.3739
2026-06-15 16:01:49,24.0000,15.6183,9.6503,8.3817
2026-06-15 16:01:50,24.0000,15.6024,9.6741,8.3976
2026-06-15 16:01:50,24.0000,15.6033,9.6741,8.3967
2026-06-15 16:01:51,24.0000,15.5914,9.6702,8.4086
2026-06-15 16:01:51,24.0000,15.5795,9.6703,8.4205
2026-06-15 16:01:52,24.0000,15.5797,9.6714,8.4203
2026-06-15 16:01:52,24.0000,15.5797,9.6714,8.4203
2026-06-15 16:01:53,24.0000,15.5792,9.6535,8.4208
2026-06-15 16:01:53,24.0000,15.5719,9.6535,8.4281
2026-06-15 16:01:54,24.0000,15.5993,9.6437,8.4007
2026-06-15 16:01:54,24.0000,15.5992,9.6436,8.4008
2026-06-15 16:01:55,24.0000,15.5885,9.6571,8.4115
2026-06-15 16:01:55,24.0000,15.5745,9.6541,8.4255
2026-06-15 16:01:56,24.0000,15.5978,9.6364,8.4022
2026-06-15 16:01:56,24.0000,15.5978,9.6364,8.4022
2026-06-15 16:01:57,24.0000,15.5939,9.6425,8.4061
2026-06-15 16:01:57,24.0000,15.5854,9.6428,8.4146
2026-06-15 16:01:58,24.0000,15.5833,9.6413,8.4167
2026-06-15 16:01:58,24.0000,15.5823,9.6413,8.4177
2026-06-15 16:01:59,24.0000,15.5959,9.6378,8.4041
2026-06-15 16:01:59,24.0000,15.5978,9.6352,8.4022
2026-06-15 16:02:00,24.0000,15.5942,9.6343,8.4058
2026-06-15 16:02:00,24.0000,15.5950,9.6340,8.4050
2026-06-15 16:02:01,24.0000,15.5844,9.6598,8.4156
2026-06-15 16:02:01,24.0000,15.5843,9.6603,8.4157
2026-06-15 16:02:02,24.0000,15.5777,9.6594,8.4223
2026-06-15 16:02:02,24.0000,15.5785,9.6606,8.4215
2026-06-15 16:02:03,24.0000,15.5710,9.6581,8.4290
2026-06-15 16:02:03,24.0000,15.5702,9.6581,8.4298
2026-06-15 16:02:04,24.0000,15.5668,9.6580,8.4332
2026-06-15 16:02:04,24.0000,15.5666,9.6580,8.4334
2026-06-15 16:02:05,24.0000,15.5982,9.6401,8.4018
2026-06-15 16:02:05,24.0000,15.5975,9.6660,8.4025
2026-06-15 16:02:06,24.0000,15.5975,9.6660,8.4025
2026-06-15 16:02:06,24.0000,15.5975,9.6660,8.4025
2026-06-15 16:02:07,24.0000,15.6582,9.6571,8.3418
2026-06-15 16:02:07,24.0000,15.6634,9.6647,8.3366
2026-06-15 16:02:08,24.0000,15.6443,9.6831,8.3557
2026-06-15 16:02:08,24.0000,15.6386,9.6832,8.3614
2026-06-15 16:02:09,24.0000,15.6365,9.6580,8.3635
2026-06-15 16:02:09,24.0000,15.6346,9.6582,8.3654
2026-06-15 16:02:10,24.0000,15.6355,9.6597,8.3645
2026-06-15 16:02:10,24.0000,15.6355,9.6598,8.3645
2026-06-15 16:02:11,24.0000,15.6209,9.6789,8.3791
2026-06-15 16:02:11,24.0000,15.6182,9.6789,8.3818
2026-06-15 16:02:12,24.0000,15.6029,9.6810,8.3971
2026-06-15 16:02:12,24.0000,15.6025,9.6808,8.3975
2026-06-15 16:02:13,24.0000,15.6128,9.6651,8.3872
2026-06-15 16:02:13,24.0000,15.6104,9.6650,8.3896
2026-06-15 16:02:14,24.0000,15.6132,9.6718,8.3868
2026-06-15 16:02:14,24.0000,15.6132,9.6718,8.3868
2026-06-15 16:02:15,24.0000,15.6309,9.6500,8.3691
2026-06-15 16:02:15,24.0000,15.6275,9.6501,8.3725
2026-06-15 16:02:16,24.0000,15.6275,9.6501,8.3725
2026-06-15 16:02:16,24.0000,15.6275,9.6501,8.3725
2026-06-15 16:02:17,24.0000,15.6107,9.6957,8.3893
2026-06-15 16:02:17,24.0000,15.6107,9.6958,8.3893
2026-06-15 16:02:18,24.0000,15.6082,9.6841,8.3918
2026-06-15 16:02:18,24.0000,15.6037,9.6841,8.3963
2026-06-15 16:02:19,24.0000,15.6027,9.6767,8.3973
2026-06-15 16:02:19,24.0000,15.6042,9.6767,8.3958
2026-06-15 16:02:20,24.0000,15.5999,9.6395,8.4001
2026-06-15 16:02:20,24.0000,15.6008,9.6395,8.3992
2026-06-15 16:02:21,24.0000,15.5954,9.6637,8.4046
2026-06-15 16:02:21,24.0000,15.5955,9.6651,8.4045
2026-06-15 16:02:22,24.0000,15.5823,9.6685,8.4177
2026-06-15 16:02:22,24.0000,15.5823,9.6684,8.4177
2026-06-15 16:02:23,24.0000,15.6183,9.6457,8.3817
2026-06-15 16:02:23,24.0000,15.6248,9.6450,8.3752
2026-06-15 16:02:24,24.0000,15.6105,9.6495,8.3895
2026-06-15 16:02:24,24.0000,15.6105,9.6495,8.3895
2026-06-15 16:02:25,24.0000,15.6236,9.6390,8.3764
2026-06-15 16:02:25,24.0000,15.6227,9.6390,8.3773
2026-06-15 16:02:26,24.0000,15.6193,9.6417,8.3807
2026-06-15 16:02:26,24.0000,15.6226,9.6415,8.3774
2026-06-15 16:02:27,24.0000,15.5895,9.6622,8.4105
2026-06-15 16:02:27,24.0000,15.5890,9.6621,8.4110
2026-06-15 16:02:28,24.0000,15.5775,9.6633,8.4225
2026-06-15 16:02:28,24.0000,15.5755,9.6634,8.4245
2026-06-15 16:02:29,24.0000,15.5749,9.6538,8.4251
2026-06-15 16:02:29,24.0000,15.5745,9.6537,8.4255
2026-06-15 16:02:30,24.0000,15.5658,9.6534,8.4342
2026-06-15 16:02:30,24.0000,15.5658,9.6534,8.4342
2026-06-15 16:02:31,24.0000,15.5946,9.6323,8.4054
2026-06-15 16:02:31,24.0000,15.5946,9.6323,8.4054
2026-06-15 16:02:32,24.0000,15.5832,9.6676,8.4168
2026-06-15 16:02:32,24.0000,15.5812,9.6676,8.4188
2026-06-15 16:02:33,24.0000,15.5769,9.6643,8.4231
2026-06-15 16:02:33,24.0000,15.5763,9.6643,8.4237
2026-06-15 16:02:34,24.0000,15.5643,9.6562,8.4357
2026-06-15 16:02:34,24.0000,15.5617,9.6562,8.4383
2026-06-15 16:02:35,24.0000,15.5432,9.6362,8.4568
2026-06-15 16:02:35,24.0000,15.5730,9.6232,8.4270
2026-06-15 16:02:36,24.0000,15.6240,9.6420,8.3760
2026-06-15 16:02:36,24.0000,15.5766,9.6335,8.4234
2026-06-15 16:02:37,24.0000,15.5635,9.6550,8.4365
2026-06-15 16:02:37,24.0000,15.5648,9.6550,8.4352
2026-06-15 16:02:39,24.0000,15.6179,9.6448,8.3821
2026-06-15 16:02:39,24.0000,15.6227,9.6448,8.3773
2026-06-15 16:02:41,24.0000,15.5833,9.6375,8.4167
2026-06-15 16:02:41,24.0000,15.5942,9.6509,8.4058
2026-06-15 16:02:43,24.0000,15.5456,9.6440,8.4544
2026-06-15 16:02:43,24.0000,15.5610,9.6466,8.4390
2026-06-15 16:02:45,24.0000,15.5128,9.6241,8.4872
2026-06-15 16:02:45,24.0000,15.5126,9.6243,8.4874
2026-06-15 16:02:47,24.0000,15.5702,9.6410,8.4298
2026-06-15 16:02:47,24.0000,15.5683,9.6452,8.4317
2026-06-15 16:02:49,24.0000,15.5518,9.6564,8.4482
2026-06-15 16:02:49,24.0000,15.5528,9.6564,8.4472
2026-06-15 16:02:51,24.0000,15.5405,9.6122,8.4595
2026-06-15 16:02:51,24.0000,15.5407,9.6121,8.4593
2026-06-15 16:02:53,24.0000,15.5138,9.6330,8.4862
2026-06-15 16:02:53,24.0000,15.5121,9.6331,8.4879
2026-06-15 16:02:55,24.0000,15.6214,9.6746,8.3786
2026-06-15 16:02:55,24.0000,15.6262,9.6762,8.3738
2026-06-15 16:02:57,24.0000,15.6403,9.6575,8.3597
2026-06-15 16:02:57,24.0000,15.6405,9.6575,8.3595
2026-06-15 16:02:58,24.0000,15.6405,9.6575,8.3595
2026-06-15 16:02:58,24.0000,15.6405,9.6575,8.3595
2026-06-15 16:02:59,24.0000,15.6186,9.6807,8.3814
2026-06-15 16:02:59,24.0000,15.6167,9.6807,8.3833
2026-06-15 16:03:00,24.0000,15.6171,9.6805,8.3829
2026-06-15 16:03:00,24.0000,15.5983,9.6804,8.4017
2026-06-15 16:03:01,24.0000,15.7817,9.7415,8.2183
2026-06-15 16:03:01,24.0000,15.7816,9.7661,8.2184
2026-06-15 16:03:02,24.0000,15.7819,9.7656,8.2181
2026-06-15 16:03:02,24.0000,15.7819,9.7656,8.2181
2026-06-15 16:03:02,24.0000,15.7819,9.7656,8.2181
2026-06-15 16:03:03,24.0000,15.6077,9.6677,8.3923
2026-06-15 16:03:03,24.0000,15.6214,9.6714,8.3786
2026-06-15 16:03:04,24.0000,15.6232,9.6714,8.3768
2026-06-15 16:03:04,24.0000,15.6063,9.6681,8.3937
2026-06-15 16:03:04,24.0000,15.6062,9.6634,8.3938
2026-06-15 16:03:05,24.0000,15.6459,9.6684,8.3541
2026-06-15 16:03:05,24.0000,15.6482,9.6691,8.3518
2026-06-15 16:03:06,24.0000,15.6510,9.6618,8.3490
2026-06-15 16:03:06,24.0000,15.6428,9.6613,8.3572
2026-06-15 16:03:06,24.0000,15.6428,9.6613,8.3572
2026-06-15 16:03:07,24.0000,15.6462,9.6646,8.3538
2026-06-15 16:03:07,24.0000,15.6462,9.6515,8.3538
2026-06-15 16:03:08,24.0000,15.6461,9.6515,8.3539
2026-06-15 16:03:08,24.0000,15.6399,9.6517,8.3601
2026-06-15 16:03:08,24.0000,15.6413,9.6990,8.3587
2026-06-15 16:03:09,24.0000,15.6652,9.6895,8.3348
2026-06-15 16:03:09,24.0000,15.6651,9.6919,8.3349
2026-06-15 16:03:10,24.0000,15.6652,9.6920,8.3348
2026-06-15 16:03:10,24.0000,15.6552,9.6920,8.3448
2026-06-15 16:03:10,24.0000,15.6565,9.7070,8.3435
2026-06-15 16:03:11,24.0000,15.6428,9.6975,8.3572
2026-06-15 16:03:11,24.0000,15.6455,9.6940,8.3545
2026-06-15 16:03:12,24.0000,15.6455,9.6940,8.3545
2026-06-15 16:03:12,24.0000,15.6455,9.6940,8.3545
2026-06-15 16:03:12,24.0000,15.6455,9.6940,8.3545
2026-06-15 16:03:13,24.0000,15.6557,9.6821,8.3443
2026-06-15 16:03:13,24.0000,15.6607,9.7086,8.3393
2026-06-15 16:03:14,24.0000,15.6607,9.7086,8.3393
2026-06-15 16:03:14,24.0000,15.6367,9.7023,8.3633
2026-06-15 16:03:14,24.0000,15.6510,9.6611,8.3490
2026-06-15 16:03:15,24.0000,15.6376,9.6699,8.3624
2026-06-15 16:03:15,24.0000,15.6387,9.6718,8.3613
2026-06-15 16:03:16,24.0000,15.6393,9.6718,8.3607
2026-06-15 16:03:16,24.0000,15.6177,9.6717,8.3823
2026-06-15 16:03:16,24.0000,15.6127,9.6712,8.3873
2026-06-15 16:03:17,24.0000,15.6300,9.6628,8.3700
2026-06-15 16:03:17,24.0000,15.6293,9.6621,8.3707
2026-06-15 16:03:18,24.0000,15.6313,9.6616,8.3687
2026-06-15 16:03:18,24.0000,15.6168,9.6554,8.3832
2026-06-15 16:03:18,24.0000,15.6257,9.6514,8.3743
2026-06-15 16:03:19,24.0000,15.5830,9.6276,8.4170
2026-06-15 16:03:19,24.0000,15.5906,9.6274,8.4094
2026-06-15 16:03:21,24.0000,15.7625,9.7002,8.2375
2026-06-15 16:03:21,24.0000,15.8594,9.7737,8.1406
2026-06-15 16:03:23,24.0000,15.7813,9.6876,8.2187
2026-06-15 16:03:23,24.0000,15.5893,9.5945,8.4107
2026-06-15 16:03:23,24.0000,15.5899,9.5958,8.4101
2026-06-15 16:03:23,24.0000,15.5901,9.5961,8.4099
2026-06-15 16:03:23,24.0000,15.5824,9.5961,8.4176
2026-06-15 16:03:25,24.0000,15.5591,9.6147,8.4409
2026-06-15 16:03:25,24.0000,15.5538,9.6144,8.4462
2026-06-15 16:03:25,24.0000,15.5549,9.6142,8.4451
2026-06-15 16:03:25,24.0000,15.5545,9.6142,8.4455
2026-06-15 16:03:25,24.0000,15.5437,9.6035,8.4563
2026-06-15 16:03:27,24.0000,15.5205,9.6157,8.4795
2026-06-15 16:03:27,24.0000,15.5202,9.6157,8.4798
2026-06-15 16:03:27,24.0000,15.5206,9.6155,8.4794
2026-06-15 16:03:27,24.0000,15.5206,9.6155,8.4794
2026-06-15 16:03:27,24.0000,15.5206,9.6155,8.4794
2026-06-15 16:03:29,24.0000,15.5302,9.6239,8.4698
2026-06-15 16:03:29,24.0000,15.5299,9.6260,8.4701
2026-06-15 16:03:29,24.0000,15.5288,9.6214,8.4712
2026-06-15 16:03:29,24.0000,15.5395,9.5843,8.4605
2026-06-15 16:03:29,24.0000,15.5395,9.5843,8.4605
2026-06-15 16:03:31,24.0000,15.5936,9.5840,8.4064
2026-06-15 16:03:31,24.0000,15.5911,9.5869,8.4089
2026-06-15 16:03:31,24.0000,15.5925,9.5867,8.4075
2026-06-15 16:03:31,24.0000,15.5910,9.5867,8.4090
2026-06-15 16:03:31,24.0000,15.5871,9.5851,8.4129
2026-06-15 16:03:33,24.0000,15.5888,9.6192,8.4112
2026-06-15 16:03:33,24.0000,15.5848,9.6191,8.4152
2026-06-15 16:03:33,24.0000,15.5871,9.6153,8.4129
2026-06-15 16:03:33,24.0000,15.5869,9.6152,8.4131
2026-06-15 16:03:33,24.0000,15.5868,9.6151,8.4132
2026-06-15 16:03:35,24.0000,15.5710,9.6355,8.4290
2026-06-15 16:03:35,24.0000,15.5663,9.6354,8.4337
2026-06-15 16:03:35,24.0000,15.5663,9.6354,8.4337
2026-06-15 16:03:35,24.0000,15.5663,9.6354,8.4337
2026-06-15 16:03:35,24.0000,15.5663,9.6354,8.4337
2026-06-15 16:03:37,24.0000,15.5990,9.5893,8.4010
2026-06-15 16:03:37,24.0000,15.7570,9.6310,8.2430
2026-06-15 16:03:39,24.0000,15.9133,9.7501,8.0867
2026-06-15 16:03:39,24.0000,15.9152,9.7505,8.0848
2026-06-15 16:03:40,24.0000,15.5844,9.6452,8.4156
2026-06-15 16:03:41,24.0000,15.5709,9.6452,8.4291
2026-06-15 16:03:41,24.0000,15.5749,9.6603,8.4251
2026-06-15 16:03:41,24.0000,15.5817,9.6454,8.4183
2026-06-15 16:03:42,24.0000,15.5600,9.6358,8.4400
2026-06-15 16:03:43,24.0000,15.5434,9.6361,8.4566
2026-06-15 16:03:43,24.0000,15.5341,9.6417,8.4659
2026-06-15 16:03:43,24.0000,15.5725,9.6231,8.4275
2026-06-15 16:03:44,24.0000,15.5506,9.6133,8.4494
2026-06-15 16:03:45,24.0000,15.5338,9.6321,8.4662
2026-06-15 16:03:45,24.0000,15.5389,9.6306,8.4611
2026-06-15 16:03:45,24.0000,15.5389,9.6306,8.4611
2026-06-15 16:03:46,24.0000,15.5323,9.6313,8.4677
2026-06-15 16:03:47,24.0000,15.5222,9.6362,8.4778
2026-06-15 16:03:47,24.0000,15.5269,9.6228,8.4731
2026-06-15 16:03:47,24.0000,15.5262,9.6219,8.4738
2026-06-15 16:03:48,24.0000,15.5736,9.6144,8.4264
2026-06-15 16:03:49,24.0000,15.6030,9.6001,8.3970
2026-06-15 16:03:49,24.0000,15.6035,9.5919,8.3965
2026-06-15 16:03:49,24.0000,15.6015,9.5921,8.3985
2026-06-15 16:03:50,24.0000,15.5699,9.6399,8.4301
2026-06-15 16:03:51,24.0000,15.5577,9.6398,8.4423
2026-06-15 16:03:51,24.0000,15.5700,9.6413,8.4300
2026-06-15 16:03:51,24.0000,15.5683,9.6413,8.4317
2026-06-15 16:03:52,24.0000,15.5525,9.6403,8.4475
2026-06-15 16:03:53,24.0000,15.5442,9.6403,8.4558
2026-06-15 16:03:53,24.0000,15.5440,9.6402,8.4560
2026-06-15 16:03:53,24.0000,15.5439,9.6402,8.4561
2026-06-15 16:03:54,24.0000,15.5721,9.6052,8.4279
2026-06-15 16:03:55,24.0000,15.5700,9.6051,8.4300
2026-06-15 16:03:55,24.0000,15.5771,9.6379,8.4229
2026-06-15 16:03:55,24.0000,15.5984,9.6236,8.4016
2026-06-15 16:03:56,24.0000,15.5806,9.6194,8.4194
2026-06-15 16:03:57,24.0000,15.5742,9.6194,8.4258
2026-06-15 16:03:57,24.0000,15.5640,9.6124,8.4360
2026-06-15 16:03:57,24.0000,15.5638,9.6125,8.4362
2026-06-15 16:03:58,24.0000,15.5643,9.6346,8.4357
2026-06-15 16:03:59,24.0000,15.5592,9.6346,8.4408
2026-06-15 16:03:59,24.0000,15.5703,9.6152,8.4297
2026-06-15 16:03:59,24.0000,15.5650,9.6152,8.4350
2026-06-15 16:04:00,24.0000,15.5683,9.6406,8.4317
2026-06-15 16:04:01,24.0000,15.5791,9.6420,8.4209
2026-06-15 16:04:01,24.0000,15.5577,9.6341,8.4423
2026-06-15 16:04:01,24.0000,15.5580,9.6341,8.4420
2026-06-15 16:04:02,24.0000,15.5534,9.6351,8.4466
2026-06-15 16:04:03,24.0000,15.5530,9.6361,8.4470
2026-06-15 16:04:03,24.0000,15.5278,9.6166,8.4722
2026-06-15 16:04:03,24.0000,15.5237,9.6330,8.4763
2026-06-15 16:04:04,24.0000,15.5425,9.6397,8.4575
2026-06-15 16:04:05,24.0000,15.5485,9.6171,8.4515
2026-06-15 16:04:05,24.0000,15.5487,9.5990,8.4513
2026-06-15 16:04:05,24.0000,15.5469,9.5990,8.4531
2026-06-15 16:04:06,24.0000,15.5365,9.6243,8.4635
2026-06-15 16:04:07,24.0000,15.5388,9.6243,8.4612
2026-06-15 16:04:07,24.0000,15.5266,9.6167,8.4734
2026-06-15 16:04:07,24.0000,15.5257,9.6212,8.4743
2026-06-15 16:04:08,24.0000,15.5235,9.6227,8.4765
2026-06-15 16:04:09,24.0000,15.5713,9.6174,8.4287
2026-06-15 16:04:09,24.0000,15.5588,9.5920,8.4412
2026-06-15 16:04:09,24.0000,15.5588,9.5920,8.4412
2026-06-15 16:04:10,24.0000,15.5816,9.6220,8.4184
2026-06-15 16:04:11,24.0000,15.5806,9.6220,8.4194
2026-06-15 16:04:11,24.0000,15.5774,9.6462,8.4226
2026-06-15 16:04:11,24.0000,15.5852,9.6599,8.4148
2026-06-15 16:04:12,24.0000,15.5947,9.6336,8.4053
2026-06-15 16:04:13,24.0000,15.5957,9.6425,8.4043
2026-06-15 16:04:13,24.0000,15.5865,9.6570,8.4135
2026-06-15 16:04:13,24.0000,15.5862,9.6705,8.4138
2026-06-15 16:04:14,24.0000,15.5802,9.6342,8.4198
2026-06-15 16:04:15,24.0000,15.5785,9.6341,8.4215
2026-06-15 16:04:15,24.0000,15.5879,9.6236,8.4121
2026-06-15 16:04:15,24.0000,15.5877,9.6325,8.4123
2026-06-15 16:04:17,24.0000,15.4770,9.5950,8.5230
2026-06-15 16:04:17,24.0000,15.4710,9.5922,8.5290
2026-06-15 16:04:19,24.0000,15.5330,9.5990,8.4670
2026-06-15 16:04:19,24.0000,15.5427,9.6036,8.4573
2026-06-15 16:04:21,24.0000,15.5464,9.6441,8.4536
2026-06-15 16:04:21,24.0000,15.5441,9.6441,8.4559
2026-06-15 16:04:23,24.0000,15.4863,9.6189,8.5137
2026-06-15 16:04:23,24.0000,15.4862,9.6190,8.5138
2026-06-15 16:04:25,24.0000,15.4787,9.5921,8.5213
2026-06-15 16:04:25,24.0000,15.4780,9.5921,8.5220
2026-06-15 16:04:27,24.0000,15.4568,9.6119,8.5432
2026-06-15 16:04:27,24.0000,15.4568,9.6119,8.5432
2026-06-15 16:04:29,24.0000,15.5053,9.6035,8.4947
2026-06-15 16:04:29,24.0000,15.5007,9.6035,8.4993
2026-06-15 16:04:31,24.0000,15.4679,9.5897,8.5321
2026-06-15 16:04:31,24.0000,15.4679,9.5897,8.5321
2026-06-15 16:04:33,24.0000,15.4404,9.6032,8.5596
2026-06-15 16:04:33,24.0000,15.4398,9.6030,8.5602
2026-06-15 16:04:35,24.0000,15.4285,9.6064,8.5715
2026-06-15 16:04:35,24.0000,15.4293,9.6064,8.5707
2026-06-15 16:04:37,24.0000,15.4495,9.5918,8.5505
2026-06-15 16:04:37,24.0000,15.4498,9.5919,8.5502
2026-06-15 16:04:39,24.0000,15.4226,9.5662,8.5774
2026-06-15 16:04:39,24.0000,15.4584,9.5680,8.5416
2026-06-15 16:04:41,24.0000,15.4678,9.5759,8.5322
2026-06-15 16:04:41,24.0000,15.4677,9.5759,8.5323
2026-06-15 16:04:43,24.0000,15.4532,9.6120,8.5468
2026-06-15 16:04:43,24.0000,15.4761,9.6160,8.5239
2026-06-15 16:04:45,24.0000,15.4303,9.6098,8.5697
2026-06-15 16:04:45,24.0000,15.4387,9.6065,8.5613
2026-06-15 16:04:47,24.0000,15.4536,9.6121,8.5464
2026-06-15 16:04:47,24.0000,15.4536,9.6122,8.5464
2026-06-15 16:04:49,24.0000,15.4283,9.6112,8.5717
2026-06-15 16:04:49,24.0000,15.4283,9.6112,8.5717
2026-06-15 16:04:51,24.0000,15.4090,9.5885,8.5910
2026-06-15 16:04:51,24.0000,15.4432,9.5737,8.5568
2026-06-15 16:04:53,24.0000,15.4210,9.5875,8.5790
2026-06-15 16:04:53,24.0000,15.4214,9.5875,8.5786
2026-06-15 16:04:55,24.0000,15.3908,9.5606,8.6092
2026-06-15 16:04:55,24.0000,15.3892,9.5611,8.6108
2026-06-15 16:04:57,24.0000,15.4315,9.5623,8.5685
2026-06-15 16:04:57,24.0000,15.4309,9.5625,8.5691
2026-06-15 16:04:59,24.0000,15.4647,9.5800,8.5353
2026-06-15 16:04:59,24.0000,15.4654,9.5805,8.5346
2026-06-15 16:05:01,24.0000,15.4445,9.5691,8.5555
2026-06-15 16:05:01,24.0000,15.4259,9.5621,8.5741
2026-06-15 16:05:03,24.0000,15.4481,9.5747,8.5519
2026-06-15 16:05:03,24.0000,15.4479,9.5749,8.5521
2026-06-15 16:05:05,24.0000,15.4284,9.6087,8.5716
2026-06-15 16:05:05,24.0000,15.4282,9.6087,8.5718
2026-06-15 16:05:07,24.0000,15.4514,9.5842,8.5486
2026-06-15 16:05:07,24.0000,15.4512,9.5842,8.5488
2026-06-15 16:05:09,24.0000,15.4453,9.5956,8.5547
2026-06-15 16:05:09,24.0000,15.4444,9.5956,8.5556
2026-06-15 16:05:11,24.0000,15.4398,9.5985,8.5602
2026-06-15 16:05:11,24.0000,15.4348,9.6056,8.5652
2026-06-15 16:05:13,24.0000,15.5676,9.6104,8.4324
2026-06-15 16:05:13,24.0000,15.5956,9.6277,8.4044
2026-06-15 16:05:15,24.0000,15.5811,9.6379,8.4189
2026-06-15 16:05:15,24.0000,15.5805,9.6379,8.4195
2026-06-15 16:05:15,24.0000,15.5808,9.6432,8.4192
2026-06-15 16:05:15,24.0000,15.5807,9.6432,8.4193
2026-06-15 16:05:17,24.0000,15.5721,9.6228,8.4279
2026-06-15 16:05:17,24.0000,15.5721,9.6228,8.4279
2026-06-15 16:05:17,24.0000,15.5692,9.6228,8.4308
2026-06-15 16:05:17,24.0000,15.5692,9.6228,8.4308
2026-06-15 16:05:19,24.0000,15.6067,9.6349,8.3933
2026-06-15 16:05:19,24.0000,15.6067,9.6349,8.3933
2026-06-15 16:05:19,24.0000,15.6085,9.6366,8.3915
2026-06-15 16:05:19,24.0000,15.6068,9.6366,8.3932
2026-06-15 16:05:21,24.0000,15.5923,9.6431,8.4077
2026-06-15 16:05:21,24.0000,15.5923,9.6431,8.4077
2026-06-15 16:05:21,24.0000,15.5904,9.6431,8.4096
2026-06-15 16:05:21,24.0000,15.5900,9.6431,8.4100
2026-06-15 16:05:23,24.0000,15.6518,9.6108,8.3482
2026-06-15 16:05:23,24.0000,15.6513,9.6108,8.3487
2026-06-15 16:05:23,24.0000,15.6499,9.6108,8.3501
2026-06-15 16:05:23,24.0000,15.6497,9.6108,8.3503
2026-06-15 16:05:25,24.0000,15.6272,9.6548,8.3728
2026-06-15 16:05:25,24.0000,15.6272,9.6548,8.3728
2026-06-15 16:05:25,24.0000,15.6241,9.6548,8.3759
2026-06-15 16:05:25,24.0000,15.6241,9.6548,8.3759
2026-06-15 16:05:27,24.0000,15.6031,9.6625,8.3969
2026-06-15 16:05:27,24.0000,15.6032,9.6625,8.3968
2026-06-15 16:05:27,24.0000,15.6012,9.6632,8.3988
2026-06-15 16:05:27,24.0000,15.6010,9.6632,8.3990
2026-06-15 16:05:29,24.0000,15.4926,9.6095,8.5074
2026-06-15 16:05:29,24.0000,15.4931,9.6087,8.5069
2026-06-15 16:05:31,24.0000,15.4959,9.6294,8.5041
2026-06-15 16:05:31,24.0000,15.4980,9.6305,8.5020
2026-06-15 16:05:33,24.0000,15.5664,9.6003,8.4336
2026-06-15 16:05:33,24.0000,15.5671,9.6004,8.4329
2026-06-15 16:05:33,24.0000,15.5666,9.6004,8.4334
2026-06-15 16:05:34,24.0000,15.5676,9.6004,8.4324
2026-06-15 16:05:35,24.0000,15.5399,9.6259,8.4601
2026-06-15 16:05:35,24.0000,15.5395,9.6259,8.4605
2026-06-15 16:05:35,24.0000,15.5395,9.6259,8.4605
2026-06-15 16:05:36,24.0000,15.5395,9.6259,8.4605
2026-06-15 16:05:37,24.0000,15.5273,9.6089,8.4727
2026-06-15 16:05:37,24.0000,15.5275,9.6049,8.4725
2026-06-15 16:05:37,24.0000,15.5261,9.6051,8.4739
2026-06-15 16:05:38,24.0000,15.5324,9.6080,8.4676
2026-06-15 16:05:39,24.0000,15.5946,9.5983,8.4054
2026-06-15 16:05:39,24.0000,15.6046,9.5985,8.3954
2026-06-15 16:05:39,24.0000,15.6026,9.5986,8.3974
2026-06-15 16:05:40,24.0000,15.6026,9.5986,8.3974
2026-06-15 16:05:41,24.0000,15.5890,9.6352,8.4110
2026-06-15 16:05:41,24.0000,15.6407,9.6284,8.3593
2026-06-15 16:05:41,24.0000,15.6407,9.6284,8.3593
2026-06-15 16:05:42,24.0000,15.6393,9.6287,8.3607
2026-06-15 16:05:43,24.0000,15.6140,9.6399,8.3860
2026-06-15 16:05:43,24.0000,15.6140,9.6399,8.3860
2026-06-15 16:05:43,24.0000,15.6140,9.6399,8.3860
2026-06-15 16:05:44,24.0000,15.6148,9.6398,8.3852
2026-06-15 16:05:45,24.0000,15.6200,9.6775,8.3800
2026-06-15 16:05:45,24.0000,15.6165,9.6774,8.3835
2026-06-15 16:05:45,24.0000,15.6165,9.6774,8.3835
2026-06-15 16:05:46,24.0000,15.6161,9.6774,8.3839
2026-06-15 16:05:47,24.0000,15.5792,9.6683,8.4208
2026-06-15 16:05:47,24.0000,15.5746,9.6498,8.4254
2026-06-15 16:05:47,24.0000,15.5734,9.6498,8.4266
2026-06-15 16:05:48,24.0000,15.5776,9.6462,8.4224
2026-06-15 16:05:49,24.0000,15.5798,9.5827,8.4202
2026-06-15 16:05:49,24.0000,15.6461,9.6022,8.3539
2026-06-15 16:05:51,24.0000,15.7984,9.7394,8.2016
2026-06-15 16:05:51,24.0000,15.7984,9.7394,8.2016
2026-06-15 16:05:53,24.0000,15.5824,9.6556,8.4176
2026-06-15 16:05:53,24.0000,15.5828,9.6556,8.4172
2026-06-15 16:05:53,24.0000,15.5840,9.6555,8.4160
2026-06-15 16:05:53,24.0000,15.5839,9.6554,8.4161
2026-06-15 16:05:55,24.0000,15.5880,9.6275,8.4120
2026-06-15 16:05:55,24.0000,15.5884,9.6284,8.4116
2026-06-15 16:05:55,24.0000,15.5873,9.6660,8.4127
2026-06-15 16:05:55,24.0000,15.5755,9.6603,8.4245
2026-06-15 16:05:57,24.0000,15.5649,9.6143,8.4351
2026-06-15 16:05:57,24.0000,15.5645,9.6139,8.4355
2026-06-15 16:05:57,24.0000,15.5674,9.6280,8.4326
2026-06-15 16:05:57,24.0000,15.5678,9.6279,8.4322
2026-06-15 16:05:59,24.0000,15.4607,9.5955,8.5393
2026-06-15 16:05:59,24.0000,15.4884,9.5796,8.5116
2026-06-15 16:06:01,24.0000,15.6223,9.6533,8.3777
2026-06-15 16:06:01,24.0000,15.6885,9.6609,8.3115
2026-06-15 16:06:03,24.0000,15.6220,9.6692,8.3780
2026-06-15 16:06:03,24.0000,15.6227,9.6692,8.3773
2026-06-15 16:06:03,24.0000,15.6227,9.6692,8.3773
2026-06-15 16:06:03,24.0000,15.6227,9.6692,8.3773
2026-06-15 16:06:05,24.0000,15.6285,9.6603,8.3715
2026-06-15 16:06:05,24.0000,15.6285,9.6603,8.3715
2026-06-15 16:06:05,24.0000,15.6283,9.6600,8.3717
2026-06-15 16:06:05,24.0000,15.6283,9.6600,8.3717
2026-06-15 16:06:07,24.0000,15.5888,9.6324,8.4112
2026-06-15 16:06:07,24.0000,15.5888,9.6324,8.4112
2026-06-15 16:06:07,24.0000,15.5888,9.6324,8.4112
2026-06-15 16:06:07,24.0000,15.5888,9.6324,8.4112
2026-06-15 16:06:09,24.0000,15.5742,9.6466,8.4258
2026-06-15 16:06:09,24.0000,15.5728,9.6521,8.4272
2026-06-15 16:06:09,24.0000,15.5705,9.6521,8.4295
2026-06-15 16:06:09,24.0000,15.5705,9.6521,8.4295
2026-06-15 16:06:11,24.0000,15.6277,9.6494,8.3723
2026-06-15 16:06:11,24.0000,15.6318,9.6494,8.3682
2026-06-15 16:06:11,24.0000,15.6290,9.6476,8.3710
2026-06-15 16:06:11,24.0000,15.6290,9.6476,8.3710
2026-06-15 16:06:13,24.0000,15.5941,9.6570,8.4059
2026-06-15 16:06:13,24.0000,15.5938,9.6570,8.4062
2026-06-15 16:06:13,24.0000,15.5910,9.6566,8.4090
2026-06-15 16:06:13,24.0000,15.5922,9.6566,8.4078
2026-06-15 16:06:15,24.0000,15.5957,9.6509,8.4043
2026-06-15 16:06:15,24.0000,15.5963,9.6509,8.4037
2026-06-15 16:06:15,24.0000,15.5922,9.6509,8.4078
2026-06-15 16:06:15,24.0000,15.5922,9.6509,8.4078
2026-06-15 16:06:17,24.0000,15.5709,9.6659,8.4291
2026-06-15 16:06:17,24.0000,15.5703,9.6659,8.4297
2026-06-15 16:06:17,24.0000,15.5668,9.6659,8.4332
2026-06-15 16:06:17,24.0000,15.5667,9.6657,8.4333
2026-06-15 16:06:19,24.0000,15.5500,9.6568,8.4500
2026-06-15 16:06:19,24.0000,15.5502,9.6568,8.4498
2026-06-15 16:06:19,24.0000,15.5461,9.6568,8.4539
2026-06-15 16:06:19,24.0000,15.5461,9.6568,8.4539
2026-06-15 16:06:21,24.0000,15.6136,9.6317,8.3864
2026-06-15 16:06:21,24.0000,15.6137,9.6317,8.3863
2026-06-15 16:06:21,24.0000,15.6139,9.6593,8.3861
2026-06-15 16:06:21,24.0000,15.6138,9.6594,8.3862
2026-06-15 16:06:23,24.0000,15.5620,9.6611,8.4380
2026-06-15 16:06:23,24.0000,15.5629,9.6610,8.4371
2026-06-15 16:06:23,24.0000,15.5629,9.6610,8.4371
2026-06-15 16:06:23,24.0000,15.5629,9.6610,8.4371
2026-06-15 16:06:25,24.0000,15.5677,9.6522,8.4323
2026-06-15 16:06:25,24.0000,15.5674,9.6522,8.4326
2026-06-15 16:06:25,24.0000,15.5639,9.6522,8.4361
2026-06-15 16:06:25,24.0000,15.5639,9.6522,8.4361
2026-06-15 16:06:27,24.0000,15.5848,9.6575,8.4152
2026-06-15 16:06:27,24.0000,15.5854,9.6575,8.4146
2026-06-15 16:06:27,24.0000,15.5854,9.6575,8.4146
2026-06-15 16:06:27,24.0000,15.5811,9.6599,8.4189
2026-06-15 16:06:29,24.0000,15.5859,9.6407,8.4141
2026-06-15 16:06:29,24.0000,15.5852,9.6407,8.4148
2026-06-15 16:06:29,24.0000,15.5848,9.6407,8.4152
2026-06-15 16:06:29,24.0000,15.5842,9.6546,8.4158
2026-06-15 16:06:31,24.0000,15.5903,9.6292,8.4097
2026-06-15 16:06:31,24.0000,15.5893,9.6292,8.4107
2026-06-15 16:06:31,24.0000,15.5892,9.6292,8.4108
2026-06-15 16:06:31,24.0000,15.5863,9.6292,8.4137
2026-06-15 16:06:33,24.0000,15.5883,9.6544,8.4117
2026-06-15 16:06:33,24.0000,15.5663,9.6442,8.4337
2026-06-15 16:06:33,24.0000,15.5654,9.6441,8.4346
2026-06-15 16:06:33,24.0000,15.5654,9.6441,8.4346
2026-06-15 16:06:35,24.0000,15.4639,9.6001,8.5361
2026-06-15 16:06:35,24.0000,15.4811,9.6022,8.5189
2026-06-15 16:06:37,24.0000,15.6208,9.6578,8.3792
2026-06-15 16:06:37,24.0000,15.6400,9.6561,8.3600
2026-06-15 16:06:39,24.0000,15.6833,9.6769,8.3167
2026-06-15 16:06:39,24.0000,15.7891,9.7042,8.2109
2026-06-15 16:06:40,24.0000,15.8244,9.7143,8.1756
2026-06-15 16:06:40,24.0000,15.8244,9.7143,8.1756
2026-06-15 16:06:41,24.0000,15.6183,9.6272,8.3817
2026-06-15 16:06:41,24.0000,15.6259,9.6272,8.3741
2026-06-15 16:06:41,24.0000,15.6227,9.6272,8.3773
2026-06-15 16:06:42,24.0000,15.6232,9.6270,8.3768
2026-06-15 16:06:43,24.0000,15.5748,9.6205,8.4252
2026-06-15 16:06:43,24.0000,15.5719,9.6196,8.4281
2026-06-15 16:06:43,24.0000,15.5696,9.6196,8.4304
2026-06-15 16:06:44,24.0000,15.5683,9.6195,8.4317
2026-06-15 16:06:45,24.0000,15.5665,9.5994,8.4335
2026-06-15 16:06:45,24.0000,15.5669,9.5994,8.4331
2026-06-15 16:06:45,24.0000,15.5676,9.5994,8.4324
2026-06-15 16:06:46,24.0000,15.5676,9.5994,8.4324
2026-06-15 16:06:47,24.0000,15.6707,9.6056,8.3293
2026-06-15 16:06:47,24.0000,15.6339,9.5869,8.3661
2026-06-15 16:06:47,24.0000,15.6345,9.5869,8.3655
2026-06-15 16:06:48,24.0000,15.6302,9.6181,8.3698
2026-06-15 16:06:49,24.0000,15.5856,9.6406,8.4144
2026-06-15 16:06:49,24.0000,15.5865,9.6406,8.4135
2026-06-15 16:06:49,24.0000,15.5865,9.6407,8.4135
2026-06-15 16:06:50,24.0000,15.5913,9.6492,8.4087
2026-06-15 16:06:51,24.0000,15.5766,9.6419,8.4234
2026-06-15 16:06:51,24.0000,15.5799,9.6436,8.4201
2026-06-15 16:06:51,24.0000,15.5769,9.6441,8.4231
2026-06-15 16:06:52,24.0000,15.5759,9.6441,8.4241
2026-06-15 16:06:53,24.0000,15.3723,9.6163,8.6277
2026-06-15 16:06:53,24.0000,15.3770,9.6145,8.6230
2026-06-15 16:06:53,24.0000,15.3877,9.6163,8.6123
2026-06-15 16:06:54,24.0000,15.3399,9.6306,8.6601
2026-06-15 16:06:55,24.0000,15.2087,9.5737,8.7913
2026-06-15 16:06:55,24.0000,15.2155,9.5736,8.7845
2026-06-15 16:06:57,24.0000,15.5376,9.6062,8.4624
2026-06-15 16:06:57,24.0000,15.5404,9.6085,8.4596
2026-06-15 16:06:59,24.0000,15.8785,9.7614,8.1215
2026-06-15 16:06:59,24.0000,15.9067,9.7748,8.0933
2026-06-15 16:07:00,24.0000,15.5244,9.6182,8.4756
2026-06-15 16:07:00,24.0000,15.5259,9.6181,8.4741
2026-06-15 16:07:01,24.0000,15.5120,9.6098,8.4880
2026-06-15 16:07:01,24.0000,15.5116,9.6097,8.4884
2026-06-15 16:07:02,24.0000,15.5063,9.6088,8.4937
2026-06-15 16:07:02,24.0000,15.5063,9.6088,8.4937
2026-06-15 16:07:03,24.0000,15.5106,9.6303,8.4894
2026-06-15 16:07:03,24.0000,15.5101,9.6303,8.4899
2026-06-15 16:07:04,24.0000,15.4995,9.6285,8.5005
2026-06-15 16:07:04,24.0000,15.4995,9.6285,8.5005
2026-06-15 16:07:05,24.0000,15.4945,9.6220,8.5055
2026-06-15 16:07:05,24.0000,15.4935,9.6220,8.5065
2026-06-15 16:07:06,24.0000,15.4746,9.6196,8.5254
2026-06-15 16:07:06,24.0000,15.4752,9.6194,8.5248
2026-06-15 16:07:07,24.0000,15.4683,9.6186,8.5317
2026-06-15 16:07:07,24.0000,15.4964,9.6026,8.5036
2026-06-15 16:07:08,24.0000,15.5516,9.5867,8.4484
2026-06-15 16:07:08,24.0000,15.5493,9.5867,8.4507
2026-06-15 16:07:09,24.0000,15.5258,9.6486,8.4742
2026-06-15 16:07:09,24.0000,15.5256,9.6485,8.4744
2026-06-15 16:07:10,24.0000,15.5153,9.6461,8.4847
2026-06-15 16:07:10,24.0000,15.4973,9.6461,8.5027
2026-06-15 16:07:11,24.0000,15.5008,9.5958,8.4992
2026-06-15 16:07:11,24.0000,15.4932,9.5954,8.5068
2026-06-15 16:07:12,24.0000,15.5016,9.6034,8.4984
2026-06-15 16:07:13,24.0000,15.5294,9.5901,8.4706
2026-06-15 16:07:13,24.0000,15.5298,9.5929,8.4702
2026-06-15 16:07:14,24.0000,15.5298,9.5929,8.4702
2026-06-15 16:07:15,24.0000,15.5098,9.6247,8.4902
2026-06-15 16:07:15,24.0000,15.5092,9.6247,8.4908
2026-06-15 16:07:16,24.0000,15.5315,9.6345,8.4685
2026-06-15 16:07:17,24.0000,15.2469,9.5785,8.7531
2026-06-15 16:07:17,24.0000,15.2475,9.5788,8.7525
2026-06-15 16:07:19,24.0000,15.5434,9.6352,8.4566
2026-06-15 16:07:19,24.0000,15.5448,9.6351,8.4552
2026-06-15 16:07:21,24.0000,15.6569,9.6916,8.3431
2026-06-15 16:07:21,24.0000,15.5211,9.6265,8.4789
2026-06-15 16:07:22,24.0000,15.5216,9.6293,8.4784
2026-06-15 16:07:23,24.0000,15.5447,9.6436,8.4553
2026-06-15 16:07:23,24.0000,15.5448,9.6436,8.4552
2026-06-15 16:07:24,24.0000,15.6821,9.6776,8.3179
2026-06-15 16:07:25,24.0000,15.5429,9.6476,8.4571
2026-06-15 16:07:25,24.0000,15.5362,9.6447,8.4638
2026-06-15 16:07:26,24.0000,15.5362,9.6447,8.4638
2026-06-15 16:07:26,24.0000,15.5362,9.6447,8.4638
2026-06-15 16:07:27,24.0000,15.5258,9.6348,8.4742
2026-06-15 16:07:27,24.0000,15.5249,9.6346,8.4751
2026-06-15 16:07:28,24.0000,15.5250,9.6346,8.4750
2026-06-15 16:07:28,24.0000,15.5234,9.6344,8.4766
2026-06-15 16:07:29,24.0000,15.5189,9.6180,8.4811
2026-06-15 16:07:29,24.0000,15.5189,9.6530,8.4811
2026-06-15 16:07:30,24.0000,15.5905,9.6540,8.4095
2026-06-15 16:07:30,24.0000,15.5758,9.6455,8.4242
2026-06-15 16:07:31,24.0000,15.3353,9.6563,8.6647
2026-06-15 16:07:31,24.0000,15.3351,9.6563,8.6649
2026-06-15 16:07:32,24.0000,15.3352,9.6568,8.6648
2026-06-15 16:07:32,24.0000,15.3383,9.6577,8.6617
2026-06-15 16:07:33,24.0000,15.3085,9.6514,8.6915
2026-06-15 16:07:33,24.0000,15.3085,9.6514,8.6915
2026-06-15 16:07:34,24.0000,15.3085,9.6514,8.6915
2026-06-15 16:07:34,24.0000,15.3577,9.6348,8.6423
2026-06-15 16:07:35,24.0000,15.3114,9.6496,8.6886
2026-06-15 16:07:35,24.0000,15.3224,9.6119,8.6776
2026-06-15 16:07:36,24.0000,15.3322,9.6153,8.6678
2026-06-15 16:07:36,24.0000,15.3285,9.6130,8.6715
2026-06-15 16:07:37,24.0000,15.3064,9.6212,8.6936
2026-06-15 16:07:37,24.0000,15.3417,9.6250,8.6583
2026-06-15 16:07:38,24.0000,15.3417,9.6250,8.6583
2026-06-15 16:07:38,24.0000,15.3417,9.6250,8.6583
2026-06-15 16:07:39,24.0000,15.3490,9.6074,8.6510
2026-06-15 16:07:39,24.0000,15.3492,9.6070,8.6508
2026-06-15 16:07:40,24.0000,15.3482,9.6070,8.6518
2026-06-15 16:07:40,24.0000,15.3569,9.6048,8.6431
2026-06-15 16:07:41,24.0000,15.3135,9.6348,8.6865
2026-06-15 16:07:41,24.0000,15.3118,9.6344,8.6882
2026-06-15 16:07:42,24.0000,15.3111,9.6341,8.6889
2026-06-15 16:07:42,24.0000,15.3102,9.6315,8.6898
2026-06-15 16:07:43,24.0000,15.2910,9.6328,8.7090
2026-06-15 16:07:43,24.0000,15.2910,9.6328,8.7090
2026-06-15 16:07:44,24.0000,15.2903,9.6342,8.7097
2026-06-15 16:07:44,24.0000,15.2903,9.6417,8.7097
2026-06-15 16:07:45,24.0000,15.3397,9.6577,8.6603
2026-06-15 16:07:45,24.0000,15.3396,9.6576,8.6604
2026-06-15 16:07:46,24.0000,15.3379,9.6576,8.6621
2026-06-15 16:07:46,24.0000,15.3413,9.6573,8.6587
2026-06-15 16:07:47,24.0000,15.2223,9.6025,8.7777
2026-06-15 16:07:47,24.0000,15.2166,9.5954,8.7834
2026-06-15 16:07:49,24.0000,15.4686,9.6376,8.5314
2026-06-15 16:07:49,24.0000,15.5132,9.6733,8.4868
2026-06-15 16:07:51,24.0000,15.3152,9.6554,8.6848
2026-06-15 16:07:51,24.0000,15.3207,9.6553,8.6793
2026-06-15 16:07:51,24.0000,15.3196,9.6428,8.6804
2026-06-15 16:07:51,24.0000,15.3196,9.6428,8.6804
2026-06-15 16:07:53,24.0000,15.3129,9.6477,8.6871
2026-06-15 16:07:53,24.0000,15.3281,9.6462,8.6719
2026-06-15 16:07:53,24.0000,15.3284,9.6461,8.6716
2026-06-15 16:07:53,24.0000,15.3058,9.6385,8.6942
2026-06-15 16:07:55,24.0000,15.2811,9.5557,8.7189
2026-06-15 16:07:55,24.0000,15.3557,9.5534,8.6443
2026-06-15 16:07:57,24.0000,15.3450,9.6297,8.6550
2026-06-15 16:07:57,24.0000,15.3491,9.6293,8.6509
2026-06-15 16:07:59,24.0000,15.3867,9.6345,8.6133
2026-06-15 16:07:59,24.0000,15.3854,9.6342,8.6146
2026-06-15 16:08:00,24.0000,15.3855,9.6340,8.6145
2026-06-15 16:08:01,24.0000,15.4782,9.6583,8.5218
2026-06-15 16:08:01,24.0000,15.5375,9.7366,8.4625
2026-06-15 16:08:02,24.0000,15.5375,9.7366,8.4625
2026-06-15 16:08:03,24.0000,15.4128,9.7487,8.5872
2026-06-15 16:08:03,24.0000,15.4123,9.7478,8.5877
2026-06-15 16:08:04,24.0000,15.4126,9.7480,8.5874
2026-06-15 16:08:05,24.0000,15.4468,9.7377,8.5532
2026-06-15 16:08:05,24.0000,15.4468,9.7372,8.5532
2026-06-15 16:08:06,24.0000,15.3989,9.7372,8.6011
2026-06-15 16:08:07,24.0000,15.2912,9.7030,8.7088
2026-06-15 16:08:07,24.0000,15.2909,9.7023,8.7091
2026-06-15 16:08:08,24.0000,15.2917,9.7022,8.7083
2026-06-15 16:08:09,24.0000,15.2439,9.7025,8.7561
2026-06-15 16:08:09,24.0000,15.2427,9.7009,8.7573
2026-06-15 16:08:10,24.0000,15.2427,9.7009,8.7573
2026-06-15 16:08:11,24.0000,15.2616,9.6881,8.7384
2026-06-15 16:08:11,24.0000,15.2011,9.6436,8.7989
2026-06-15 16:08:13,24.0000,15.2210,9.6353,8.7790
2026-06-15 16:08:13,24.0000,15.2214,9.6353,8.7786
2026-06-15 16:08:15,24.0000,15.2066,9.6334,8.7934
2026-06-15 16:08:15,24.0000,15.2020,9.6334,8.7980
2026-06-15 16:08:17,24.0000,15.1503,9.6335,8.8497
2026-06-15 16:08:17,24.0000,15.1497,9.6335,8.8503
2026-06-15 16:08:19,24.0000,15.1220,9.6341,8.8780
2026-06-15 16:08:19,24.0000,15.1204,9.6341,8.8796
2026-06-15 16:08:21,24.0000,15.1620,9.6284,8.8380
2026-06-15 16:08:21,24.0000,15.1620,9.6284,8.8380
2026-06-15 16:08:23,24.0000,15.1020,9.6031,8.8980
2026-06-15 16:08:23,24.0000,15.1017,9.6031,8.8983
2026-06-15 16:08:25,24.0000,15.0656,9.5851,8.9344
2026-06-15 16:08:25,24.0000,15.0656,9.5851,8.9344
2026-06-15 16:08:27,24.0000,15.0909,9.5898,8.9091
2026-06-15 16:08:27,24.0000,15.0911,9.5898,8.9089
2026-06-15 16:08:29,24.0000,15.0863,9.5498,8.9137
2026-06-15 16:08:29,24.0000,15.1092,9.5517,8.8908
2026-06-15 16:08:31,24.0000,15.1479,9.5282,8.8521
2026-06-15 16:08:31,24.0000,15.3347,9.5715,8.6653
2026-06-15 16:08:33,24.0000,15.3265,9.6740,8.6735
2026-06-15 16:08:33,24.0000,15.3302,9.6761,8.6698
2026-06-15 16:08:34,24.0000,15.1566,9.6237,8.8434
2026-06-15 16:08:35,24.0000,15.1376,9.6237,8.8624
2026-06-15 16:08:35,24.0000,15.1376,9.6239,8.8624
2026-06-15 16:08:36,24.0000,15.1942,9.6056,8.8058
2026-06-15 16:08:37,24.0000,15.1733,9.5979,8.8267
2026-06-15 16:08:37,24.0000,15.1732,9.5978,8.8268
2026-06-15 16:08:38,24.0000,15.1430,9.6294,8.8570
2026-06-15 16:08:39,24.0000,15.1329,9.6293,8.8671
2026-06-15 16:08:39,24.0000,15.1329,9.6432,8.8671
2026-06-15 16:08:40,24.0000,15.1189,9.6302,8.8811
2026-06-15 16:08:41,24.0000,15.0876,9.6274,8.9124
2026-06-15 16:08:41,24.0000,15.0878,9.6274,8.9122
2026-06-15 16:08:42,24.0000,15.1975,9.5876,8.8025
2026-06-15 16:08:43,24.0000,15.1743,9.6041,8.8257
2026-06-15 16:08:43,24.0000,15.1729,9.6599,8.8271
2026-06-15 16:08:44,24.0000,15.1418,9.6438,8.8582
2026-06-15 16:08:45,24.0000,15.1244,9.6433,8.8756
2026-06-15 16:08:45,24.0000,15.1243,9.6433,8.8757
2026-06-15 16:08:46,24.0000,15.1110,9.6062,8.8890
2026-06-15 16:08:47,24.0000,15.1609,9.5898,8.8391
2026-06-15 16:08:47,24.0000,15.1604,9.5898,8.8396
2026-06-15 16:08:48,24.0000,15.1419,9.5988,8.8581
2026-06-15 16:08:49,24.0000,15.1311,9.6015,8.8689
2026-06-15 16:08:49,24.0000,15.1310,9.6018,8.8690
2026-06-15 16:08:50,24.0000,15.1102,9.6049,8.8898
2026-06-15 16:08:51,24.0000,15.1037,9.5979,8.8963
2026-06-15 16:08:51,24.0000,15.0992,9.5977,8.9008
2026-06-15 16:08:52,24.0000,15.1494,9.5870,8.8506
2026-06-15 16:08:53,24.0000,15.1413,9.5635,8.8587
2026-06-15 16:08:53,24.0000,15.1342,9.6122,8.8658
2026-06-15 16:08:54,24.0000,15.1130,9.6047,8.8870
2026-06-15 16:08:55,24.0000,15.1023,9.5995,8.8977
2026-06-15 16:08:55,24.0000,15.1041,9.5965,8.8959
2026-06-15 16:08:56,24.0000,15.0935,9.5941,8.9065
2026-06-15 16:08:57,24.0000,15.1885,9.5721,8.8115
2026-06-15 16:08:57,24.0000,15.1868,9.5720,8.8132
2026-06-15 16:08:58,24.0000,15.1795,9.6285,8.8205
2026-06-15 16:08:59,24.0000,15.1506,9.6205,8.8494
2026-06-15 16:08:59,24.0000,15.1506,9.6205,8.8494
2026-06-15 16:09:00,24.0000,15.1720,9.6085,8.8280
2026-06-15 16:09:01,24.0000,15.1609,9.6155,8.8391
2026-06-15 16:09:01,24.0000,15.1614,9.6156,8.8386
2026-06-15 16:09:02,24.0000,15.1476,9.6217,8.8524
2026-06-15 16:09:03,24.0000,15.2087,9.5765,8.7913
2026-06-15 16:09:03,24.0000,15.2087,9.5765,8.7913
2026-06-15 16:09:04,24.0000,15.1769,9.6083,8.8231
2026-06-15 16:09:05,24.0000,15.1460,9.6137,8.8540
2026-06-15 16:09:05,24.0000,15.1465,9.6138,8.8535
2026-06-15 16:09:06,24.0000,15.1269,9.6158,8.8731
2026-06-15 16:09:07,24.0000,15.1150,9.6152,8.8850
2026-06-15 16:09:07,24.0000,15.1151,9.6152,8.8849
2026-06-15 16:09:08,24.0000,15.1647,9.5983,8.8353
2026-06-15 16:09:09,24.0000,15.1376,9.6213,8.8624
2026-06-15 16:09:09,24.0000,15.1381,9.6215,8.8619
2026-06-15 16:09:10,24.0000,15.1230,9.6321,8.8770
2026-06-15 16:09:11,24.0000,15.1113,9.6320,8.8887
2026-06-15 16:09:11,24.0000,15.1113,9.6320,8.8887
2026-06-15 16:09:12,24.0000,15.1015,9.6318,8.8985
2026-06-15 16:09:13,24.0000,15.1483,9.6020,8.8517
2026-06-15 16:09:13,24.0000,15.1483,9.6020,8.8517
2026-06-15 16:09:14,24.0000,15.1151,9.6049,8.8849
2026-06-15 16:09:15,24.0000,15.0975,9.6151,8.9025
2026-06-15 16:09:15,24.0000,15.0974,9.6151,8.9026
2026-06-15 16:09:16,24.0000,15.0856,9.5961,8.9144
2026-06-15 16:09:17,24.0000,15.0773,9.5962,8.9227
2026-06-15 16:09:17,24.0000,15.0773,9.5962,8.9227
2026-06-15 16:09:18,24.0000,15.1288,9.5786,8.8712
2026-06-15 16:09:19,24.0000,15.1820,9.5694,8.8180
2026-06-15 16:09:19,24.0000,15.1824,9.5694,8.8176
2026-06-15 16:09:20,24.0000,15.1570,9.6278,8.8430
2026-06-15 16:09:21,24.0000,15.1366,9.6203,8.8634
2026-06-15 16:09:21,24.0000,15.1362,9.6142,8.8638
2026-06-15 16:09:22,24.0000,15.1190,9.6057,8.8810
2026-06-15 16:09:23,24.0000,15.1062,9.6057,8.8938
2026-06-15 16:09:23,24.0000,15.1640,9.5894,8.8360
2026-06-15 16:09:24,24.0000,15.1572,9.5881,8.8428
2026-06-15 16:09:25,24.0000,15.1717,9.6051,8.8283
2026-06-15 16:09:25,24.0000,15.1718,9.6051,8.8282
2026-06-15 16:09:26,24.0000,15.1637,9.6234,8.8363
2026-06-15 16:09:27,24.0000,15.1542,9.6158,8.8458
2026-06-15 16:09:27,24.0000,15.1549,9.6158,8.8451
2026-06-15 16:09:28,24.0000,15.1453,9.6169,8.8547
2026-06-15 16:09:29,24.0000,15.1916,9.6004,8.8084
2026-06-15 16:09:29,24.0000,15.1991,9.6004,8.8009
2026-06-15 16:09:30,24.0000,15.1677,9.6325,8.8323
2026-06-15 16:09:31,24.0000,15.1602,9.6266,8.8398
2026-06-15 16:09:31,24.0000,15.1589,9.6266,8.8411
2026-06-15 16:09:32,24.0000,15.1529,9.6248,8.8471
2026-06-15 16:09:33,24.0000,15.1412,9.6059,8.8588
2026-06-15 16:09:33,24.0000,15.0719,9.5605,8.9281
2026-06-15 16:09:35,24.0000,15.1847,9.6046,8.8153
2026-06-15 16:09:35,24.0000,15.1871,9.6046,8.8129
2026-06-15 16:09:37,24.0000,15.3896,9.7132,8.6104
2026-06-15 16:09:37,24.0000,15.3887,9.7140,8.6113
2026-06-15 16:09:38,24.0000,15.1955,9.6293,8.8045
2026-06-15 16:09:39,24.0000,15.2222,9.6277,8.7778
2026-06-15 16:09:39,24.0000,15.2216,9.6277,8.7784
2026-06-15 16:09:40,24.0000,15.2287,9.6221,8.7713
2026-06-15 16:09:41,24.0000,15.1684,9.6165,8.8316
2026-06-15 16:09:41,24.0000,15.1704,9.6503,8.8296
2026-06-15 16:09:42,24.0000,15.2117,9.6468,8.7883
2026-06-15 16:09:43,24.0000,15.2153,9.6399,8.7847
2026-06-15 16:09:43,24.0000,15.2149,9.6398,8.7851
2026-06-15 16:09:44,24.0000,15.2578,9.6247,8.7422
2026-06-15 16:09:45,24.0000,15.2796,9.6202,8.7204
2026-06-15 16:09:45,24.0000,15.2781,9.6194,8.7219
2026-06-15 16:09:46,24.0000,15.3392,9.6624,8.6608
2026-06-15 16:09:47,24.0000,15.2835,9.6874,8.7165
2026-06-15 16:09:47,24.0000,15.2828,9.6869,8.7172
2026-06-15 16:09:48,24.0000,15.2831,9.6820,8.7169
2026-06-15 16:09:49,24.0000,15.2471,9.6764,8.7529
2026-06-15 16:09:49,24.0000,15.2453,9.6764,8.7547
2026-06-15 16:09:50,24.0000,15.2453,9.6764,8.7547
2026-06-15 16:09:51,24.0000,15.2499,9.6613,8.7501
2026-06-15 16:09:51,24.0000,15.2484,9.6611,8.7516
2026-06-15 16:09:52,24.0000,15.2485,9.6611,8.7515
2026-06-15 16:09:53,24.0000,15.2029,9.6581,8.7971
2026-06-15 16:09:53,24.0000,15.2017,9.6589,8.7983
2026-06-15 16:09:54,24.0000,15.1690,9.6242,8.8310
2026-06-15 16:09:55,24.0000,15.2142,9.6191,8.7858
2026-06-15 16:09:55,24.0000,15.2138,9.6319,8.7862
2026-06-15 16:09:56,24.0000,15.2138,9.6319,8.7862
2026-06-15 16:09:57,24.0000,15.1576,9.6678,8.8424
2026-06-15 16:09:57,24.0000,15.1646,9.6678,8.8354
2026-06-15 16:09:58,24.0000,15.1646,9.6678,8.8354
2026-06-15 16:09:59,24.0000,15.1489,9.6577,8.8511
2026-06-15 16:09:59,24.0000,15.1486,9.6576,8.8514
2026-06-15 16:10:00,24.0000,15.1622,9.6560,8.8378
2026-06-15 16:10:01,24.0000,15.1816,9.6644,8.8184
2026-06-15 16:10:01,24.0000,15.1811,9.6643,8.8189
2026-06-15 16:10:02,24.0000,15.1811,9.6643,8.8189
2026-06-15 16:10:03,24.0000,15.1677,9.6561,8.8323
2026-06-15 16:10:03,24.0000,15.1663,9.6560,8.8337
2026-06-15 16:10:04,24.0000,15.1667,9.6560,8.8333
2026-06-15 16:10:05,24.0000,15.2157,9.5971,8.7843
2026-06-15 16:10:05,24.0000,15.2160,9.5968,8.7840
2026-06-15 16:10:06,24.0000,15.2300,9.5967,8.7700
2026-06-15 16:10:07,24.0000,15.2080,9.6748,8.7920
2026-06-15 16:10:07,24.0000,15.2080,9.6748,8.7920
2026-06-15 16:10:08,24.0000,15.2067,9.6551,8.7933
2026-06-15 16:10:09,24.0000,15.1787,9.6511,8.8213
2026-06-15 16:10:09,24.0000,15.1785,9.6511,8.8215
2026-06-15 16:10:10,24.0000,15.1810,9.6498,8.8190
2026-06-15 16:10:11,24.0000,15.2247,9.6310,8.7753
2026-06-15 16:10:11,24.0000,15.2224,9.6299,8.7776
2026-06-15 16:10:12,24.0000,15.2159,9.6554,8.7841
2026-06-15 16:10:13,24.0000,15.1848,9.6498,8.8152
2026-06-15 16:10:13,24.0000,15.1850,9.6499,8.8150
2026-06-15 16:10:14,24.0000,15.1850,9.6499,8.8150
2026-06-15 16:10:15,24.0000,15.1807,9.6494,8.8193
2026-06-15 16:10:15,24.0000,15.1814,9.6494,8.8186
2026-06-15 16:10:16,24.0000,15.2313,9.6330,8.7687
2026-06-15 16:10:17,24.0000,15.2098,9.6547,8.7902
2026-06-15 16:10:17,24.0000,15.2097,9.6534,8.7903
2026-06-15 16:10:19,24.0000,15.3226,9.6609,8.6774
2026-06-15 16:10:19,24.0000,15.2859,9.6600,8.7141
2026-06-15 16:10:21,24.0000,15.4775,9.7160,8.5225
2026-06-15 16:10:21,24.0000,15.4840,9.7200,8.5160
2026-06-15 16:10:23,24.0000,15.3095,9.7148,8.6905
2026-06-15 16:10:23,24.0000,15.2796,9.7055,8.7204
2026-06-15 16:10:23,24.0000,15.2796,9.7055,8.7204
2026-06-15 16:10:25,24.0000,15.2690,9.7038,8.7310
2026-06-15 16:10:25,24.0000,15.2439,9.6936,8.7561
2026-06-15 16:10:25,24.0000,15.2479,9.6939,8.7521
2026-06-15 16:10:27,24.0000,15.2831,9.6753,8.7169
2026-06-15 16:10:27,24.0000,15.2767,9.6749,8.7233
2026-06-15 16:10:27,24.0000,15.2767,9.7177,8.7233
2026-06-15 16:10:29,24.0000,15.2501,9.7090,8.7499
2026-06-15 16:10:29,24.0000,15.2258,9.7055,8.7742
2026-06-15 16:10:29,24.0000,15.2261,9.7055,8.7739
2026-06-15 16:10:31,24.0000,15.2749,9.6685,8.7251
2026-06-15 16:10:31,24.0000,15.3283,9.6547,8.6717
2026-06-15 16:10:33,24.0000,15.2781,9.8942,8.7219
2026-06-15 16:10:33,24.0000,15.2792,9.8985,8.7208
2026-06-15 16:10:35,24.0000,15.2603,9.9500,8.7397
2026-06-15 16:10:35,24.0000,15.2606,9.9500,8.7394
2026-06-15 16:10:37,24.0000,15.2788,9.9171,8.7212
2026-06-15 16:10:37,24.0000,15.2781,9.9171,8.7219
2026-06-15 16:10:39,24.0000,15.2409,9.9156,8.7591
2026-06-15 16:10:39,24.0000,15.2410,9.9156,8.7590
2026-06-15 16:10:41,24.0000,15.2068,9.9119,8.7932
2026-06-15 16:10:41,24.0000,15.2069,9.9119,8.7931
2026-06-15 16:10:43,24.0000,15.2381,9.9113,8.7619
2026-06-15 16:10:43,24.0000,15.2381,9.9113,8.7619
2026-06-15 16:10:45,24.0000,15.2195,9.8999,8.7805
2026-06-15 16:10:45,24.0000,15.2194,9.8999,8.7806
2026-06-15 16:10:47,24.0000,15.2656,9.8998,8.7344
2026-06-15 16:10:47,24.0000,15.2657,9.8998,8.7343
2026-06-15 16:10:49,24.0000,15.2324,9.9052,8.7676
2026-06-15 16:10:49,24.0000,15.2307,9.9052,8.7693
2026-06-15 16:10:51,24.0000,15.2056,9.9028,8.7944
2026-06-15 16:10:51,24.0000,15.2120,9.9028,8.7880
2026-06-15 16:10:53,24.0000,15.3491,9.8628,8.6509
2026-06-15 16:10:53,24.0000,15.2049,9.8500,8.7951
2026-06-15 16:10:55,24.0000,15.4028,9.9343,8.5972
2026-06-15 16:10:55,24.0000,15.4152,9.9377,8.5848
2026-06-15 16:10:57,24.0000,15.2368,9.9132,8.7632
2026-06-15 16:10:57,24.0000,15.2294,9.9132,8.7706
2026-06-15 16:10:57,24.0000,15.2295,9.9132,8.7705
2026-06-15 16:10:59,24.0000,15.2908,9.9031,8.7092
2026-06-15 16:10:59,24.0000,15.2464,9.9096,8.7536
2026-06-15 16:10:59,24.0000,15.2464,9.9096,8.7536
2026-06-15 16:11:01,24.0000,15.2269,9.9030,8.7731
2026-06-15 16:11:01,24.0000,15.2197,9.9030,8.7803
2026-06-15 16:11:01,24.0000,15.2202,9.9030,8.7798
2026-06-15 16:11:03,24.0000,15.2077,9.9029,8.7923
2026-06-15 16:11:03,24.0000,15.2571,9.9011,8.7429
2026-06-15 16:11:03,24.0000,15.2571,9.9012,8.7429
2026-06-15 16:11:05,24.0000,15.2980,9.9109,8.7020
2026-06-15 16:11:05,24.0000,15.3241,9.9130,8.6759
2026-06-15 16:11:05,24.0000,15.3239,9.9130,8.6761
2026-06-15 16:11:07,24.0000,15.2973,9.9397,8.7027
2026-06-15 16:11:07,24.0000,15.3312,9.9330,8.6688
2026-06-15 16:11:07,24.0000,15.3313,9.9330,8.6687
2026-06-15 16:11:09,24.0000,15.3965,9.9014,8.6035
2026-06-15 16:11:09,24.0000,15.3631,9.9434,8.6369
2026-06-15 16:11:09,24.0000,15.3633,9.9433,8.6367
2026-06-15 16:11:11,24.0000,15.3406,9.9531,8.6594
2026-06-15 16:11:11,24.0000,15.3142,9.9531,8.6858
2026-06-15 16:11:11,24.0000,15.3220,9.9530,8.6780
2026-06-15 16:11:13,24.0000,15.3128,9.9404,8.6872
2026-06-15 16:11:13,24.0000,15.3556,9.9237,8.6444
2026-06-15 16:11:13,24.0000,15.3556,9.9237,8.6444
2026-06-15 16:11:15,24.0000,15.3671,9.9330,8.6329
2026-06-15 16:11:15,24.0000,15.3502,9.9326,8.6498
2026-06-15 16:11:15,24.0000,15.3509,9.9326,8.6491
2026-06-15 16:11:17,24.0000,15.3335,9.9323,8.6665
2026-06-15 16:11:17,24.0000,15.3122,9.9372,8.6878
2026-06-15 16:11:17,24.0000,15.3117,9.9372,8.6883
2026-06-15 16:11:19,24.0000,15.3698,9.9284,8.6302
2026-06-15 16:11:19,24.0000,15.3546,9.9191,8.6454
2026-06-15 16:11:19,24.0000,15.3546,9.9191,8.6454
2026-06-15 16:11:21,24.0000,15.3216,9.9660,8.6784
2026-06-15 16:11:21,24.0000,15.3287,9.9482,8.6713
2026-06-15 16:11:21,24.0000,15.3129,9.9480,8.6871
2026-06-15 16:11:23,24.0000,15.2894,9.9314,8.7106
2026-06-15 16:11:23,24.0000,15.2903,9.9302,8.7097
2026-06-15 16:11:23,24.0000,15.2806,9.9302,8.7194
2026-06-15 16:11:25,24.0000,15.4035,9.9176,8.5965
2026-06-15 16:11:25,24.0000,15.4867,9.9236,8.5133
2026-06-15 16:11:27,24.0000,15.5077,9.9941,8.4923
2026-06-15 16:11:27,24.0000,15.4987,9.9941,8.5013
2026-06-15 16:11:28,24.0000,15.3229,9.9453,8.6771
2026-06-15 16:11:29,24.0000,15.3764,9.9278,8.6236
2026-06-15 16:11:29,24.0000,15.3682,9.9275,8.6318
2026-06-15 16:11:30,24.0000,15.3375,9.9481,8.6625
2026-06-15 16:11:31,24.0000,15.3251,9.9383,8.6749
2026-06-15 16:11:31,24.0000,15.3088,9.9399,8.6912
2026-06-15 16:11:32,24.0000,15.2894,9.9517,8.7106
2026-06-15 16:11:33,24.0000,15.2889,9.9500,8.7111
2026-06-15 16:11:33,24.0000,15.2713,9.9500,8.7287
2026-06-15 16:11:34,24.0000,15.3288,9.9293,8.6712
2026-06-15 16:11:35,24.0000,15.3234,9.9288,8.6766
2026-06-15 16:11:35,24.0000,15.2907,9.9273,8.7093
2026-06-15 16:11:36,24.0000,15.3271,9.9209,8.6729
2026-06-15 16:11:37,24.0000,15.3272,9.9205,8.6728
2026-06-15 16:11:37,24.0000,15.3037,9.9361,8.6963
2026-06-15 16:11:38,24.0000,15.2893,9.9341,8.7107
2026-06-15 16:11:39,24.0000,15.3334,9.9291,8.6666
2026-06-15 16:11:39,24.0000,15.3804,9.9257,8.6196
2026-06-15 16:11:40,24.0000,15.3528,9.9346,8.6472
2026-06-15 16:11:41,24.0000,15.3646,9.9607,8.6354
2026-06-15 16:11:41,24.0000,15.3373,9.9567,8.6627
2026-06-15 16:11:42,24.0000,15.3203,9.9400,8.6797
2026-06-15 16:11:43,24.0000,15.3298,9.9350,8.6702
2026-06-15 16:11:43,24.0000,15.3131,9.9338,8.6869
2026-06-15 16:11:44,24.0000,15.3057,9.9192,8.6943
2026-06-15 16:11:45,24.0000,15.2980,9.8762,8.7020
2026-06-15 16:11:45,24.0000,15.2941,9.8763,8.7059
2026-06-15 16:11:47,24.0000,15.3365,9.9117,8.6635
2026-06-15 16:11:47,24.0000,15.3222,9.9117,8.6778
2026-06-15 16:11:49,24.0000,15.2944,9.9236,8.7056
2026-06-15 16:11:49,24.0000,15.2731,9.9236,8.7269
2026-06-15 16:11:51,24.0000,15.2972,9.9282,8.7028
2026-06-15 16:11:51,24.0000,15.2699,9.9184,8.7301
2026-06-15 16:11:53,24.0000,15.2470,9.9158,8.7530
2026-06-15 16:11:53,24.0000,15.2317,9.9158,8.7683
2026-06-15 16:11:55,24.0000,15.2739,9.8816,8.7261
2026-06-15 16:11:55,24.0000,15.2812,9.8816,8.7188
2026-06-15 16:11:57,24.0000,15.2499,9.9073,8.7501
2026-06-15 16:11:57,24.0000,15.2291,9.9046,8.7709
2026-06-15 16:11:59,24.0000,15.2847,9.8697,8.7153
2026-06-15 16:11:59,24.0000,15.4026,9.9263,8.5974
2026-06-15 16:12:01,24.0000,15.5365,9.9571,8.4635
2026-06-15 16:12:01,24.0000,15.5420,9.9614,8.4580
2026-06-15 16:12:03,24.0000,15.3407,9.9421,8.6593
2026-06-15 16:12:03,24.0000,15.3398,9.9426,8.6602
2026-06-15 16:12:03,24.0000,15.3398,9.9426,8.6602
2026-06-15 16:12:05,24.0000,15.3123,9.9416,8.6877
2026-06-15 16:12:05,24.0000,15.2962,9.9389,8.7038
2026-06-15 16:12:05,24.0000,15.2845,9.9389,8.7155
2026-06-15 16:12:07,24.0000,15.3299,9.9214,8.6701
2026-06-15 16:12:07,24.0000,15.3297,9.9505,8.6703
2026-06-15 16:12:07,24.0000,15.3080,9.9445,8.6920
2026-06-15 16:12:09,24.0000,15.2912,9.9491,8.7088
2026-06-15 16:12:09,24.0000,15.2870,9.9438,8.7130
2026-06-15 16:12:09,24.0000,15.2646,9.9423,8.7354
2026-06-15 16:12:11,24.0000,15.3011,9.9205,8.6989
2026-06-15 16:12:11,24.0000,15.3629,9.8792,8.6371
2026-06-15 16:12:11,24.0000,15.3668,9.8792,8.6332
2026-06-15 16:12:13,24.0000,15.2716,9.9016,8.7284
2026-06-15 16:12:13,24.0000,15.2600,9.9043,8.7400
2026-06-15 16:12:15,24.0000,15.3551,9.9471,8.6449
2026-06-15 16:12:15,24.0000,15.3331,9.9429,8.6669
2026-06-15 16:12:17,24.0000,15.3957,9.9182,8.6043
2026-06-15 16:12:17,24.0000,15.3627,9.9517,8.6373
2026-06-15 16:12:17,24.0000,15.3629,9.9517,8.6371
2026-06-15 16:12:19,24.0000,15.3465,9.9398,8.6535
2026-06-15 16:12:19,24.0000,15.3183,9.9398,8.6817
2026-06-15 16:12:19,24.0000,15.3183,9.9398,8.6817
2026-06-15 16:12:21,24.0000,15.3287,9.9112,8.6713
2026-06-15 16:12:21,24.0000,15.3142,9.9083,8.6858
2026-06-15 16:12:21,24.0000,15.3141,9.9083,8.6859
2026-06-15 16:12:23,24.0000,15.3537,9.8965,8.6463
2026-06-15 16:12:23,24.0000,15.3530,9.9170,8.6470
2026-06-15 16:12:23,24.0000,15.3373,9.9170,8.6627
2026-06-15 16:12:25,24.0000,15.3079,9.8898,8.6921
2026-06-15 16:12:25,24.0000,15.3470,9.8870,8.6530
2026-06-15 16:12:27,24.0000,15.4859,9.9771,8.5141
2026-06-15 16:12:27,24.0000,15.4690,9.9771,8.5310
2026-06-15 16:12:29,24.0000,15.5105,10.0278,8.4895
2026-06-15 16:12:29,24.0000,15.4871,10.0329,8.5129
2026-06-15 16:12:31,24.0000,15.5701,10.0536,8.4299
2026-06-15 16:12:31,24.0000,15.5820,10.0574,8.4180
2026-06-15 16:12:33,24.0000,15.7581,10.0892,8.2419
2026-06-15 16:12:33,24.0000,15.7723,10.0910,8.2277
2026-06-15 16:12:35,24.0000,15.6397,10.0150,8.3603
2026-06-15 16:12:35,24.0000,15.6482,10.0200,8.3518
2026-06-15 16:12:37,24.0000,15.7950,10.0312,8.2050
2026-06-15 16:12:37,24.0000,15.8009,10.0273,8.1991
2026-06-15 16:12:39,24.0000,15.9696,10.0605,8.0304
2026-06-15 16:12:39,24.0000,15.9828,10.0841,8.0172
2026-06-15 16:12:41,24.0000,16.0951,10.0827,7.9049
2026-06-15 16:12:41,24.0000,16.1051,10.0778,7.8949
2026-06-15 16:12:43,24.0000,16.2395,9.9926,7.7605
2026-06-15 16:12:43,24.0000,16.2421,10.0467,7.7579
2026-06-15 16:12:45,24.0000,15.3696,9.5711,8.6304
2026-06-15 16:12:45,24.0000,15.3699,9.5719,8.6301
2026-06-15 16:12:47,24.0000,15.4041,9.5741,8.5959
2026-06-15 16:12:47,24.0000,15.4782,9.5850,8.5218
2026-06-15 16:12:49,24.0000,15.4971,9.6936,8.5029
2026-06-15 16:12:49,24.0000,15.5359,9.7177,8.4641
2026-06-15 16:12:51,24.0000,15.3872,9.7017,8.6128
2026-06-15 16:12:51,24.0000,15.3835,9.7021,8.6165
2026-06-15 16:12:51,24.0000,15.3836,9.7035,8.6164
2026-06-15 16:12:53,24.0000,15.4080,9.6899,8.5920
2026-06-15 16:12:53,24.0000,15.3996,9.6744,8.6004
2026-06-15 16:12:53,24.0000,15.3997,9.6744,8.6003
2026-06-15 16:12:55,24.0000,15.3616,9.7288,8.6384
2026-06-15 16:12:55,24.0000,15.3618,9.7282,8.6382
2026-06-15 16:12:55,24.0000,15.3617,9.7282,8.6383
2026-06-15 16:12:57,24.0000,15.3219,9.7236,8.6781
2026-06-15 16:12:57,24.0000,15.3210,9.7235,8.6790
2026-06-15 16:12:57,24.0000,15.3208,9.7231,8.6792
2026-06-15 16:12:59,24.0000,15.4142,9.6716,8.5858
2026-06-15 16:12:59,24.0000,15.4041,9.6945,8.5959
2026-06-15 16:12:59,24.0000,15.4031,9.6942,8.5969
2026-06-15 16:13:01,24.0000,15.3589,9.7148,8.6411
2026-06-15 16:13:01,24.0000,15.3595,9.7148,8.6405
2026-06-15 16:13:01,24.0000,15.3556,9.7148,8.6444
2026-06-15 16:13:03,24.0000,15.3251,9.7144,8.6749
2026-06-15 16:13:03,24.0000,15.3804,9.6981,8.6196
2026-06-15 16:13:03,24.0000,15.3804,9.6978,8.6196
2026-06-15 16:13:05,24.0000,15.3437,9.7084,8.6563
2026-06-15 16:13:05,24.0000,15.3457,9.7084,8.6543
2026-06-15 16:13:05,24.0000,15.3457,9.7084,8.6543
2026-06-15 16:13:07,24.0000,15.3687,9.6927,8.6313
2026-06-15 16:13:07,24.0000,15.3015,9.6754,8.6985
2026-06-15 16:13:07,24.0000,15.3053,9.6754,8.6947
2026-06-15 16:13:09,24.0000,15.3484,9.6407,8.6516
2026-06-15 16:13:09,24.0000,15.3398,9.6403,8.6602
2026-06-15 16:13:09,24.0000,15.3403,9.6398,8.6597
2026-06-15 16:13:11,24.0000,15.2937,9.6758,8.7063
2026-06-15 16:13:11,24.0000,15.2940,9.6759,8.7060
2026-06-15 16:13:11,24.0000,15.2940,9.6759,8.7060
2026-06-15 16:13:13,24.0000,15.2828,9.6774,8.7172
2026-06-15 16:13:13,24.0000,15.2816,9.6765,8.7184
2026-06-15 16:13:13,24.0000,15.2811,9.6761,8.7189
2026-06-15 16:13:15,24.0000,15.3363,9.6916,8.6637
2026-06-15 16:13:15,24.0000,15.3308,9.6910,8.6692
2026-06-15 16:13:15,24.0000,15.3308,9.6910,8.6692
2026-06-15 16:13:17,24.0000,15.3063,9.6766,8.6937
2026-06-15 16:13:17,24.0000,15.3086,9.6764,8.6914
2026-06-15 16:13:17,24.0000,15.3120,9.6761,8.6880
2026-06-15 16:13:19,24.0000,15.2863,9.6762,8.7137
2026-06-15 16:13:19,24.0000,15.3395,9.6676,8.6605
2026-06-15 16:13:19,24.0000,15.3655,9.6676,8.6345
2026-06-15 16:13:21,24.0000,15.4228,9.6942,8.5772
2026-06-15 16:13:21,24.0000,15.5058,9.7008,8.4942
2026-06-15 16:13:23,24.0000,15.5212,9.7582,8.4788
2026-06-15 16:13:23,24.0000,15.5286,9.7605,8.4714
2026-06-15 16:13:25,24.0000,15.4026,9.6879,8.5974
2026-06-15 16:13:25,24.0000,15.3984,9.7351,8.6016
2026-06-15 16:13:25,24.0000,15.3985,9.7354,8.6015
2026-06-15 16:13:27,24.0000,15.3776,9.7083,8.6224
2026-06-15 16:13:27,24.0000,15.3461,9.6989,8.6539
2026-06-15 16:13:27,24.0000,15.3460,9.7006,8.6540
2026-06-15 16:13:29,24.0000,15.3318,9.7147,8.6682
2026-06-15 16:13:29,24.0000,15.3589,9.6913,8.6411
2026-06-15 16:13:29,24.0000,15.3589,9.6913,8.6411
2026-06-15 16:13:31,24.0000,15.3556,9.7200,8.6444
2026-06-15 16:13:31,24.0000,15.3283,9.7084,8.6717
2026-06-15 16:13:31,24.0000,15.3320,9.7084,8.6680
2026-06-15 16:13:33,24.0000,15.3673,9.6816,8.6327
2026-06-15 16:13:33,24.0000,15.3528,9.6807,8.6472
2026-06-15 16:13:33,24.0000,15.3559,9.6807,8.6441
2026-06-15 16:13:35,24.0000,15.3316,9.7124,8.6684
2026-06-15 16:13:35,24.0000,15.3759,9.6916,8.6241
2026-06-15 16:13:35,24.0000,15.3781,9.6916,8.6219
2026-06-15 16:13:37,24.0000,15.3471,9.7087,8.6529
2026-06-15 16:13:37,24.0000,15.3328,9.6844,8.6672
2026-06-15 16:13:37,24.0000,15.3346,9.6842,8.6654
2026-06-15 16:13:39,24.0000,15.3173,9.7017,8.6827
2026-06-15 16:13:39,24.0000,15.3485,9.6994,8.6515
2026-06-15 16:13:39,24.0000,15.3506,9.6990,8.6494
2026-06-15 16:13:41,24.0000,15.4375,9.6768,8.5625
2026-06-15 16:13:41,24.0000,15.4389,9.7302,8.5611
2026-06-15 16:13:41,24.0000,15.4409,9.7553,8.5591
2026-06-15 16:13:43,24.0000,15.4049,9.7155,8.5951
2026-06-15 16:13:43,24.0000,15.3752,9.7168,8.6248
2026-06-15 16:13:43,24.0000,15.3777,9.7187,8.6223
2026-06-15 16:13:45,24.0000,15.3577,9.7169,8.6423
2026-06-15 16:13:45,24.0000,15.3963,9.7002,8.6037
2026-06-15 16:13:45,24.0000,15.3963,9.7002,8.6037
2026-06-15 16:13:47,24.0000,15.3922,9.7426,8.6078
2026-06-15 16:13:47,24.0000,15.3673,9.7429,8.6327
2026-06-15 16:13:47,24.0000,15.3742,9.7446,8.6258
2026-06-15 16:13:49,24.0000,15.3541,9.7398,8.6459
2026-06-15 16:13:49,24.0000,15.3381,9.7397,8.6619
2026-06-15 16:13:49,24.0000,15.3400,9.7397,8.6600
2026-06-15 16:13:51,24.0000,15.3858,9.7232,8.6142
2026-06-15 16:13:51,24.0000,15.3802,9.7230,8.6198
2026-06-15 16:13:51,24.0000,15.3819,9.7375,8.6181
2026-06-15 16:13:53,24.0000,15.3508,9.7284,8.6492
2026-06-15 16:13:53,24.0000,15.3339,9.7225,8.6661
2026-06-15 16:13:53,24.0000,15.3350,9.7225,8.6650
2026-06-15 16:13:55,24.0000,15.3241,9.7239,8.6759
2026-06-15 16:13:55,24.0000,15.3143,9.7238,8.6857
2026-06-15 16:13:55,24.0000,15.3143,9.7238,8.6857
2026-06-15 16:13:57,24.0000,15.3697,9.7298,8.6303
2026-06-15 16:13:57,24.0000,15.3468,9.7238,8.6532
2026-06-15 16:13:57,24.0000,15.3490,9.7375,8.6510
2026-06-15 16:13:59,24.0000,15.3406,9.7270,8.6594
2026-06-15 16:13:59,24.0000,15.3267,9.7270,8.6733
2026-06-15 16:13:59,24.0000,15.3277,9.7304,8.6723
2026-06-15 16:14:01,24.0000,15.3206,9.7244,8.6794
2026-06-15 16:14:01,24.0000,15.3716,9.7147,8.6284
2026-06-15 16:14:01,24.0000,15.3730,9.7147,8.6270
2026-06-15 16:14:03,24.0000,15.4707,9.7356,8.5293
2026-06-15 16:14:03,24.0000,15.5062,9.7243,8.4938
2026-06-15 16:14:03,24.0000,15.5072,9.7243,8.4928
2026-06-15 16:14:05,24.0000,15.4790,9.7808,8.5210
2026-06-15 16:14:05,24.0000,15.4419,9.7727,8.5581
2026-06-15 16:14:05,24.0000,15.4429,9.7726,8.5571
2026-06-15 16:14:07,24.0000,15.4062,9.7106,8.5938
2026-06-15 16:14:07,24.0000,15.3961,9.7427,8.6039
2026-06-15 16:14:07,24.0000,15.3975,9.7426,8.6025
2026-06-15 16:14:09,24.0000,15.3698,9.7341,8.6302
2026-06-15 16:14:09,24.0000,15.3537,9.7334,8.6463
2026-06-15 16:14:09,24.0000,15.3560,9.7334,8.6440
2026-06-15 16:14:11,24.0000,15.3359,9.7329,8.6641
2026-06-15 16:14:11,24.0000,15.4156,9.7124,8.5844
2026-06-15 16:14:11,24.0000,15.4165,9.7124,8.5835
2026-06-15 16:14:13,24.0000,15.4222,9.7068,8.5778
2026-06-15 16:14:13,24.0000,15.4300,9.7161,8.5700
2026-06-15 16:14:13,24.0000,15.4180,9.7090,8.5820
2026-06-15 16:14:15,24.0000,15.3852,9.7231,8.6148
2026-06-15 16:14:15,24.0000,15.3812,9.7159,8.6188
2026-06-15 16:14:15,24.0000,15.3814,9.7159,8.6186
2026-06-15 16:14:17,24.0000,15.4307,9.7091,8.5693
2026-06-15 16:14:17,24.0000,15.4183,9.7034,8.5817
2026-06-15 16:14:17,24.0000,15.4197,9.7032,8.5803
2026-06-15 16:14:19,24.0000,15.3866,9.7349,8.6134
2026-06-15 16:14:19,24.0000,15.3934,9.7308,8.6066
2026-06-15 16:14:19,24.0000,15.3951,9.7308,8.6049
2026-06-15 16:14:21,24.0000,15.3734,9.7307,8.6266
2026-06-15 16:14:21,24.0000,15.3579,9.7340,8.6421
2026-06-15 16:14:21,24.0000,15.3731,9.7251,8.6269
2026-06-15 16:14:23,24.0000,15.4295,9.7089,8.5705
2026-06-15 16:14:23,24.0000,15.4085,9.7402,8.5915
2026-06-15 16:14:23,24.0000,15.4115,9.7399,8.5885
2026-06-15 16:14:25,24.0000,15.3830,9.7312,8.6170
2026-06-15 16:14:25,24.0000,15.3651,9.7311,8.6349
2026-06-15 16:14:25,24.0000,15.3275,9.7012,8.6725
2026-06-15 16:14:27,24.0000,15.3692,9.6308,8.6308
2026-06-15 16:14:27,24.0000,15.3729,9.6310,8.6271
2026-06-15 16:14:29,24.0000,15.5193,9.7615,8.4807
2026-06-15 16:14:29,24.0000,15.5655,9.7835,8.4345
2026-06-15 16:14:31,24.0000,15.3496,9.6985,8.6504
2026-06-15 16:14:31,24.0000,15.3427,9.6991,8.6573
2026-06-15 16:14:31,24.0000,15.3412,9.6992,8.6588
2026-06-15 16:14:33,24.0000,15.3866,9.6979,8.6134
2026-06-15 16:14:33,24.0000,15.3875,9.6976,8.6125
2026-06-15 16:14:33,24.0000,15.3764,9.7037,8.6236
2026-06-15 16:14:35,24.0000,15.4100,9.7249,8.5900
2026-06-15 16:14:35,24.0000,15.3935,9.7182,8.6065
2026-06-15 16:14:35,24.0000,15.3932,9.7179,8.6068
2026-06-15 16:14:37,24.0000,15.3611,9.7465,8.6389
2026-06-15 16:14:37,24.0000,15.4112,9.7384,8.5888
2026-06-15 16:14:37,24.0000,15.4199,9.7312,8.5801
2026-06-15 16:14:39,24.0000,15.4440,9.7175,8.5560
2026-06-15 16:14:39,24.0000,15.4414,9.7170,8.5586
2026-06-15 16:14:39,24.0000,15.4414,9.7170,8.5586
2026-06-15 16:14:41,24.0000,15.3950,9.7660,8.6050
2026-06-15 16:14:41,24.0000,15.3937,9.7659,8.6063
2026-06-15 16:14:41,24.0000,15.3937,9.7659,8.6063
2026-06-15 16:14:43,24.0000,15.4178,9.7470,8.5822
2026-06-15 16:14:43,24.0000,15.4144,9.7457,8.5856
2026-06-15 16:14:43,24.0000,15.4143,9.7457,8.5857
2026-06-15 16:14:45,24.0000,15.3764,9.7513,8.6236
2026-06-15 16:14:45,24.0000,15.3743,9.7513,8.6257
2026-06-15 16:14:45,24.0000,15.3743,9.7513,8.6257
2026-06-15 16:14:47,24.0000,15.3494,9.7511,8.6506
2026-06-15 16:14:47,24.0000,15.3663,9.7144,8.6337
2026-06-15 16:14:47,24.0000,15.3357,9.7144,8.6643
2026-06-15 16:14:49,24.0000,15.3728,9.7044,8.6272
2026-06-15 16:14:49,24.0000,15.3657,9.7323,8.6343
2026-06-15 16:14:49,24.0000,15.3654,9.7323,8.6346
2026-06-15 16:14:51,24.0000,15.3252,9.7284,8.6748
2026-06-15 16:14:51,24.0000,15.3456,9.7277,8.6544
2026-06-15 16:14:51,24.0000,15.3444,9.7277,8.6556
2026-06-15 16:14:53,24.0000,15.3294,9.6289,8.6706
2026-06-15 16:14:53,24.0000,15.3294,9.6272,8.6706
2026-06-15 16:14:55,24.0000,15.4082,9.7335,8.5918
2026-06-15 16:14:55,24.0000,15.4207,9.7373,8.5793
2026-06-15 16:14:57,24.0000,15.3969,9.7204,8.6031
2026-06-15 16:14:57,24.0000,15.3973,9.7203,8.6027
2026-06-15 16:14:58,24.0000,15.3974,9.7206,8.6026
2026-06-15 16:14:59,24.0000,15.4352,9.7083,8.5648
2026-06-15 16:14:59,24.0000,15.4354,9.7357,8.5646
2026-06-15 16:15:00,24.0000,15.4359,9.7363,8.5641
2026-06-15 16:15:01,24.0000,15.3637,9.7514,8.6363
2026-06-15 16:15:01,24.0000,15.3737,9.7414,8.6263
2026-06-15 16:15:02,24.0000,15.3739,9.7414,8.6261
2026-06-15 16:15:03,24.0000,15.3268,9.7178,8.6732
2026-06-15 16:15:03,24.0000,15.4300,9.6912,8.5700
2026-06-15 16:15:04,24.0000,15.3809,9.6908,8.6191
2026-06-15 16:15:05,24.0000,15.3553,9.7260,8.6447
2026-06-15 16:15:05,24.0000,15.3720,9.7266,8.6280
2026-06-15 16:15:06,24.0000,15.3720,9.7266,8.6280
2026-06-15 16:15:07,24.0000,15.3729,9.7519,8.6271
2026-06-15 16:15:07,24.0000,15.3854,9.7444,8.6146
2026-06-15 16:15:08,24.0000,15.3855,9.7428,8.6145
2026-06-15 16:15:09,24.0000,15.4165,9.7190,8.5835
2026-06-15 16:15:09,24.0000,15.4161,9.7180,8.5839
2026-06-15 16:15:10,24.0000,15.4163,9.7180,8.5837
2026-06-15 16:15:11,24.0000,15.3602,9.7573,8.6398
2026-06-15 16:15:11,24.0000,15.3726,9.7481,8.6274
2026-06-15 16:15:12,24.0000,15.3726,9.7481,8.6274
2026-06-15 16:15:13,24.0000,15.3727,9.7044,8.6273
2026-06-15 16:15:13,24.0000,15.3417,9.7040,8.6583
2026-06-15 16:15:14,24.0000,15.3416,9.7039,8.6584
2026-06-15 16:15:15,24.0000,15.3801,9.7565,8.6199
2026-06-15 16:15:15,24.0000,15.3925,9.7492,8.6075
2026-06-15 16:15:16,24.0000,15.3929,9.7493,8.6071
2026-06-15 16:15:17,24.0000,15.3349,9.7451,8.6651
2026-06-15 16:15:17,24.0000,15.3472,9.7337,8.6528
2026-06-15 16:15:18,24.0000,15.3472,9.7337,8.6528
2026-06-15 16:15:19,24.0000,15.3806,9.7157,8.6194
2026-06-15 16:15:19,24.0000,15.3809,9.7156,8.6191
2026-06-15 16:15:20,24.0000,15.3808,9.7156,8.6192
2026-06-15 16:15:21,24.0000,15.3594,9.7283,8.6406
2026-06-15 16:15:21,24.0000,15.3598,9.7257,8.6402
2026-06-15 16:15:22,24.0000,15.3599,9.7257,8.6401
2026-06-15 16:15:23,24.0000,15.3351,9.7255,8.6649
2026-06-15 16:15:23,24.0000,15.3352,9.7255,8.6648
2026-06-15 16:15:24,24.0000,15.3352,9.7255,8.6648
2026-06-15 16:15:25,24.0000,15.3443,9.6865,8.6557
2026-06-15 16:15:25,24.0000,15.3444,9.6865,8.6556
2026-06-15 16:15:26,24.0000,15.3441,9.7145,8.6559
2026-06-15 16:15:27,24.0000,15.2983,9.7289,8.7017
2026-06-15 16:15:27,24.0000,15.3108,9.7197,8.6892
2026-06-15 16:15:28,24.0000,15.3108,9.7197,8.6892
2026-06-15 16:15:29,24.0000,15.2794,9.7197,8.7206
2026-06-15 16:15:29,24.0000,15.2916,9.7193,8.7084
2026-06-15 16:15:30,24.0000,15.2924,9.7191,8.7076
2026-06-15 16:15:31,24.0000,15.3147,9.7236,8.6853
2026-06-15 16:15:31,24.0000,15.3271,9.7172,8.6729
2026-06-15 16:15:32,24.0000,15.3271,9.7172,8.6729
2026-06-15 16:15:33,24.0000,15.2931,9.7243,8.7069
2026-06-15 16:15:33,24.0000,15.3054,9.7169,8.6946
2026-06-15 16:15:34,24.0000,15.3052,9.7169,8.6948
2026-06-15 16:15:35,24.0000,15.3573,9.6960,8.6427
2026-06-15 16:15:35,24.0000,15.3566,9.6959,8.6434
2026-06-15 16:15:36,24.0000,15.3569,9.6960,8.6431
2026-06-15 16:15:37,24.0000,15.3110,9.7252,8.6890
2026-06-15 16:15:37,24.0000,15.3194,9.7139,8.6806
2026-06-15 16:15:38,24.0000,15.3364,9.6744,8.6636
2026-06-15 16:15:39,24.0000,15.2504,9.6426,8.7496
2026-06-15 16:15:39,24.0000,15.2503,9.6427,8.7497
2026-06-15 16:15:41,24.0000,15.3306,9.6976,8.6694
2026-06-15 16:15:41,24.0000,15.3438,9.7007,8.6562
2026-06-15 16:15:43,24.0000,15.3455,9.6990,8.6545
2026-06-15 16:15:43,24.0000,15.3484,9.6986,8.6516
2026-06-15 16:15:44,24.0000,15.3422,9.6991,8.6578
2026-06-15 16:15:45,24.0000,15.4083,9.6803,8.5917
2026-06-15 16:15:45,24.0000,15.4105,9.6725,8.5895
2026-06-15 16:15:46,24.0000,15.4036,9.6705,8.5964
2026-06-15 16:15:47,24.0000,15.4214,9.7235,8.5786
2026-06-15 16:15:47,24.0000,15.4204,9.7229,8.5796
2026-06-15 16:15:49,24.0000,15.4674,9.7311,8.5326
2026-06-15 16:15:49,24.0000,15.5605,9.7409,8.4395
2026-06-15 16:15:51,24.0000,15.6201,9.7660,8.3799
2026-06-15 16:15:51,24.0000,15.6313,9.7699,8.3687
2026-06-15 16:15:52,24.0000,15.4902,9.7339,8.5098
2026-06-15 16:15:53,24.0000,15.4760,9.7841,8.5240
2026-06-15 16:15:53,24.0000,15.4760,9.7843,8.5240
2026-06-15 16:15:54,24.0000,15.4558,9.7684,8.5442
2026-06-15 16:15:55,24.0000,15.4236,9.7593,8.5764
2026-06-15 16:15:55,24.0000,15.4235,9.7592,8.5765
2026-06-15 16:15:56,24.0000,15.4835,9.7506,8.5165
2026-06-15 16:15:57,24.0000,15.3486,9.7732,8.6514
2026-06-15 16:15:57,24.0000,15.3471,9.7732,8.6529
2026-06-15 16:15:58,24.0000,15.3795,9.7191,8.6205
2026-06-15 16:15:59,24.0000,15.3667,9.7180,8.6333
2026-06-15 16:15:59,24.0000,15.3645,9.7471,8.6355
2026-06-15 16:16:00,24.0000,15.3434,9.7437,8.6566
2026-06-15 16:16:01,24.0000,15.3942,9.7316,8.6058
2026-06-15 16:16:01,24.0000,15.3942,9.7316,8.6058
2026-06-15 16:16:02,24.0000,15.4830,9.7803,8.5170
2026-06-15 16:16:03,24.0000,15.5534,9.7773,8.4466
2026-06-15 16:16:03,24.0000,15.5563,9.7871,8.4437
2026-06-15 16:16:04,24.0000,15.4841,9.8269,8.5159
2026-06-15 16:16:05,24.0000,15.4585,9.8181,8.5415
2026-06-15 16:16:05,24.0000,15.4574,9.8277,8.5426
2026-06-15 16:16:06,24.0000,15.4978,9.8056,8.5022
2026-06-15 16:16:07,24.0000,15.4855,9.8055,8.5145
2026-06-15 16:16:07,24.0000,15.4855,9.8426,8.5145
2026-06-15 16:16:08,24.0000,15.4633,9.8336,8.5367
2026-06-15 16:16:09,24.0000,15.4388,9.8293,8.5612
2026-06-15 16:16:09,24.0000,15.4444,9.8293,8.5556
2026-06-15 16:16:10,24.0000,15.4250,9.8283,8.5750
2026-06-15 16:16:11,24.0000,15.4135,9.8242,8.5865
2026-06-15 16:16:11,24.0000,15.4664,9.8079,8.5336
2026-06-15 16:16:12,24.0000,15.4653,9.8203,8.5347
2026-06-15 16:16:13,24.0000,15.4382,9.8156,8.5618
2026-06-15 16:16:13,24.0000,15.4398,9.8192,8.5602
2026-06-15 16:16:14,24.0000,15.4627,9.8108,8.5373
2026-06-15 16:16:15,24.0000,15.4531,9.8065,8.5469
2026-06-15 16:16:15,24.0000,15.4531,9.8065,8.5469
2026-06-15 16:16:16,24.0000,15.4449,9.8161,8.5551
2026-06-15 16:16:17,24.0000,15.5253,9.7921,8.4747
2026-06-15 16:16:17,24.0000,15.5234,9.7878,8.4766
2026-06-15 16:16:18,24.0000,15.4808,9.7831,8.5192
2026-06-15 16:16:19,24.0000,15.5101,9.7827,8.4899
2026-06-15 16:16:19,24.0000,15.5043,9.7938,8.4957
2026-06-15 16:16:20,24.0000,15.5000,9.7874,8.5000
2026-06-15 16:16:21,24.0000,15.4889,9.7872,8.5111
2026-06-15 16:16:21,24.0000,15.4622,9.7752,8.5378
2026-06-15 16:16:22,24.0000,15.5152,9.7513,8.4848
2026-06-15 16:16:23,24.0000,15.4765,9.7970,8.5235
2026-06-15 16:16:23,24.0000,15.4765,9.7970,8.5235
2026-06-15 16:16:24,24.0000,15.4557,9.7891,8.5443
2026-06-15 16:16:25,24.0000,15.6865,9.8036,8.3135
2026-06-15 16:16:25,24.0000,15.7191,9.8206,8.2809
2026-06-15 16:16:26,24.0000,15.7758,9.8608,8.2242
2026-06-15 16:16:27,24.0000,15.8029,9.8717,8.1971
2026-06-15 16:16:27,24.0000,15.8029,9.8717,8.1971
2026-06-15 16:16:28,24.0000,15.8045,9.9115,8.1955
2026-06-15 16:16:29,24.0000,15.9815,9.8802,8.0185
2026-06-15 16:16:29,24.0000,15.9815,9.8802,8.0185
2026-06-15 16:16:30,24.0000,15.9545,9.9393,8.0455
2026-06-15 16:16:31,24.0000,15.9086,9.9256,8.0914
2026-06-15 16:16:31,24.0000,15.9086,9.9256,8.0914
2026-06-15 16:16:32,24.0000,15.9577,9.8616,8.0423
2026-06-15 16:16:33,24.0000,15.9254,9.8529,8.0746
2026-06-15 16:16:33,24.0000,15.9254,9.8528,8.0746
2026-06-15 16:16:34,24.0000,15.9227,9.8761,8.0773
2026-06-15 16:16:35,24.0000,15.8673,9.9095,8.1327
2026-06-15 16:16:35,24.0000,15.8676,9.9095,8.1324
2026-06-15 16:16:36,24.0000,15.8486,9.9099,8.1514
2026-06-15 16:16:37,24.0000,15.8351,9.9082,8.1649
2026-06-15 16:16:37,24.0000,15.8352,9.9082,8.1648
2026-06-15 16:16:38,24.0000,15.8831,9.8911,8.1169
2026-06-15 16:16:39,24.0000,15.8443,9.9134,8.1557
2026-06-15 16:16:39,24.0000,15.8443,9.9135,8.1557
2026-06-15 16:16:40,24.0000,15.8321,9.9440,8.1679
2026-06-15 16:16:41,24.0000,15.8454,9.9130,8.1546
2026-06-15 16:16:41,24.0000,15.8454,9.9130,8.1546
2026-06-15 16:16:42,24.0000,15.8421,9.9260,8.1579
2026-06-15 16:16:43,24.0000,15.8961,9.9070,8.1039
2026-06-15 16:16:43,24.0000,15.8738,9.9091,8.1262
2026-06-15 16:16:44,24.0000,15.8837,9.9128,8.1163
2026-06-15 16:16:45,24.0000,15.8557,9.9531,8.1443
2026-06-15 16:16:45,24.0000,15.8557,9.9539,8.1443
2026-06-15 16:16:46,24.0000,15.8324,9.9510,8.1676
2026-06-15 16:16:47,24.0000,15.8146,9.9477,8.1854
2026-06-15 16:16:47,24.0000,15.8145,9.9477,8.1855
2026-06-15 16:16:48,24.0000,15.8616,9.9310,8.1384
2026-06-15 16:16:49,24.0000,15.8727,9.9113,8.1273
2026-06-15 16:16:49,24.0000,15.8727,9.9113,8.1273
2026-06-15 16:16:50,24.0000,15.8574,9.9164,8.1426
2026-06-15 16:16:51,24.0000,15.8341,9.9483,8.1659
2026-06-15 16:16:51,24.0000,15.8341,9.9483,8.1659
2026-06-15 16:16:52,24.0000,15.8355,9.9111,8.1645
2026-06-15 16:16:53,24.0000,15.8588,9.9120,8.1412
2026-06-15 16:16:53,24.0000,15.8557,9.9086,8.1443
2026-06-15 16:16:54,24.0000,15.9034,9.9184,8.0966
2026-06-15 16:16:55,24.0000,15.8696,9.9521,8.1304
2026-06-15 16:16:55,24.0000,15.8696,9.9522,8.1304
2026-06-15 16:16:56,24.0000,15.8536,9.9495,8.1464
2026-06-15 16:16:57,24.0000,15.8645,9.9117,8.1355
2026-06-15 16:16:57,24.0000,15.8645,9.9117,8.1355
2026-06-15 16:16:58,24.0000,15.8529,9.9349,8.1471
2026-06-15 16:16:59,24.0000,15.8933,9.9185,8.1067
2026-06-15 16:16:59,24.0000,15.8933,9.9185,8.1067
2026-06-15 16:17:00,24.0000,14.9244,9.5094,9.0756
2026-06-15 16:17:01,24.0000,14.8786,9.5599,9.1214
2026-06-15 16:17:01,24.0000,14.8787,9.5601,9.1213
2026-06-15 16:17:02,24.0000,14.8509,9.5448,9.1491
2026-06-15 16:17:03,24.0000,14.8399,9.5377,9.1601
2026-06-15 16:17:03,24.0000,14.8393,9.5375,9.1607
2026-06-15 16:17:04,24.0000,14.8897,9.5200,9.1103
2026-06-15 16:17:05,24.0000,14.8628,9.5503,9.1372
2026-06-15 16:17:05,24.0000,14.8628,9.5499,9.1372
2026-06-15 16:17:06,24.0000,14.8451,9.5488,9.1549
2026-06-15 16:17:07,24.0000,14.8322,9.5486,9.1678
2026-06-15 16:17:07,24.0000,14.8321,9.5486,9.1679
2026-06-15 16:17:08,24.0000,14.8209,9.5472,9.1791
2026-06-15 16:17:09,24.0000,14.8091,9.4613,9.1909
2026-06-15 16:17:09,24.0000,14.8095,9.4613,9.1905
2026-06-15 16:17:10,24.0000,14.8088,9.5148,9.1912
2026-06-15 16:17:11,24.0000,14.7801,9.4993,9.2199
2026-06-15 16:17:11,24.0000,14.7801,9.4993,9.2199
2026-06-15 16:17:12,24.0000,14.7778,9.4967,9.2222
2026-06-15 16:17:13,24.0000,14.7686,9.4980,9.2314
2026-06-15 16:17:13,24.0000,14.7686,9.4980,9.2314
2026-06-15 16:17:14,24.0000,14.7988,9.4818,9.2012
2026-06-15 16:17:15,24.0000,14.7992,9.4707,9.2008
2026-06-15 16:17:15,24.0000,14.7988,9.4707,9.2012
2026-06-15 16:17:16,24.0000,14.8290,9.5031,9.1710
2026-06-15 16:17:17,24.0000,14.8093,9.5226,9.1907
2026-06-15 16:17:17,24.0000,14.8093,9.5226,9.1907
2026-06-15 16:17:18,24.0000,14.7862,9.5100,9.2138
2026-06-15 16:17:19,24.0000,14.7716,9.5097,9.2284
2026-06-15 16:17:19,24.0000,14.8244,9.4849,9.1756
2026-06-15 16:17:20,24.0000,14.8211,9.4871,9.1789
2026-06-15 16:17:21,24.0000,14.7963,9.5199,9.2037
2026-06-15 16:17:21,24.0000,14.7972,9.5199,9.2028
2026-06-15 16:17:22,24.0000,14.6718,9.4652,9.3282
2026-06-15 16:17:23,24.0000,14.6922,9.4415,9.3078
2026-06-15 16:17:23,24.0000,14.6924,9.4415,9.3076
2026-06-15 16:17:24,24.0000,14.6967,9.4414,9.3033
2026-06-15 16:17:25,24.0000,14.7403,9.4368,9.2597
2026-06-15 16:17:25,24.0000,14.7403,9.4383,9.2597
2026-06-15 16:17:26,24.0000,14.7153,9.4786,9.2847
2026-06-15 16:17:27,24.0000,14.6985,9.4795,9.3015
2026-06-15 16:17:27,24.0000,14.6986,9.4782,9.3014
2026-06-15 16:17:28,24.0000,14.6825,9.4763,9.3175
2026-06-15 16:17:29,24.0000,14.6694,9.4754,9.3306
2026-06-15 16:17:29,24.0000,14.6698,9.4754,9.3302
2026-06-15 16:17:30,24.0000,14.7274,9.4189,9.2726
2026-06-15 16:17:31,24.0000,14.6993,9.4756,9.3007
2026-06-15 16:17:31,24.0000,14.6999,9.4758,9.3001
2026-06-15 16:17:32,24.0000,14.6859,9.4767,9.3141
2026-06-15 16:17:33,24.0000,14.6737,9.4702,9.3263
2026-06-15 16:17:33,24.0000,14.6735,9.4702,9.3265
2026-06-15 16:17:34,24.0000,14.6625,9.4689,9.3375
2026-06-15 16:17:35,24.0000,14.7046,9.4496,9.2954
2026-06-15 16:17:35,24.0000,14.7044,9.4496,9.2956
2026-06-15 16:17:36,24.0000,14.7048,9.4760,9.2952
2026-06-15 16:17:37,24.0000,14.7010,9.4793,9.2990
2026-06-15 16:17:37,24.0000,14.7325,9.4840,9.2675
2026-06-15 16:17:38,24.0000,14.6901,9.4785,9.3099
2026-06-15 16:17:39,24.0000,14.6771,9.4719,9.3229
2026-06-15 16:17:39,24.0000,14.6765,9.4719,9.3235
2026-06-15 16:17:40,24.0000,14.7240,9.4547,9.2760
2026-06-15 16:17:41,24.0000,14.7244,9.4544,9.2756
2026-06-15 16:17:41,24.0000,14.7245,9.4544,9.2755
2026-06-15 16:17:42,24.0000,14.5913,9.4228,9.4087
2026-06-15 16:17:43,24.0000,14.5800,9.4192,9.4200
2026-06-15 16:17:43,24.0000,14.5799,9.4192,9.4201
2026-06-15 16:17:44,24.0000,14.5697,9.4161,9.4303
2026-06-15 16:17:45,24.0000,14.5619,9.4146,9.4381
2026-06-15 16:17:45,24.0000,14.5621,9.4146,9.4379
2026-06-15 16:17:46,24.0000,14.6212,9.3954,9.3788
2026-06-15 16:17:47,24.0000,14.5996,9.4256,9.4004
2026-06-15 16:17:47,24.0000,14.5988,9.4256,9.4012
2026-06-15 16:17:48,24.0000,14.5848,9.4207,9.4152
2026-06-15 16:17:49,24.0000,14.5753,9.4204,9.4247
2026-06-15 16:17:49,24.0000,14.5750,9.4201,9.4250
2026-06-15 16:17:50,24.0000,14.5668,9.4224,9.4332
2026-06-15 16:17:51,24.0000,14.6190,9.4055,9.3810
2026-06-15 16:17:51,24.0000,14.6191,9.4052,9.3809
2026-06-15 16:17:52,24.0000,14.5988,9.4203,9.4012
2026-06-15 16:17:53,24.0000,14.5655,9.4072,9.4345
2026-06-15 16:17:53,24.0000,14.5652,9.4071,9.4348
2026-06-15 16:17:54,24.0000,14.5555,9.4059,9.4445
2026-06-15 16:17:55,24.0000,14.5528,9.3991,9.4472
2026-06-15 16:17:55,24.0000,14.5473,9.3991,9.4527
2026-06-15 16:17:56,24.0000,14.6001,9.3805,9.3999
2026-06-15 16:17:57,24.0000,14.6007,9.3794,9.3993
2026-06-15 16:17:57,24.0000,14.6008,9.4216,9.3992
2026-06-15 16:17:58,24.0000,14.5787,9.4125,9.4213
2026-06-15 16:17:59,24.0000,14.5683,9.4109,9.4317
2026-06-15 16:17:59,24.0000,14.5675,9.4090,9.4325
2026-06-15 16:18:00,24.0000,14.4991,9.3695,9.5009
2026-06-15 16:18:01,24.0000,14.5939,9.3528,9.4061
2026-06-15 16:18:01,24.0000,14.6044,9.3527,9.3956
2026-06-15 16:18:02,24.0000,14.5828,9.4175,9.4172
2026-06-15 16:18:03,24.0000,14.6239,9.4213,9.3761
2026-06-15 16:18:03,24.0000,14.6091,9.4076,9.3909
2026-06-15 16:18:04,24.0000,14.5580,9.3992,9.4420
2026-06-15 16:18:05,24.0000,14.5405,9.4005,9.4595
2026-06-15 16:18:05,24.0000,14.5408,9.4005,9.4592
2026-06-15 16:18:06,24.0000,14.5312,9.3913,9.4688
2026-06-15 16:18:07,24.0000,14.6126,9.3581,9.3874
2026-06-15 16:18:07,24.0000,14.6122,9.3581,9.3878
2026-06-15 16:18:08,24.0000,14.5770,9.4158,9.4230
2026-06-15 16:18:09,24.0000,14.5851,9.3886,9.4149
2026-06-15 16:18:09,24.0000,14.5847,9.3911,9.4153
2026-06-15 16:18:10,24.0000,14.5605,9.4053,9.4395
2026-06-15 16:18:11,24.0000,14.5460,9.4006,9.4540
2026-06-15 16:18:11,24.0000,14.5456,9.4005,9.4544
2026-06-15 16:18:12,24.0000,14.5944,9.3837,9.4056
2026-06-15 16:18:13,24.0000,14.5687,9.4110,9.4313
2026-06-15 16:18:13,24.0000,14.5687,9.4110,9.4313
2026-06-15 16:18:14,24.0000,14.5533,9.4077,9.4467
2026-06-15 16:18:15,24.0000,14.5369,9.3994,9.4631
2026-06-15 16:18:15,24.0000,14.5364,9.3994,9.4636
2026-06-15 16:18:16,24.0000,14.5763,9.3809,9.4237
2026-06-15 16:18:17,24.0000,14.6128,9.3899,9.3872
2026-06-15 16:18:17,24.0000,14.6138,9.3878,9.3862
2026-06-15 16:18:18,24.0000,14.5860,9.4150,9.4140
2026-06-15 16:18:19,24.0000,14.5679,9.4152,9.4321
2026-06-15 16:18:19,24.0000,14.5690,9.4152,9.4310
2026-06-15 16:18:20,24.0000,14.5890,9.4242,9.4110
2026-06-15 16:18:21,24.0000,14.5791,9.4210,9.4209
2026-06-15 16:18:21,24.0000,14.5791,9.4210,9.4209
2026-06-15 16:18:22,24.0000,14.6273,9.3930,9.3727
2026-06-15 16:18:23,24.0000,14.6241,9.4399,9.3759
2026-06-15 16:18:23,24.0000,14.6241,9.4400,9.3759
2026-06-15 16:18:24,24.0000,14.6364,9.4231,9.3636
2026-06-15 16:18:25,24.0000,14.6051,9.4353,9.3949
2026-06-15 16:18:25,24.0000,14.6052,9.4351,9.3948
2026-06-15 16:18:26,24.0000,14.5877,9.4216,9.4123
2026-06-15 16:18:27,24.0000,14.5728,9.4237,9.4272
2026-06-15 16:18:27,24.0000,14.6305,9.4070,9.3695
2026-06-15 16:18:28,24.0000,14.6223,9.3890,9.3777
2026-06-15 16:18:29,24.0000,14.5975,9.4316,9.4025
2026-06-15 16:18:29,24.0000,14.5977,9.4316,9.4023
2026-06-15 16:18:30,24.0000,14.5818,9.4257,9.4182
2026-06-15 16:18:31,24.0000,14.5684,9.4185,9.4316
2026-06-15 16:18:31,24.0000,14.5682,9.4185,9.4318
2026-06-15 16:18:32,24.0000,14.5600,9.4081,9.4400
2026-06-15 16:18:33,24.0000,14.6153,9.3952,9.3847
2026-06-15 16:18:33,24.0000,14.6162,9.3952,9.3838
2026-06-15 16:18:34,24.0000,14.5917,9.4221,9.4083
2026-06-15 16:18:35,24.0000,14.5717,9.4202,9.4283
2026-06-15 16:18:35,24.0000,14.5704,9.4202,9.4296
2026-06-15 16:18:36,24.0000,14.5605,9.4137,9.4395
2026-06-15 16:18:37,24.0000,14.5662,9.3945,9.4338
2026-06-15 16:18:37,24.0000,14.5660,9.3946,9.4340
2026-06-15 16:18:38,24.0000,14.6157,9.3826,9.3843
2026-06-15 16:18:39,24.0000,14.5934,9.4278,9.4066
2026-06-15 16:18:39,24.0000,14.5934,9.4278,9.4066
2026-06-15 16:18:40,24.0000,14.5813,9.4246,9.4187
2026-06-15 16:18:41,24.0000,14.5709,9.4242,9.4291
2026-06-15 16:18:41,24.0000,14.5709,9.4243,9.4291
2026-06-15 16:18:42,24.0000,14.5565,9.4206,9.4435
2026-06-15 16:18:43,24.0000,14.6118,9.4037,9.3882
2026-06-15 16:18:43,24.0000,14.6115,9.4037,9.3885
2026-06-15 16:18:44,24.0000,14.6084,9.4307,9.3916
2026-06-15 16:18:45,24.0000,14.5867,9.4247,9.4133
2026-06-15 16:18:45,24.0000,14.5875,9.4247,9.4125
2026-06-15 16:18:47,24.0000,14.5215,9.3798,9.4785
2026-06-15 16:18:47,24.0000,14.5207,9.3797,9.4793
2026-06-15 16:18:49,24.0000,14.6809,9.4165,9.3191
2026-06-15 16:18:49,24.0000,14.7019,9.4234,9.2981
2026-06-15 16:18:51,24.0000,14.6767,9.4684,9.3233
2026-06-15 16:18:51,24.0000,14.6857,9.4702,9.3143
2026-06-15 16:18:52,24.0000,14.6847,9.4717,9.3153
2026-06-15 16:18:53,24.0000,14.6566,9.4630,9.3434
2026-06-15 16:18:53,24.0000,14.6563,9.4629,9.3437
2026-06-15 16:18:54,24.0000,14.6564,9.4629,9.3436
2026-06-15 16:18:55,24.0000,14.6634,9.4781,9.3366
2026-06-15 16:18:55,24.0000,14.6635,9.4780,9.3365
2026-06-15 16:18:56,24.0000,14.6635,9.4780,9.3365
2026-06-15 16:18:57,24.0000,14.6418,9.4701,9.3582
2026-06-15 16:18:57,24.0000,14.6418,9.4701,9.3582
2026-06-15 16:18:58,24.0000,14.6418,9.4701,9.3582
2026-06-15 16:18:59,24.0000,14.6739,9.4498,9.3261
2026-06-15 16:18:59,24.0000,14.7631,9.4049,9.2369
2026-06-15 16:19:00,24.0000,14.7631,9.4049,9.2369
2026-06-15 16:19:01,24.0000,14.6866,9.4729,9.3134
2026-06-15 16:19:01,24.0000,14.6865,9.4728,9.3135
2026-06-15 16:19:02,24.0000,14.6862,9.4727,9.3138
2026-06-15 16:19:03,24.0000,14.6593,9.4663,9.3407
2026-06-15 16:19:03,24.0000,14.6567,9.4663,9.3433
2026-06-15 16:19:04,24.0000,14.6567,9.4663,9.3433
2026-06-15 16:19:05,24.0000,14.6998,9.4749,9.3002
2026-06-15 16:19:05,24.0000,14.6999,9.4743,9.3001
2026-06-15 16:19:06,24.0000,14.7000,9.4744,9.3000
2026-06-15 16:19:07,24.0000,14.6613,9.4632,9.3387
2026-06-15 16:19:07,24.0000,14.6596,9.4632,9.3404
2026-06-15 16:19:08,24.0000,14.6636,9.4544,9.3364
2026-06-15 16:19:09,24.0000,14.6874,9.4403,9.3126
2026-06-15 16:19:09,24.0000,14.6875,9.4403,9.3125
2026-06-15 16:19:10,24.0000,14.6875,9.4403,9.3125
2026-06-15 16:19:11,24.0000,14.6588,9.4548,9.3412
2026-06-15 16:19:11,24.0000,14.6558,9.4548,9.3442
2026-06-15 16:19:12,24.0000,14.6536,9.4548,9.3464
2026-06-15 16:19:13,24.0000,14.6827,9.4466,9.3173
2026-06-15 16:19:13,24.0000,14.6830,9.4466,9.3170
2026-06-15 16:19:14,24.0000,14.6830,9.4466,9.3170
2026-06-15 16:19:15,24.0000,14.7151,9.4337,9.2849
2026-06-15 16:19:15,24.0000,14.7165,9.4337,9.2835
2026-06-15 16:19:16,24.0000,14.7153,9.4337,9.2847
2026-06-15 16:19:17,24.0000,14.6964,9.4456,9.3036
2026-06-15 16:19:17,24.0000,14.6969,9.4455,9.3031
2026-06-15 16:19:18,24.0000,14.6918,9.4455,9.3082
2026-06-15 16:19:19,24.0000,14.6567,9.4648,9.3433
2026-06-15 16:19:19,24.0000,14.6567,9.4648,9.3433
2026-06-15 16:19:20,24.0000,14.6568,9.4648,9.3432
2026-06-15 16:19:21,24.0000,14.6953,9.4538,9.3047
2026-06-15 16:19:21,24.0000,14.6958,9.4534,9.3042
2026-06-15 16:19:22,24.0000,14.6959,9.4534,9.3041
2026-06-15 16:19:23,24.0000,14.6572,9.4641,9.3428
2026-06-15 16:19:23,24.0000,14.6572,9.4641,9.3428
2026-06-15 16:19:24,24.0000,14.6572,9.4641,9.3428
2026-06-15 16:19:25,24.0000,14.7360,9.4335,9.2640
2026-06-15 16:19:25,24.0000,14.7368,9.4337,9.2632
2026-06-15 16:19:26,24.0000,14.7367,9.4337,9.2633
2026-06-15 16:19:27,24.0000,14.7031,9.4625,9.2969
2026-06-15 16:19:27,24.0000,14.7033,9.4623,9.2967
2026-06-15 16:19:28,24.0000,14.7033,9.4623,9.2967
2026-06-15 16:19:29,24.0000,14.6596,9.4622,9.3404
2026-06-15 16:19:29,24.0000,14.6597,9.4622,9.3403
2026-06-15 16:19:30,24.0000,14.6597,9.4622,9.3403
2026-06-15 16:19:31,24.0000,14.7010,9.4428,9.2990
2026-06-15 16:19:31,24.0000,14.6842,9.4668,9.3158
2026-06-15 16:19:32,24.0000,14.6853,9.4664,9.3147
2026-06-15 16:19:33,24.0000,14.6405,9.4241,9.3595
2026-06-15 16:19:33,24.0000,14.6366,9.4223,9.3634
2026-06-15 16:19:35,24.0000,14.8449,9.5364,9.1551
2026-06-15 16:19:35,24.0000,14.9021,9.5209,9.0979
2026-06-15 16:19:36,24.0000,14.7012,9.4363,9.2988
2026-06-15 16:19:37,24.0000,14.6905,9.4674,9.3095
2026-06-15 16:19:37,24.0000,14.6933,9.4669,9.3067
2026-06-15 16:19:38,24.0000,14.6799,9.4637,9.3201
2026-06-15 16:19:39,24.0000,14.8517,9.5311,9.1483
2026-06-15 16:19:39,24.0000,14.8732,9.5444,9.1268
2026-06-15 16:19:40,24.0000,14.6660,9.4557,9.3340
2026-06-15 16:19:40,24.0000,14.6660,9.4557,9.3340
2026-06-15 16:19:41,24.0000,14.7054,9.4343,9.2946
2026-06-15 16:19:41,24.0000,14.7054,9.4343,9.2946
2026-06-15 16:19:42,24.0000,14.6586,9.4484,9.3414
2026-06-15 16:19:43,24.0000,14.6754,9.4596,9.3246
2026-06-15 16:19:43,24.0000,14.6669,9.4597,9.3331
2026-06-15 16:19:44,24.0000,14.6837,9.4383,9.3163
2026-06-15 16:19:45,24.0000,14.6655,9.4686,9.3345
2026-06-15 16:19:45,24.0000,14.6628,9.4685,9.3372
2026-06-15 16:19:46,24.0000,14.7054,9.4518,9.2946
2026-06-15 16:19:47,24.0000,14.6847,9.4749,9.3153
2026-06-15 16:19:47,24.0000,14.6787,9.4727,9.3213
2026-06-15 16:19:48,24.0000,14.6643,9.4741,9.3357
2026-06-15 16:19:49,24.0000,14.6566,9.4652,9.3434
2026-06-15 16:19:49,24.0000,14.6523,9.4641,9.3477
2026-06-15 16:19:50,24.0000,14.6409,9.4632,9.3591
2026-06-15 16:19:51,24.0000,14.6928,9.4381,9.3072
2026-06-15 16:19:51,24.0000,14.6108,9.4026,9.3892
2026-06-15 16:19:53,24.0000,14.6655,9.4344,9.3345
2026-06-15 16:19:53,24.0000,14.6640,9.4658,9.3360
2026-06-15 16:19:55,24.0000,14.6508,9.4659,9.3492
2026-06-15 16:19:55,24.0000,14.6514,9.4659,9.3486
2026-06-15 16:19:56,24.0000,14.6526,9.4698,9.3474
2026-06-15 16:19:57,24.0000,14.6975,9.4391,9.3025
2026-06-15 16:19:57,24.0000,14.7008,9.4391,9.2992
2026-06-15 16:19:58,24.0000,14.7003,9.4705,9.2997
2026-06-15 16:19:59,24.0000,14.6417,9.4529,9.3583
2026-06-15 16:19:59,24.0000,14.6396,9.4528,9.3604
2026-06-15 16:20:00,24.0000,14.6434,9.4539,9.3566
2026-06-15 16:20:01,24.0000,14.6291,9.4553,9.3709
2026-06-15 16:20:01,24.0000,14.6294,9.4552,9.3706
2026-06-15 16:20:02,24.0000,14.6836,9.4386,9.3164
2026-06-15 16:20:03,24.0000,14.6502,9.4588,9.3498
2026-06-15 16:20:03,24.0000,14.6502,9.4588,9.3498
2026-06-15 16:20:04,24.0000,14.7061,9.4390,9.2939
2026-06-15 16:20:05,24.0000,14.6681,9.4872,9.3319
2026-06-15 16:20:05,24.0000,14.6681,9.4872,9.3319
2026-06-15 16:20:06,24.0000,14.6678,9.4846,9.3322
2026-06-15 16:20:07,24.0000,14.7016,9.4364,9.2984
2026-06-15 16:20:07,24.0000,14.7035,9.4338,9.2965
2026-06-15 16:20:08,24.0000,14.7112,9.4250,9.2888
2026-06-15 16:20:09,24.0000,14.6649,9.4566,9.3351
2026-06-15 16:20:09,24.0000,14.6624,9.5070,9.3376
2026-06-15 16:20:10,24.0000,14.6599,9.4759,9.3401
2026-06-15 16:20:11,24.0000,14.6242,9.5018,9.3758
2026-06-15 16:20:11,24.0000,14.6237,9.5014,9.3763
2026-06-15 16:20:12,24.0000,14.6237,9.5014,9.3763
2026-06-15 16:20:13,24.0000,14.6525,9.4487,9.3475
2026-06-15 16:20:13,24.0000,14.6483,9.4484,9.3517
2026-06-15 16:20:14,24.0000,14.6465,9.4588,9.3535
2026-06-15 16:20:15,24.0000,14.6082,9.4468,9.3918
2026-06-15 16:20:15,24.0000,14.6082,9.4468,9.3918
2026-06-15 16:20:16,24.0000,14.6159,9.4467,9.3841
2026-06-15 16:20:17,24.0000,14.6262,9.4413,9.3738
2026-06-15 16:20:17,24.0000,14.6851,9.4120,9.3149
2026-06-15 16:20:18,24.0000,14.6727,9.4223,9.3273
2026-06-15 16:20:19,24.0000,14.6554,9.4607,9.3446
2026-06-15 16:20:19,24.0000,14.6525,9.4605,9.3475
2026-06-15 16:20:20,24.0000,14.6525,9.4605,9.3475
2026-06-15 16:20:21,24.0000,14.5514,9.4173,9.4486
2026-06-15 16:20:21,24.0000,14.5489,9.4173,9.4511
2026-06-15 16:20:23,24.0000,14.6693,9.4210,9.3307
2026-06-15 16:20:23,24.0000,14.6802,9.4220,9.3198
2026-06-15 16:20:25,24.0000,14.6579,9.4731,9.3421
2026-06-15 16:20:25,24.0000,14.6579,9.4727,9.3421
2026-06-15 16:20:26,24.0000,14.6557,9.4725,9.3443
2026-06-15 16:20:27,24.0000,14.6248,9.4696,9.3752
2026-06-15 16:20:27,24.0000,14.6241,9.4690,9.3759
2026-06-15 16:20:28,24.0000,14.6230,9.4689,9.3770
2026-06-15 16:20:29,24.0000,14.6293,9.4684,9.3707
2026-06-15 16:20:29,24.0000,14.6292,9.4611,9.3708
2026-06-15 16:20:30,24.0000,14.6293,9.4611,9.3707
2026-06-15 16:20:31,24.0000,14.6020,9.4643,9.3980
2026-06-15 16:20:31,24.0000,14.6022,9.4641,9.3978
2026-06-15 16:20:32,24.0000,14.6022,9.4641,9.3978
2026-06-15 16:20:33,24.0000,14.6420,9.4230,9.3580
2026-06-15 16:20:33,24.0000,14.6414,9.4226,9.3586
2026-06-15 16:20:34,24.0000,14.7057,9.4090,9.2943
2026-06-15 16:20:35,24.0000,14.5835,9.4275,9.4165
2026-06-15 16:20:35,24.0000,14.5858,9.4274,9.4142
2026-06-15 16:20:37,24.0000,14.6398,9.4370,9.3602
2026-06-15 16:20:37,24.0000,14.6398,9.4370,9.3602
2026-06-15 16:20:39,24.0000,14.6494,9.4147,9.3506
2026-06-15 16:20:39,24.0000,14.6494,9.4146,9.3506
2026-06-15 16:20:41,24.0000,14.6055,9.4418,9.3945
2026-06-15 16:20:41,24.0000,14.5913,9.4413,9.4087
2026-06-15 16:20:43,24.0000,14.5738,9.4332,9.4262
2026-06-15 16:20:43,24.0000,14.6173,9.4163,9.3827
2026-06-15 16:20:45,24.0000,14.7230,9.4574,9.2770
2026-06-15 16:20:45,24.0000,14.8012,9.4561,9.1988
2026-06-15 16:20:47,24.0000,14.8430,9.5343,9.1570
2026-06-15 16:20:47,24.0000,14.8315,9.5343,9.1685
2026-06-15 16:20:48,24.0000,14.6559,9.4701,9.3441
2026-06-15 16:20:49,24.0000,14.7089,9.4538,9.2911
2026-06-15 16:20:49,24.0000,14.7011,9.4538,9.2989
2026-06-15 16:20:50,24.0000,14.6831,9.4767,9.3169
2026-06-15 16:20:51,24.0000,14.6698,9.5144,9.3302
2026-06-15 16:20:51,24.0000,14.6435,9.5138,9.3565
2026-06-15 16:20:52,24.0000,14.6355,9.4948,9.3645
2026-06-15 16:20:53,24.0000,14.6348,9.4926,9.3652
2026-06-15 16:20:53,24.0000,14.6263,9.4922,9.3737
2026-06-15 16:20:54,24.0000,14.6680,9.4742,9.3320
2026-06-15 16:20:55,24.0000,14.6670,9.4759,9.3330
2026-06-15 16:20:55,24.0000,14.6338,9.4706,9.3662
2026-06-15 16:20:56,24.0000,14.6752,9.4469,9.3248
2026-06-15 16:20:57,24.0000,14.6673,9.4465,9.3327
2026-06-15 16:20:57,24.0000,14.6556,9.4465,9.3444
2026-06-15 16:20:58,24.0000,14.6444,9.4671,9.3556
2026-06-15 16:20:59,24.0000,14.7078,9.4619,9.2922
2026-06-15 16:20:59,24.0000,14.7019,9.4619,9.2981
2026-06-15 16:21:00,24.0000,14.6752,9.4706,9.3248
2026-06-15 16:21:01,24.0000,14.7282,9.4685,9.2718
2026-06-15 16:21:01,24.0000,14.7126,9.4684,9.2874
2026-06-15 16:21:02,24.0000,14.7077,9.4718,9.2923
2026-06-15 16:21:03,24.0000,14.6970,9.4723,9.3030
2026-06-15 16:21:03,24.0000,14.6766,9.4914,9.3234
2026-06-15 16:21:04,24.0000,14.7491,9.4734,9.2509
2026-06-15 16:21:05,24.0000,14.7477,9.4609,9.2523
2026-06-15 16:21:05,24.0000,14.7313,9.5011,9.2687
2026-06-15 16:21:06,24.0000,14.7003,9.4870,9.2997
2026-06-15 16:21:07,24.0000,14.6959,9.4871,9.3041
2026-06-15 16:21:07,24.0000,14.6762,9.4871,9.3238
2026-06-15 16:21:08,24.0000,14.6624,9.4863,9.3376
2026-06-15 16:21:09,24.0000,14.6894,9.4819,9.3106
2026-06-15 16:21:09,24.0000,14.6781,9.4799,9.3219
2026-06-15 16:21:10,24.0000,14.7345,9.4630,9.2655
2026-06-15 16:21:11,24.0000,14.7372,9.4726,9.2628
2026-06-15 16:21:11,24.0000,14.7134,9.4671,9.2866
2026-06-15 16:21:12,24.0000,14.7073,9.4569,9.2927
2026-06-15 16:21:13,24.0000,14.7080,9.4901,9.2920
2026-06-15 16:21:13,24.0000,14.6859,9.4904,9.3141
2026-06-15 16:21:14,24.0000,14.6894,9.4830,9.3106
2026-06-15 16:21:15,24.0000,14.6521,9.4322,9.3479
2026-06-15 16:21:15,24.0000,14.6422,9.4250,9.3578
2026-06-15 16:21:17,24.0000,14.7154,9.4998,9.2846
2026-06-15 16:21:17,24.0000,14.6833,9.4962,9.3167
2026-06-15 16:21:19,24.0000,14.6844,9.4916,9.3156
2026-06-15 16:21:19,24.0000,14.6682,9.4917,9.3318
2026-06-15 16:21:20,24.0000,14.6749,9.4911,9.3251
2026-06-15 16:21:21,24.0000,14.8513,9.5399,9.1487
2026-06-15 16:21:21,24.0000,14.8440,9.5500,9.1560
2026-06-15 16:21:22,24.0000,14.8605,9.5648,9.1395
2026-06-15 16:21:23,24.0000,14.5843,9.4390,9.4157
2026-06-15 16:21:23,24.0000,14.5707,9.4381,9.4293
2026-06-15 16:21:25,24.0000,14.6716,9.4357,9.3284
2026-06-15 16:21:25,24.0000,14.6541,9.4277,9.3459
2026-06-15 16:21:27,24.0000,14.6799,9.4736,9.3201
2026-06-15 16:21:27,24.0000,14.6557,9.4695,9.3443
2026-06-15 16:21:29,24.0000,14.6893,9.4787,9.3107
2026-06-15 16:21:29,24.0000,14.6634,9.4747,9.3366
2026-06-15 16:21:31,24.0000,14.6995,9.4591,9.3005
2026-06-15 16:21:31,24.0000,14.7004,9.4567,9.2996
2026-06-15 16:21:33,24.0000,14.6497,9.4565,9.3503
2026-06-15 16:21:33,24.0000,14.6302,9.4564,9.3698
2026-06-15 16:21:35,24.0000,14.6028,9.4514,9.3972
2026-06-15 16:21:35,24.0000,14.5923,9.4498,9.4077
2026-06-15 16:21:37,24.0000,14.7829,9.5290,9.2171
2026-06-15 16:21:37,24.0000,14.8217,9.5380,9.1783
2026-06-15 16:21:39,24.0000,14.6867,9.4922,9.3133
2026-06-15 16:21:39,24.0000,14.7406,9.5016,9.2594
2026-06-15 16:21:39,24.0000,14.8355,9.5345,9.1645
2026-06-15 16:21:41,24.0000,14.7085,9.4557,9.2915
2026-06-15 16:21:41,24.0000,14.7066,9.4548,9.2934
2026-06-15 16:21:41,24.0000,14.6976,9.4547,9.3024
2026-06-15 16:21:43,24.0000,14.6544,9.4851,9.3456
2026-06-15 16:21:43,24.0000,14.6543,9.4849,9.3457
2026-06-15 16:21:43,24.0000,14.6372,9.4838,9.3628
2026-06-15 16:21:45,24.0000,14.5572,9.4248,9.4428
2026-06-15 16:21:45,24.0000,14.5565,9.4244,9.4435
2026-06-15 16:21:47,24.0000,14.7659,9.4155,9.2341
2026-06-15 16:21:47,24.0000,14.7661,9.4616,9.2339
2026-06-15 16:21:49,24.0000,14.8320,9.4893,9.1680
2026-06-15 16:21:49,24.0000,14.8026,9.5032,9.1974
2026-06-15 16:21:51,24.0000,14.9308,9.5471,9.0692
2026-06-15 16:21:51,24.0000,14.9359,9.5470,9.0641
2026-06-15 16:21:53,24.0000,14.7270,9.5200,9.2730
2026-06-15 16:21:53,24.0000,14.7272,9.5201,9.2728
2026-06-15 16:21:53,24.0000,14.7270,9.5201,9.2730
2026-06-15 16:21:55,24.0000,14.6850,9.5071,9.3150
2026-06-15 16:21:55,24.0000,14.6079,9.4667,9.3921
2026-06-15 16:21:55,24.0000,14.6079,9.4667,9.3921
2026-06-15 16:21:57,24.0000,14.6910,9.4593,9.3090
2026-06-15 16:21:57,24.0000,14.6910,9.4593,9.3090
2026-06-15 16:21:59,24.0000,14.6631,9.4511,9.3369
2026-06-15 16:21:59,24.0000,14.6626,9.4511,9.3374
2026-06-15 16:22:01,24.0000,14.7021,9.4073,9.2979
2026-06-15 16:22:01,24.0000,14.7553,9.4158,9.2447
2026-06-15 16:22:03,24.0000,14.9204,9.5785,9.0796
2026-06-15 16:22:03,24.0000,14.9353,9.5860,9.0647
2026-06-15 16:22:05,24.0000,14.7161,9.5222,9.2839
2026-06-15 16:22:05,24.0000,14.7161,9.5220,9.2839
2026-06-15 16:22:05,24.0000,14.7161,9.5220,9.2839
2026-06-15 16:22:07,24.0000,14.6771,9.5202,9.3229
2026-06-15 16:22:07,24.0000,14.7380,9.4953,9.2620
2026-06-15 16:22:07,24.0000,14.7320,9.4953,9.2680
2026-06-15 16:22:09,24.0000,14.6873,9.5013,9.3127
2026-06-15 16:22:09,24.0000,14.6845,9.5006,9.3155
2026-06-15 16:22:09,24.0000,14.6845,9.5006,9.3155
2026-06-15 16:22:11,24.0000,14.6462,9.4999,9.3538
2026-06-15 16:22:11,24.0000,14.6763,9.4946,9.3237
2026-06-15 16:22:11,24.0000,14.6761,9.4945,9.3239
2026-06-15 16:22:13,24.0000,14.7596,9.4633,9.2404
2026-06-15 16:22:13,24.0000,14.7994,9.4427,9.2006
2026-06-15 16:22:13,24.0000,14.7994,9.4427,9.2006
2026-06-15 16:22:15,24.0000,14.7541,9.4821,9.2459
2026-06-15 16:22:15,24.0000,14.7390,9.4808,9.2610
2026-06-15 16:22:15,24.0000,14.7377,9.4801,9.2623
2026-06-15 16:22:17,24.0000,14.7040,9.4796,9.2960
2026-06-15 16:22:17,24.0000,14.7049,9.4794,9.2951
2026-06-15 16:22:17,24.0000,14.7036,9.4794,9.2964
2026-06-15 16:22:19,24.0000,14.7434,9.4612,9.2566
2026-06-15 16:22:19,24.0000,14.7265,9.4732,9.2735
2026-06-15 16:22:19,24.0000,14.7509,9.4762,9.2491
2026-06-15 16:22:21,24.0000,14.6825,9.4618,9.3175
2026-06-15 16:22:21,24.0000,14.6888,9.4333,9.3112
2026-06-15 16:22:21,24.0000,14.6702,9.4299,9.3298
2026-06-15 16:22:23,24.0000,14.6444,9.4319,9.3556
2026-06-15 16:22:23,24.0000,14.6914,9.4209,9.3086
2026-06-15 16:22:23,24.0000,14.6703,9.4210,9.3297
2026-06-15 16:22:25,24.0000,14.6418,9.4579,9.3582
2026-06-15 16:22:25,24.0000,14.6391,9.4578,9.3609
2026-06-15 16:22:25,24.0000,14.6389,9.4578,9.3611
2026-06-15 16:22:27,24.0000,14.6190,9.4541,9.3810
2026-06-15 16:22:27,24.0000,14.6165,9.4539,9.3835
2026-06-15 16:22:27,24.0000,14.6178,9.4538,9.3822
2026-06-15 16:22:29,24.0000,14.6616,9.4357,9.3384
2026-06-15 16:22:29,24.0000,14.6613,9.4357,9.3387
2026-06-15 16:22:29,24.0000,14.6589,9.4627,9.3411
2026-06-15 16:22:31,24.0000,14.6281,9.4573,9.3719
2026-06-15 16:22:31,24.0000,14.6281,9.4572,9.3719
2026-06-15 16:22:31,24.0000,14.6277,9.4571,9.3723
2026-06-15 16:22:33,24.0000,14.6101,9.4552,9.3899
2026-06-15 16:22:33,24.0000,14.6619,9.4387,9.3381
2026-06-15 16:22:33,24.0000,14.6619,9.4387,9.3381
2026-06-15 16:22:35,24.0000,14.6423,9.4570,9.3577
2026-06-15 16:22:35,24.0000,14.6424,9.4569,9.3576
2026-06-15 16:22:35,24.0000,14.6423,9.4569,9.3577
2026-06-15 16:22:37,24.0000,14.6163,9.4498,9.3837
2026-06-15 16:22:37,24.0000,14.6165,9.4487,9.3835
2026-06-15 16:22:37,24.0000,14.6172,9.4487,9.3828
2026-06-15 16:22:39,24.0000,14.6597,9.4320,9.3403
2026-06-15 16:22:39,24.0000,14.6657,9.4320,9.3343
2026-06-15 16:22:39,24.0000,14.6655,9.4320,9.3345
2026-06-15 16:22:41,24.0000,14.6652,9.4392,9.3348
2026-06-15 16:22:41,24.0000,14.6667,9.4412,9.3333
2026-06-15 16:22:41,24.0000,14.6668,9.4414,9.3332
2026-06-15 16:22:43,24.0000,14.6373,9.4601,9.3627
2026-06-15 16:22:43,24.0000,14.6625,9.4354,9.3375
2026-06-15 16:22:43,24.0000,14.6626,9.4354,9.3374
2026-06-15 16:22:45,24.0000,14.7139,9.4287,9.2861
2026-06-15 16:22:45,24.0000,14.7082,9.4784,9.2918
2026-06-15 16:22:45,24.0000,14.7089,9.4790,9.2911
2026-06-15 16:22:47,24.0000,14.6095,9.4322,9.3905
2026-06-15 16:22:47,24.0000,14.6162,9.4322,9.3838
2026-06-15 16:22:49,24.0000,14.7201,9.4313,9.2799
2026-06-15 16:22:49,24.0000,14.7292,9.4409,9.2708
2026-06-15 16:22:51,24.0000,14.6597,9.4705,9.3403
2026-06-15 16:22:51,24.0000,14.6575,9.4708,9.3425
2026-06-15 16:22:53,24.0000,14.6280,9.4518,9.3720
2026-06-15 16:22:53,24.0000,14.6275,9.4493,9.3725
2026-06-15 16:22:55,24.0000,14.6548,9.4268,9.3452
2026-06-15 16:22:55,24.0000,14.6545,9.4251,9.3455
2026-06-15 16:22:57,24.0000,14.6078,9.4404,9.3922
2026-06-15 16:22:57,24.0000,14.6084,9.4400,9.3916
2026-06-15 16:22:59,24.0000,14.7056,9.4317,9.2944
2026-06-15 16:22:59,24.0000,14.6979,9.4279,9.3021
2026-06-15 16:23:01,24.0000,14.8775,9.5521,9.1225
2026-06-15 16:23:01,24.0000,14.8952,9.5579,9.1048
2026-06-15 16:23:02,24.0000,14.6966,9.4792,9.3034
2026-06-15 16:23:03,24.0000,14.6786,9.4779,9.3214
2026-06-15 16:23:03,24.0000,14.6800,9.4778,9.3200
2026-06-15 16:23:04,24.0000,14.8377,9.5192,9.1623
2026-06-15 16:23:05,24.0000,14.7279,9.4595,9.2721
2026-06-15 16:23:05,24.0000,14.7245,9.4592,9.2755
2026-06-15 16:23:06,24.0000,14.7229,9.4582,9.2771
2026-06-15 16:23:06,24.0000,14.6914,9.4834,9.3086
2026-06-15 16:23:07,24.0000,14.6882,9.4714,9.3118
2026-06-15 16:23:07,24.0000,14.6875,9.4714,9.3125
2026-06-15 16:23:08,24.0000,14.6872,9.4714,9.3128
2026-06-15 16:23:08,24.0000,14.6693,9.4707,9.3307
2026-06-15 16:23:09,24.0000,14.6495,9.4673,9.3505
2026-06-15 16:23:09,24.0000,14.6491,9.4670,9.3509
2026-06-15 16:23:10,24.0000,14.6496,9.4669,9.3504
2026-06-15 16:23:10,24.0000,14.7602,9.4308,9.2398
2026-06-15 16:23:11,24.0000,14.7592,9.5120,9.2408
2026-06-15 16:23:11,24.0000,14.7589,9.5124,9.2411
2026-06-15 16:23:12,24.0000,14.7590,9.5141,9.2410
2026-06-15 16:23:12,24.0000,14.7260,9.5005,9.2740
2026-06-15 16:23:13,24.0000,14.7086,9.4981,9.2914
2026-06-15 16:23:13,24.0000,14.7086,9.4981,9.2914
2026-06-15 16:23:14,24.0000,14.7085,9.4981,9.2915
2026-06-15 16:23:14,24.0000,14.6851,9.4978,9.3149
2026-06-15 16:23:15,24.0000,14.7241,9.4803,9.2759
2026-06-15 16:23:15,24.0000,14.7240,9.4803,9.2760
2026-06-15 16:23:16,24.0000,14.7240,9.4803,9.2760
2026-06-15 16:23:16,24.0000,14.7198,9.4800,9.2802
2026-06-15 16:23:17,24.0000,14.6909,9.4852,9.3091
2026-06-15 16:23:17,24.0000,14.6880,9.4852,9.3120
2026-06-15 16:23:18,24.0000,14.6879,9.4852,9.3121
2026-06-15 16:23:18,24.0000,14.6818,9.4633,9.3182
2026-06-15 16:23:19,24.0000,14.6677,9.4596,9.3323
2026-06-15 16:23:19,24.0000,14.6675,9.4596,9.3325
2026-06-15 16:23:20,24.0000,14.6675,9.4596,9.3325
2026-06-15 16:23:20,24.0000,14.6753,9.4556,9.3247
2026-06-15 16:23:21,24.0000,14.7150,9.4387,9.2850
2026-06-15 16:23:21,24.0000,14.7151,9.4792,9.2849
2026-06-15 16:23:22,24.0000,14.7171,9.4797,9.2829
2026-06-15 16:23:22,24.0000,14.6896,9.4715,9.3104
2026-06-15 16:23:23,24.0000,14.6790,9.4679,9.3210
2026-06-15 16:23:23,24.0000,14.6788,9.4679,9.3212
2026-06-15 16:23:24,24.0000,14.6777,9.4679,9.3223
2026-06-15 16:23:24,24.0000,14.6673,9.4677,9.3327
2026-06-15 16:23:25,24.0000,14.6599,9.4670,9.3401
2026-06-15 16:23:25,24.0000,14.6590,9.4671,9.3410
2026-06-15 16:23:26,24.0000,14.6586,9.4671,9.3414
2026-06-15 16:23:26,24.0000,14.7213,9.4507,9.2787
2026-06-15 16:23:27,24.0000,14.7217,9.4864,9.2783
2026-06-15 16:23:27,24.0000,14.7199,9.4864,9.2801
2026-06-15 16:23:28,24.0000,14.7229,9.4855,9.2771
2026-06-15 16:23:28,24.0000,14.6985,9.4757,9.3015
2026-06-15 16:23:29,24.0000,14.6834,9.4736,9.3166
2026-06-15 16:23:29,24.0000,14.6821,9.4735,9.3179
2026-06-15 16:23:30,24.0000,14.6823,9.4736,9.3177
2026-06-15 16:23:30,24.0000,14.6714,9.4733,9.3286
2026-06-15 16:23:31,24.0000,14.7137,9.4550,9.2863
2026-06-15 16:23:31,24.0000,14.7138,9.4550,9.2862
2026-06-15 16:23:32,24.0000,14.7134,9.4550,9.2866
2026-06-15 16:23:32,24.0000,14.7001,9.4660,9.2999
2026-06-15 16:23:33,24.0000,14.6863,9.4677,9.3137
2026-06-15 16:23:33,24.0000,14.6848,9.4677,9.3152
2026-06-15 16:23:34,24.0000,14.6852,9.4675,9.3148
2026-06-15 16:23:34,24.0000,14.6852,9.4675,9.3148
2026-06-15 16:23:35,24.0000,14.6604,9.4636,9.3396
2026-06-15 16:23:35,24.0000,14.6603,9.4636,9.3397
2026-06-15 16:23:36,24.0000,14.6603,9.4636,9.3397
2026-06-15 16:23:36,24.0000,14.7097,9.4426,9.2903
2026-06-15 16:23:37,24.0000,14.7109,9.4849,9.2891
2026-06-15 16:23:37,24.0000,14.7082,9.4849,9.2918
2026-06-15 16:23:38,24.0000,14.7079,9.4849,9.2921
2026-06-15 16:23:38,24.0000,14.6864,9.4734,9.3136
2026-06-15 16:23:39,24.0000,14.6706,9.4684,9.3294
2026-06-15 16:23:39,24.0000,14.6769,9.4671,9.3231
2026-06-15 16:23:40,24.0000,14.6769,9.4671,9.3231
2026-06-15 16:23:40,24.0000,14.6651,9.4604,9.3349
2026-06-15 16:23:41,24.0000,14.7093,9.4398,9.2907
2026-06-15 16:23:41,24.0000,14.6982,9.4329,9.3018
2026-06-15 16:23:42,24.0000,14.6993,9.4329,9.3007
2026-06-15 16:23:42,24.0000,14.6780,9.4669,9.3220
2026-06-15 16:23:43,24.0000,14.7025,9.4561,9.2975
2026-06-15 16:23:43,24.0000,14.7025,9.4561,9.2975
2026-06-15 16:23:44,24.0000,14.7025,9.4561,9.2975
2026-06-15 16:23:45,24.0000,14.6740,9.4205,9.3260
2026-06-15 16:23:45,24.0000,14.6765,9.4204,9.3235
2026-06-15 16:23:47,24.0000,14.8550,9.4756,9.1450
2026-06-15 16:23:47,24.0000,14.9643,9.5181,9.0357
2026-06-15 16:23:49,24.0000,14.7238,9.4925,9.2762
2026-06-15 16:23:49,24.0000,14.7243,9.4924,9.2757
2026-06-15 16:23:49,24.0000,14.7243,9.4924,9.2757
2026-06-15 16:23:49,24.0000,14.7246,9.4923,9.2754
2026-06-15 16:23:51,24.0000,14.6943,9.4951,9.3057
2026-06-15 16:23:51,24.0000,14.6920,9.4938,9.3080
2026-06-15 16:23:51,24.0000,14.6920,9.4938,9.3080
2026-06-15 16:23:51,24.0000,14.6920,9.4937,9.3080
2026-06-15 16:23:53,24.0000,14.6537,9.4499,9.3463
2026-06-15 16:23:53,24.0000,14.6537,9.4499,9.3463
2026-06-15 16:23:55,24.0000,14.6893,9.4715,9.3107
2026-06-15 16:23:55,24.0000,14.6882,9.4715,9.3118
2026-06-15 16:23:57,24.0000,14.7930,9.4007,9.2070
2026-06-15 16:23:57,24.0000,14.7944,9.4006,9.2056
2026-06-15 16:23:59,24.0000,14.8809,9.5567,9.1191
2026-06-15 16:23:59,24.0000,14.9267,9.5747,9.0733
2026-06-15 16:24:01,24.0000,14.6671,9.4827,9.3329
2026-06-15 16:24:01,24.0000,14.6623,9.4827,9.3377
2026-06-15 16:24:03,24.0000,14.7687,9.4461,9.2313
2026-06-15 16:24:03,24.0000,14.7672,9.4921,9.2328
2026-06-15 16:24:05,24.0000,14.6868,9.4909,9.3132
2026-06-15 16:24:05,24.0000,14.6862,9.4914,9.3138
2026-06-15 16:24:07,24.0000,14.7107,9.4765,9.2893
2026-06-15 16:24:07,24.0000,14.7666,9.4668,9.2334
2026-06-15 16:24:09,24.0000,14.7754,9.4924,9.2246
2026-06-15 16:24:09,24.0000,14.7753,9.4927,9.2247
2026-06-15 16:24:10,24.0000,14.7557,9.4950,9.2443
2026-06-15 16:24:11,24.0000,14.7305,9.5205,9.2695
2026-06-15 16:24:11,24.0000,14.7305,9.5205,9.2695
2026-06-15 16:24:12,24.0000,14.7157,9.5111,9.2843
2026-06-15 16:24:13,24.0000,14.7413,9.4886,9.2587
2026-06-15 16:24:13,24.0000,14.7413,9.4886,9.2587
2026-06-15 16:24:14,24.0000,14.7034,9.5039,9.2966
2026-06-15 16:24:15,24.0000,14.6708,9.4934,9.3292
2026-06-15 16:24:15,24.0000,14.6707,9.4934,9.3293
2026-06-15 16:24:16,24.0000,14.6689,9.4933,9.3311
2026-06-15 16:24:17,24.0000,14.6260,9.4879,9.3740
2026-06-15 16:24:17,24.0000,14.6257,9.4879,9.3743
2026-06-15 16:24:18,24.0000,14.6258,9.4877,9.3742
2026-06-15 16:24:19,24.0000,14.6796,9.4731,9.3204
2026-06-15 16:24:19,24.0000,14.6874,9.4731,9.3126
2026-06-15 16:24:20,24.0000,14.6876,9.4745,9.3124
2026-06-15 16:24:21,24.0000,14.6414,9.4539,9.3586
2026-06-15 16:24:21,24.0000,14.6423,9.4539,9.3577
2026-06-15 16:24:22,24.0000,14.6426,9.4538,9.3574
2026-06-15 16:24:23,24.0000,14.6795,9.4428,9.3205
2026-06-15 16:24:23,24.0000,14.6764,9.4428,9.3236
2026-06-15 16:24:24,24.0000,14.6742,9.4424,9.3258
2026-06-15 16:24:25,24.0000,14.6534,9.4628,9.3466
2026-06-15 16:24:25,24.0000,14.6532,9.4637,9.3468
2026-06-15 16:24:26,24.0000,14.6527,9.4628,9.3473
2026-06-15 16:24:27,24.0000,14.6288,9.4574,9.3712
2026-06-15 16:24:27,24.0000,14.6286,9.4574,9.3714
2026-06-15 16:24:28,24.0000,14.6290,9.4574,9.3710
2026-06-15 16:24:29,24.0000,14.6694,9.4359,9.3306
2026-06-15 16:24:29,24.0000,14.6687,9.4359,9.3313
2026-06-15 16:24:30,24.0000,14.6687,9.4685,9.3313
2026-06-15 16:24:31,24.0000,14.6916,9.4528,9.3084
2026-06-15 16:24:31,24.0000,14.6922,9.4527,9.3078
2026-06-15 16:24:32,24.0000,14.6880,9.4527,9.3120
2026-06-15 16:24:33,24.0000,14.6767,9.4452,9.3233
2026-06-15 16:24:33,24.0000,14.6753,9.4467,9.3247
2026-06-15 16:24:34,24.0000,14.7188,9.4418,9.2812
2026-06-15 16:24:35,24.0000,14.6819,9.4805,9.3181
2026-06-15 16:24:35,24.0000,14.6794,9.4805,9.3206
2026-06-15 16:24:36,24.0000,14.6797,9.4760,9.3203
2026-06-15 16:24:37,24.0000,14.6700,9.4694,9.3300
2026-06-15 16:24:37,24.0000,14.6456,9.4595,9.3544
2026-06-15 16:24:38,24.0000,14.6469,9.4594,9.3531
2026-06-15 16:24:39,24.0000,14.7702,9.4469,9.2298
2026-06-15 16:24:39,24.0000,14.7886,9.4519,9.2114
2026-06-15 16:24:40,24.0000,14.7355,9.4477,9.2645
2026-06-15 16:24:41,24.0000,14.6824,9.4812,9.3176
2026-06-15 16:24:41,24.0000,14.6823,9.4811,9.3177
2026-06-15 16:24:42,24.0000,14.6820,9.4796,9.3180
2026-06-15 16:24:43,24.0000,14.6534,9.4651,9.3466
2026-06-15 16:24:43,24.0000,14.6507,9.4651,9.3493
2026-06-15 16:24:44,24.0000,14.6510,9.4666,9.3490
2026-06-15 16:24:45,24.0000,14.6859,9.4813,9.3141
2026-06-15 16:24:45,24.0000,14.6862,9.4814,9.3138
2026-06-15 16:24:46,24.0000,14.6889,9.4816,9.3111
2026-06-15 16:24:47,24.0000,14.6834,9.4790,9.3166
2026-06-15 16:24:47,24.0000,14.6914,9.4819,9.3086
2026-06-15 16:24:48,24.0000,14.6933,9.4785,9.3067
2026-06-15 16:24:49,24.0000,14.7281,9.4575,9.2719
2026-06-15 16:24:49,24.0000,14.7281,9.4575,9.2719
2026-06-15 16:24:50,24.0000,14.7269,9.4576,9.2731
2026-06-15 16:24:51,24.0000,14.6672,9.4781,9.3328
2026-06-15 16:24:51,24.0000,14.6672,9.4781,9.3328
2026-06-15 16:24:52,24.0000,14.6674,9.4740,9.3326
2026-06-15 16:24:53,24.0000,14.6168,9.4554,9.3832
2026-06-15 16:24:53,24.0000,14.6161,9.4554,9.3839
2026-06-15 16:24:54,24.0000,14.6302,9.4554,9.3698
2026-06-15 16:24:55,24.0000,14.6927,9.4237,9.3073
2026-06-15 16:24:55,24.0000,14.6907,9.4237,9.3093
2026-06-15 16:24:56,24.0000,14.6871,9.4570,9.3129
2026-06-15 16:24:57,24.0000,14.6395,9.4634,9.3605
2026-06-15 16:24:57,24.0000,14.6397,9.4630,9.3603
2026-06-15 16:24:58,24.0000,14.6375,9.4626,9.3625
2026-06-15 16:24:59,24.0000,14.6097,9.4616,9.3903
2026-06-15 16:24:59,24.0000,14.6086,9.4612,9.3914
2026-06-15 16:25:00,24.0000,14.6070,9.4610,9.3930
2026-06-15 16:25:01,24.0000,14.6402,9.4589,9.3598
2026-06-15 16:25:01,24.0000,14.6402,9.4592,9.3598
2026-06-15 16:25:02,24.0000,14.6456,9.4595,9.3544
2026-06-15 16:25:03,24.0000,14.6621,9.4398,9.3379
2026-06-15 16:25:03,24.0000,14.6627,9.4397,9.3373
2026-06-15 16:25:04,24.0000,14.6694,9.4412,9.3306
2026-06-15 16:25:05,24.0000,14.7063,9.4335,9.2937
2026-06-15 16:25:05,24.0000,14.7050,9.4355,9.2950
2026-06-15 16:25:06,24.0000,14.7028,9.4359,9.2972
2026-06-15 16:25:07,24.0000,14.6614,9.4758,9.3386
2026-06-15 16:25:07,24.0000,14.6614,9.4758,9.3386
2026-06-15 16:25:08,24.0000,14.6668,9.4683,9.3332
2026-06-15 16:25:09,24.0000,14.6418,9.4542,9.3582
2026-06-15 16:25:09,24.0000,14.6464,9.4604,9.3536
2026-06-15 16:25:10,24.0000,14.6405,9.4592,9.3595
2026-06-15 16:25:11,24.0000,14.6134,9.4224,9.3866
2026-06-15 16:25:11,24.0000,14.6133,9.4423,9.3867
2026-06-15 16:25:13,24.0000,14.6222,9.4441,9.3778
2026-06-15 16:25:13,24.0000,14.6364,9.4477,9.3636
2026-06-15 16:25:15,24.0000,14.6429,9.4695,9.3571
2026-06-15 16:25:15,24.0000,14.6958,9.4573,9.3042
2026-06-15 16:25:16,24.0000,14.6970,9.4576,9.3030
2026-06-15 16:25:17,24.0000,14.6819,9.4818,9.3181
2026-06-15 16:25:17,24.0000,14.6806,9.4818,9.3194
2026-06-15 16:25:18,24.0000,14.6808,9.4816,9.3192
2026-06-15 16:25:19,24.0000,14.6363,9.4721,9.3637
2026-06-15 16:25:19,24.0000,14.6355,9.4718,9.3645
2026-06-15 16:25:20,24.0000,14.6354,9.4717,9.3646
2026-06-15 16:25:21,24.0000,14.6226,9.4148,9.3774
2026-06-15 16:25:21,24.0000,14.6214,9.4148,9.3786
2026-06-15 16:25:23,24.0000,14.6455,9.4579,9.3545
2026-06-15 16:25:23,24.0000,14.6481,9.4575,9.3519
2026-06-15 16:25:25,24.0000,14.6892,9.4566,9.3108
2026-06-15 16:25:25,24.0000,14.6919,9.4566,9.3081
2026-06-15 16:25:27,24.0000,14.9315,9.5889,9.0685
2026-06-15 16:25:27,24.0000,14.9501,9.6017,9.0499
2026-06-15 16:25:28,24.0000,14.7271,9.5110,9.2729
2026-06-15 16:25:29,24.0000,14.7038,9.5103,9.2962
2026-06-15 16:25:29,24.0000,14.7038,9.5103,9.2962
2026-06-15 16:25:30,24.0000,14.6919,9.5080,9.3081
2026-06-15 16:25:31,24.0000,14.7159,9.4799,9.2841
2026-06-15 16:25:31,24.0000,14.7150,9.4794,9.2850
2026-06-15 16:25:32,24.0000,14.7059,9.4761,9.2941
2026-06-15 16:25:33,24.0000,14.6810,9.4938,9.3190
2026-06-15 16:25:33,24.0000,14.6810,9.4938,9.3190
2026-06-15 16:25:34,24.0000,14.6471,9.4870,9.3529
2026-06-15 16:25:35,24.0000,14.5716,9.4434,9.4284
2026-06-15 16:25:35,24.0000,14.5722,9.4434,9.4278
2026-06-15 16:25:37,24.0000,14.7254,9.4509,9.2746
2026-06-15 16:25:37,24.0000,14.7252,9.4509,9.2748
2026-06-15 16:25:39,24.0000,14.7158,9.4698,9.2842
2026-06-15 16:25:39,24.0000,14.7159,9.4698,9.2841
2026-06-15 16:25:41,24.0000,14.6502,9.4690,9.3498
2026-06-15 16:25:41,24.0000,14.6634,9.4634,9.3366
2026-06-15 16:25:43,24.0000,14.6773,9.4552,9.3227
2026-06-15 16:25:43,24.0000,14.6774,9.4552,9.3226
2026-06-15 16:25:45,24.0000,14.6168,9.4646,9.3832
2026-06-15 16:25:45,24.0000,14.6163,9.4648,9.3837
2026-06-15 16:25:47,24.0000,14.6264,9.4454,9.3736
2026-06-15 16:25:47,24.0000,14.6271,9.4452,9.3729
2026-06-15 16:25:49,24.0000,14.5980,9.4503,9.4020
2026-06-15 16:25:49,24.0000,14.5984,9.4503,9.4016
2026-06-15 16:25:51,24.0000,14.5699,9.4481,9.4301
2026-06-15 16:25:51,24.0000,14.5695,9.4481,9.4305
2026-06-15 16:25:53,24.0000,14.6048,9.4404,9.3952
2026-06-15 16:25:53,24.0000,14.6036,9.4469,9.3964
2026-06-15 16:25:55,24.0000,14.5694,9.4450,9.4306
2026-06-15 16:25:55,24.0000,14.5687,9.4450,9.4313
2026-06-15 16:25:57,24.0000,14.6057,9.4373,9.3943
2026-06-15 16:25:57,24.0000,14.6056,9.4372,9.3944
2026-06-15 16:25:59,24.0000,14.5869,9.4348,9.4131
2026-06-15 16:25:59,24.0000,14.5864,9.4348,9.4136
2026-06-15 16:26:01,24.0000,14.6626,9.4652,9.3374
2026-06-15 16:26:01,24.0000,14.6684,9.4667,9.3316
2026-06-15 16:26:03,24.0000,14.7167,9.4657,9.2833
2026-06-15 16:26:03,24.0000,14.7158,9.4657,9.2842
2026-06-15 16:26:04,24.0000,14.7158,9.4657,9.2842
2026-06-15 16:26:05,24.0000,14.6802,9.4888,9.3198
2026-06-15 16:26:05,24.0000,14.6801,9.4888,9.3199
2026-06-15 16:26:06,24.0000,14.6802,9.4888,9.3198
2026-06-15 16:26:07,24.0000,14.6357,9.4789,9.3643
2026-06-15 16:26:07,24.0000,14.6358,9.4789,9.3642
2026-06-15 16:26:08,24.0000,14.6358,9.4789,9.3642
2026-06-15 16:26:09,24.0000,14.6612,9.4619,9.3388
2026-06-15 16:26:09,24.0000,14.6611,9.4618,9.3389
2026-06-15 16:26:10,24.0000,14.6611,9.4618,9.3389
2026-06-15 16:26:11,24.0000,14.6326,9.4764,9.3674
2026-06-15 16:26:11,24.0000,14.6901,9.4606,9.3099
2026-06-15 16:26:12,24.0000,14.6901,9.4606,9.3099
2026-06-15 16:26:13,24.0000,14.7233,9.4677,9.2767
2026-06-15 16:26:13,24.0000,14.7236,9.4677,9.2764
2026-06-15 16:26:14,24.0000,14.7236,9.4677,9.2764
2026-06-15 16:26:15,24.0000,14.6832,9.4983,9.3168
2026-06-15 16:26:15,24.0000,14.6832,9.4983,9.3168
2026-06-15 16:26:16,24.0000,14.6832,9.4983,9.3168
2026-06-15 16:26:17,24.0000,14.6444,9.4961,9.3556
2026-06-15 16:26:17,24.0000,14.6444,9.4961,9.3556
2026-06-15 16:26:18,24.0000,14.6444,9.4961,9.3556
2026-06-15 16:26:19,24.0000,14.6786,9.4744,9.3214
2026-06-15 16:26:19,24.0000,14.6773,9.4740,9.3227
2026-06-15 16:26:20,24.0000,14.6773,9.4740,9.3227
2026-06-15 16:26:21,24.0000,14.6292,9.4719,9.3708
2026-06-15 16:26:21,24.0000,14.6293,9.4719,9.3707
2026-06-15 16:26:22,24.0000,14.6293,9.4719,9.3707
2026-06-15 16:26:23,24.0000,14.5948,9.4668,9.4052
2026-06-15 16:26:23,24.0000,14.6527,9.4508,9.3473
2026-06-15 16:26:24,24.0000,14.6527,9.4508,9.3473
2026-06-15 16:26:25,24.0000,14.6268,9.4601,9.3732
2026-06-15 16:26:25,24.0000,14.6268,9.4602,9.3732
2026-06-15 16:26:26,24.0000,14.6268,9.4602,9.3732
2026-06-15 16:26:27,24.0000,14.6021,9.4612,9.3979
2026-06-15 16:26:27,24.0000,14.6021,9.4611,9.3979
2026-06-15 16:26:28,24.0000,14.6021,9.4611,9.3979
2026-06-15 16:26:29,24.0000,14.6489,9.4533,9.3511
2026-06-15 16:26:29,24.0000,14.6485,9.4530,9.3515
2026-06-15 16:26:30,24.0000,14.6486,9.4530,9.3514
2026-06-15 16:26:31,24.0000,14.6670,9.4643,9.3330
2026-06-15 16:26:31,24.0000,14.6670,9.4643,9.3330
2026-06-15 16:26:33,24.0000,14.6478,9.4643,9.3522
2026-06-15 16:26:33,24.0000,14.6478,9.4643,9.3522
2026-06-15 16:26:35,24.0000,14.6855,9.4544,9.3145
2026-06-15 16:26:35,24.0000,14.6960,9.4768,9.3040
2026-06-15 16:26:37,24.0000,14.6806,9.4682,9.3194
2026-06-15 16:26:37,24.0000,14.6838,9.4682,9.3162
2026-06-15 16:26:39,24.0000,14.7398,9.4539,9.2602
2026-06-15 16:26:39,24.0000,14.7395,9.4539,9.2605
2026-06-15 16:26:41,24.0000,14.7198,9.4748,9.2802
2026-06-15 16:26:41,24.0000,14.7173,9.4748,9.2827
2026-06-15 16:26:43,24.0000,14.9113,9.4904,9.0887
2026-06-15 16:26:43,24.0000,14.7242,9.4544,9.2758
2026-06-15 16:26:45,24.0000,14.9376,9.5111,9.0624
2026-06-15 16:26:45,24.0000,14.9436,9.5755,9.0564
2026-06-15 16:26:47,24.0000,14.7703,9.5148,9.2297
2026-06-15 16:26:47,24.0000,14.7512,9.5143,9.2488
2026-06-15 16:26:47,24.0000,14.7517,9.5143,9.2483
2026-06-15 16:26:49,24.0000,14.7423,9.5020,9.2577
2026-06-15 16:26:49,24.0000,14.7172,9.4918,9.2828
2026-06-15 16:26:49,24.0000,14.7172,9.4940,9.2828
2026-06-15 16:26:51,24.0000,14.7723,9.4763,9.2277
2026-06-15 16:26:51,24.0000,14.7352,9.5040,9.2648
2026-06-15 16:26:51,24.0000,14.7351,9.5039,9.2649
2026-06-15 16:26:53,24.0000,14.6911,9.4708,9.3089
2026-06-15 16:26:53,24.0000,14.6902,9.4708,9.3098
2026-06-15 16:26:55,24.0000,14.7722,9.4536,9.2278
2026-06-15 16:26:55,24.0000,14.7723,9.4536,9.2277
2026-06-15 16:26:57,24.0000,14.7342,9.4877,9.2658
2026-06-15 16:26:57,24.0000,14.7299,9.4873,9.2701
2026-06-15 16:26:59,24.0000,14.7965,9.4750,9.2035
2026-06-15 16:26:59,24.0000,14.8398,9.4734,9.1602
2026-06-15 16:27:01,24.0000,14.9481,9.5722,9.0519
2026-06-15 16:27:01,24.0000,14.9459,9.5752,9.0541
2026-06-15 16:27:03,24.0000,14.7716,9.5122,9.2284
2026-06-15 16:27:03,24.0000,14.7501,9.5148,9.2499
2026-06-15 16:27:03,24.0000,14.7501,9.5148,9.2499
2026-06-15 16:27:05,24.0000,14.7279,9.5065,9.2721
2026-06-15 16:27:05,24.0000,14.7559,9.4807,9.2441
2026-06-15 16:27:05,24.0000,14.7546,9.4799,9.2454
2026-06-15 16:27:07,24.0000,14.7472,9.5036,9.2528
2026-06-15 16:27:07,24.0000,14.7256,9.4961,9.2744
2026-06-15 16:27:07,24.0000,14.7256,9.4961,9.2744
2026-06-15 16:27:09,24.0000,14.7088,9.4953,9.2912
2026-06-15 16:27:09,24.0000,14.6822,9.4913,9.3178
2026-06-15 16:27:09,24.0000,14.6914,9.4913,9.3086
2026-06-15 16:27:11,24.0000,14.7767,9.4542,9.2233
2026-06-15 16:27:11,24.0000,14.7780,9.4529,9.2220
2026-06-15 16:27:11,24.0000,14.7801,9.4529,9.2199
2026-06-15 16:27:13,24.0000,14.7483,9.4898,9.2517
2026-06-15 16:27:13,24.0000,14.7416,9.4897,9.2584
2026-06-15 16:27:13,24.0000,14.7404,9.4897,9.2596
2026-06-15 16:27:15,24.0000,14.7843,9.4796,9.2157
2026-06-15 16:27:15,24.0000,14.7738,9.4731,9.2262
2026-06-15 16:27:15,24.0000,14.7731,9.4739,9.2269
2026-06-15 16:27:17,24.0000,14.8297,9.4579,9.1703
2026-06-15 16:27:17,24.0000,14.8052,9.4931,9.1948
2026-06-15 16:27:17,24.0000,14.8030,9.4880,9.1970
2026-06-15 16:27:19,24.0000,14.6874,9.4712,9.3126
2026-06-15 16:27:19,24.0000,14.6829,9.4633,9.3171
2026-06-15 16:27:21,24.0000,14.8472,9.4762,9.1528
2026-06-15 16:27:21,24.0000,14.8625,9.4832,9.1375
2026-06-15 16:27:23,24.0000,14.7585,9.4937,9.2415
2026-06-15 16:27:23,24.0000,14.7404,9.4934,9.2596
2026-06-15 16:27:23,24.0000,14.7414,9.4934,9.2586
2026-06-15 16:27:25,24.0000,14.7227,9.4943,9.2773
2026-06-15 16:27:25,24.0000,14.7126,9.4927,9.2874
2026-06-15 16:27:25,24.0000,14.7123,9.4925,9.2877
2026-06-15 16:27:27,24.0000,14.7463,9.4701,9.2537
2026-06-15 16:27:27,24.0000,14.7398,9.4686,9.2602
2026-06-15 16:27:27,24.0000,14.7381,9.4978,9.2619
2026-06-15 16:27:29,24.0000,14.7050,9.4797,9.2950
2026-06-15 16:27:29,24.0000,14.6853,9.4797,9.3147
2026-06-15 16:27:29,24.0000,14.6856,9.4794,9.3144
2026-06-15 16:27:31,24.0000,14.7317,9.4582,9.2683
2026-06-15 16:27:31,24.0000,14.7837,9.4420,9.2163
2026-06-15 16:27:33,24.0000,14.7473,9.4950,9.2527
2026-06-15 16:27:33,24.0000,14.7477,9.4947,9.2523
2026-06-15 16:27:35,24.0000,14.7156,9.4866,9.2844
2026-06-15 16:27:35,24.0000,14.6584,9.4711,9.3416
2026-06-15 16:27:37,24.0000,14.7962,9.4491,9.2038
2026-06-15 16:27:37,24.0000,14.8021,9.4684,9.1979
2026-06-15 16:27:39,24.0000,14.9547,9.5818,9.0453
2026-06-15 16:27:39,24.0000,14.9759,9.5915,9.0241
2026-06-15 16:27:40,24.0000,14.9759,9.5915,9.0241
2026-06-15 16:27:41,24.0000,14.7352,9.5226,9.2648
2026-06-15 16:27:41,24.0000,14.7352,9.5226,9.2648
2026-06-15 16:27:42,24.0000,14.7352,9.5226,9.2648
2026-06-15 16:27:43,24.0000,14.7498,9.5175,9.2502
2026-06-15 16:27:43,24.0000,14.7491,9.5172,9.2509
2026-06-15 16:27:44,24.0000,14.7315,9.5155,9.2685
2026-06-15 16:27:45,24.0000,14.6655,9.4684,9.3345
2026-06-15 16:27:45,24.0000,14.6662,9.4679,9.3338
2026-06-15 16:27:47,24.0000,14.7625,9.4471,9.2375
2026-06-15 16:27:47,24.0000,14.7723,9.4395,9.2277
2026-06-15 16:27:49,24.0000,14.7848,9.4681,9.2152
2026-06-15 16:27:49,24.0000,14.8773,9.5106,9.1227
2026-06-15 16:27:51,24.0000,14.9181,9.5621,9.0819
2026-06-15 16:27:51,24.0000,14.9369,9.5670,9.0631
2026-06-15 16:27:53,24.0000,14.8225,9.5135,9.1775
2026-06-15 16:27:53,24.0000,14.8115,9.5133,9.1885
2026-06-15 16:27:53,24.0000,14.8115,9.5133,9.1885
2026-06-15 16:27:55,24.0000,14.7866,9.5186,9.2134
2026-06-15 16:27:55,24.0000,14.7662,9.5144,9.2338
2026-06-15 16:27:55,24.0000,14.7662,9.5143,9.2338
2026-06-15 16:27:57,24.0000,14.7354,9.5031,9.2646
2026-06-15 16:27:57,24.0000,14.7063,9.5029,9.2937
2026-06-15 16:27:57,24.0000,14.7063,9.5029,9.2937
2026-06-15 16:27:59,24.0000,14.7486,9.4913,9.2514
2026-06-15 16:27:59,24.0000,14.7178,9.4964,9.2822
2026-06-15 16:27:59,24.0000,14.7178,9.4964,9.2822
2026-06-15 16:28:01,24.0000,14.7527,9.4731,9.2473
2026-06-15 16:28:01,24.0000,14.7406,9.4727,9.2594
2026-06-15 16:28:01,24.0000,14.7401,9.4724,9.2599
2026-06-15 16:28:03,24.0000,14.7200,9.4939,9.2800
2026-06-15 16:28:03,24.0000,14.7675,9.4877,9.2325
2026-06-15 16:28:03,24.0000,14.7675,9.4877,9.2325
2026-06-15 16:28:05,24.0000,14.7405,9.5028,9.2595
2026-06-15 16:28:05,24.0000,14.7247,9.5027,9.2753
2026-06-15 16:28:05,24.0000,14.7247,9.5027,9.2753
2026-06-15 16:28:07,24.0000,14.7070,9.5014,9.2930
2026-06-15 16:28:07,24.0000,14.6971,9.5013,9.3029
2026-06-15 16:28:07,24.0000,14.6971,9.5012,9.3029
2026-06-15 16:28:09,24.0000,14.7478,9.4854,9.2522
2026-06-15 16:28:09,24.0000,14.7455,9.4849,9.2545
2026-06-15 16:28:09,24.0000,14.7452,9.4983,9.2548
2026-06-15 16:28:11,24.0000,14.7212,9.4924,9.2788
2026-06-15 16:28:11,24.0000,14.7072,9.4669,9.2928
2026-06-15 16:28:11,24.0000,14.7072,9.4670,9.2928
2026-06-15 16:28:13,24.0000,14.6985,9.4739,9.3015
2026-06-15 16:28:13,24.0000,14.7325,9.4632,9.2675
2026-06-15 16:28:13,24.0000,14.7317,9.4632,9.2683
2026-06-15 16:28:15,24.0000,14.6739,9.4548,9.3261
2026-06-15 16:28:15,24.0000,14.7467,9.4780,9.2533
2026-06-15 16:28:17,24.0000,14.8474,9.5258,9.1526
2026-06-15 16:28:17,24.0000,14.8700,9.5393,9.1300
2026-06-15 16:28:19,24.0000,14.7728,9.4733,9.2272
2026-06-15 16:28:19,24.0000,14.7723,9.4730,9.2277
2026-06-15 16:28:19,24.0000,14.7719,9.4730,9.2281
2026-06-15 16:28:21,24.0000,14.7583,9.4916,9.2417
2026-06-15 16:28:21,24.0000,14.6755,9.4552,9.3245
2026-06-15 16:28:21,24.0000,14.6694,9.4552,9.3306
2026-06-15 16:28:23,24.0000,14.7290,9.4494,9.2710
2026-06-15 16:28:23,24.0000,14.7276,9.4802,9.2724
2026-06-15 16:28:25,24.0000,14.7285,9.4895,9.2715
2026-06-15 16:28:25,24.0000,14.7302,9.4893,9.2698
2026-06-15 16:28:27,24.0000,14.7311,9.4615,9.2689
2026-06-15 16:28:27,24.0000,14.7318,9.4615,9.2682
2026-06-15 16:28:29,24.0000,14.7917,9.4642,9.2083
2026-06-15 16:28:29,24.0000,14.8020,9.4540,9.1980
2026-06-15 16:28:31,24.0000,14.7527,9.4769,9.2473
2026-06-15 16:28:31,24.0000,14.7518,9.4769,9.2482
2026-06-15 16:28:33,24.0000,14.7010,9.4830,9.2990
2026-06-15 16:28:33,24.0000,14.6997,9.4830,9.3003
2026-06-15 16:28:35,24.0000,14.7419,9.4534,9.2581
2026-06-15 16:28:35,24.0000,14.7420,9.4534,9.2580
2026-06-15 16:28:37,24.0000,14.7535,9.4991,9.2465
2026-06-15 16:28:37,24.0000,14.7639,9.4999,9.2361
2026-06-15 16:28:39,24.0000,14.7562,9.5099,9.2438
2026-06-15 16:28:39,24.0000,14.7561,9.5098,9.2439
2026-06-15 16:28:39,24.0000,14.8229,9.4935,9.1771
2026-06-15 16:28:41,24.0000,14.7887,9.5082,9.2113
2026-06-15 16:28:41,24.0000,14.7885,9.5082,9.2115
2026-06-15 16:28:41,24.0000,14.7885,9.5082,9.2115
2026-06-15 16:28:43,24.0000,14.7298,9.5031,9.2702
2026-06-15 16:28:43,24.0000,14.7298,9.5031,9.2702
2026-06-15 16:28:43,24.0000,14.7361,9.5031,9.2639
2026-06-15 16:28:45,24.0000,14.7763,9.4845,9.2237
2026-06-15 16:28:45,24.0000,14.7763,9.4845,9.2237
2026-06-15 16:28:45,24.0000,14.7765,9.4845,9.2235
2026-06-15 16:28:47,24.0000,14.7895,9.4966,9.2105
2026-06-15 16:28:47,24.0000,14.8396,9.4965,9.1604
2026-06-15 16:28:47,24.0000,14.7946,9.4945,9.2054
2026-06-15 16:28:49,24.0000,14.7355,9.4957,9.2645
2026-06-15 16:28:49,24.0000,14.7331,9.4955,9.2669
2026-06-15 16:28:51,24.0000,14.7684,9.5103,9.2316
2026-06-15 16:28:51,24.0000,14.7684,9.5041,9.2316
2026-06-15 16:28:53,24.0000,14.7510,9.4686,9.2490
2026-06-15 16:28:53,24.0000,14.7497,9.4683,9.2503
2026-06-15 16:28:55,24.0000,14.9774,9.5477,9.0226
2026-06-15 16:28:55,24.0000,14.9926,9.5497,9.0074
2026-06-15 16:28:56,24.0000,14.7888,9.5254,9.2112
2026-06-15 16:28:57,24.0000,14.7673,9.5152,9.2327
2026-06-15 16:28:57,24.0000,14.7665,9.5151,9.2335
2026-06-15 16:28:58,24.0000,14.7452,9.5146,9.2548
2026-06-15 16:28:59,24.0000,14.7208,9.5034,9.2792
2026-06-15 16:28:59,24.0000,14.7193,9.5018,9.2807
2026-06-15 16:29:00,24.0000,14.7087,9.5006,9.2913
2026-06-15 16:29:01,24.0000,14.7670,9.4834,9.2330
2026-06-15 16:29:01,24.0000,14.7670,9.4834,9.2330
2026-06-15 16:29:02,24.0000,14.7407,9.5066,9.2593
2026-06-15 16:29:03,24.0000,14.7190,9.5009,9.2810
2026-06-15 16:29:03,24.0000,14.7258,9.5001,9.2742
2026-06-15 16:29:05,24.0000,14.7351,9.4879,9.2649
2026-06-15 16:29:05,24.0000,14.7351,9.4879,9.2649
2026-06-15 16:29:07,24.0000,14.8069,9.5172,9.1931
2026-06-15 16:29:07,24.0000,14.8069,9.5172,9.1931
2026-06-15 16:29:09,24.0000,14.7527,9.5085,9.2473
2026-06-15 16:29:09,24.0000,14.7524,9.5085,9.2476
2026-06-15 16:29:11,24.0000,14.7925,9.4795,9.2075
2026-06-15 16:29:11,24.0000,14.7924,9.4795,9.2076
2026-06-15 16:29:13,24.0000,14.7494,9.5044,9.2506
2026-06-15 16:29:13,24.0000,14.7495,9.5044,9.2505
2026-06-15 16:29:15,24.0000,14.6586,9.4633,9.3414
2026-06-15 16:29:15,24.0000,14.6583,9.4633,9.3417
2026-06-15 16:29:17,24.0000,14.7745,9.5085,9.2255
2026-06-15 16:29:17,24.0000,14.7764,9.5085,9.2236
2026-06-15 16:29:19,24.0000,14.7582,9.5309,9.2418
2026-06-15 16:29:19,24.0000,14.7526,9.5254,9.2474
2026-06-15 16:29:20,24.0000,14.7517,9.5253,9.2483
2026-06-15 16:29:21,24.0000,14.8042,9.5044,9.1958
2026-06-15 16:29:21,24.0000,14.8045,9.5043,9.1955
2026-06-15 16:29:22,24.0000,14.8024,9.5041,9.1976
2026-06-15 16:29:23,24.0000,14.7468,9.5116,9.2532
2026-06-15 16:29:23,24.0000,14.7473,9.5085,9.2527
2026-06-15 16:29:24,24.0000,14.7473,9.5085,9.2527
2026-06-15 16:29:25,24.0000,14.7212,9.5054,9.2788
2026-06-15 16:29:25,24.0000,14.7214,9.5054,9.2786
2026-06-15 16:29:26,24.0000,14.7215,9.5054,9.2785
2026-06-15 16:29:27,24.0000,14.7709,9.4872,9.2291
2026-06-15 16:29:27,24.0000,14.7630,9.4872,9.2370
2026-06-15 16:29:29,24.0000,14.7823,9.5250,9.2177
2026-06-15 16:29:29,24.0000,14.7590,9.5225,9.2410
2026-06-15 16:29:31,24.0000,14.7426,9.5108,9.2574
2026-06-15 16:29:31,24.0000,14.7269,9.5075,9.2731
2026-06-15 16:29:33,24.0000,14.7807,9.5103,9.2193
2026-06-15 16:29:33,24.0000,14.7574,9.5023,9.2426
2026-06-15 16:29:35,24.0000,14.7434,9.5020,9.2566
2026-06-15 16:29:35,24.0000,14.7290,9.5014,9.2710
2026-06-15 16:29:37,24.0000,14.7745,9.4758,9.2255
2026-06-15 16:29:37,24.0000,14.7672,9.4733,9.2328
2026-06-15 16:29:39,24.0000,14.6776,9.4581,9.3224
2026-06-15 16:29:39,24.0000,14.6659,9.4580,9.3341
2026-06-15 16:29:41,24.0000,14.7684,9.4988,9.2316
2026-06-15 16:29:41,24.0000,14.7466,9.5037,9.2534
2026-06-15 16:29:43,24.0000,14.8100,9.4968,9.1900
2026-06-15 16:29:43,24.0000,14.8042,9.4968,9.1958
2026-06-15 16:29:44,24.0000,14.7825,9.5232,9.2175
2026-06-15 16:29:45,24.0000,14.7649,9.5258,9.2351
2026-06-15 16:29:45,24.0000,14.7560,9.5115,9.2440
2026-06-15 16:29:46,24.0000,14.7563,9.5107,9.2437
2026-06-15 16:29:47,24.0000,14.7283,9.5006,9.2717
2026-06-15 16:29:47,24.0000,14.7766,9.4819,9.2234
2026-06-15 16:29:48,24.0000,14.7766,9.4819,9.2234
2026-06-15 16:29:49,24.0000,14.7447,9.5121,9.2553
2026-06-15 16:29:49,24.0000,14.7291,9.5056,9.2709
2026-06-15 16:29:50,24.0000,14.7292,9.5056,9.2708
2026-06-15 16:29:51,24.0000,14.7052,9.5035,9.2948
2026-06-15 16:29:51,24.0000,14.7517,9.4736,9.2483
2026-06-15 16:29:52,24.0000,14.7508,9.4736,9.2492
2026-06-15 16:29:53,24.0000,14.8037,9.4842,9.1963
2026-06-15 16:29:53,24.0000,14.7920,9.4802,9.2080
2026-06-15 16:29:54,24.0000,14.7916,9.5284,9.2084
2026-06-15 16:29:55,24.0000,14.7637,9.5205,9.2363
2026-06-15 16:29:55,24.0000,14.7461,9.5205,9.2539
2026-06-15 16:29:56,24.0000,14.7462,9.5205,9.2538
2026-06-15 16:29:57,24.0000,14.7411,9.5182,9.2589
2026-06-15 16:29:57,24.0000,14.7297,9.5182,9.2703
2026-06-15 16:29:58,24.0000,14.7296,9.5182,9.2704
2026-06-15 16:29:59,24.0000,14.8297,9.4905,9.1703
2026-06-15 16:29:59,24.0000,14.8106,9.4824,9.1894
2026-06-15 16:30:00,24.0000,14.7553,9.4932,9.2447
2026-06-15 16:30:01,24.0000,14.7150,9.4753,9.2850
2026-06-15 16:30:01,24.0000,14.6967,9.4728,9.3033
2026-06-15 16:30:03,24.0000,14.7339,9.4564,9.2661
2026-06-15 16:30:03,24.0000,14.7340,9.4564,9.2660
2026-06-15 16:30:05,24.0000,14.7108,9.5009,9.2892
2026-06-15 16:30:05,24.0000,14.6991,9.5008,9.3009
2026-06-15 16:30:07,24.0000,14.7019,9.4692,9.2981
2026-06-15 16:30:07,24.0000,14.6943,9.4692,9.3057
2026-06-15 16:30:09,24.0000,14.7479,9.4506,9.2521
2026-06-15 16:30:09,24.0000,14.7450,9.4506,9.2550
2026-06-15 16:30:11,24.0000,14.7319,9.4893,9.2681
2026-06-15 16:30:11,24.0000,14.7201,9.4892,9.2799
2026-06-15 16:30:13,24.0000,14.7085,9.4858,9.2915
2026-06-15 16:30:13,24.0000,14.7013,9.4856,9.2987
2026-06-15 16:30:15,24.0000,14.7661,9.5044,9.2339
2026-06-15 16:30:15,24.0000,14.7451,9.4977,9.2549
2026-06-15 16:30:17,24.0000,14.6695,9.4543,9.3305
2026-06-15 16:30:17,24.0000,14.6579,9.4545,9.3421
2026-06-15 16:30:19,24.0000,14.8125,9.4752,9.1875
2026-06-15 16:30:19,24.0000,14.7974,9.4724,9.2026
2026-06-15 16:30:21,24.0000,14.7976,9.5357,9.2024
2026-06-15 16:30:21,24.0000,14.7799,9.5357,9.2201
2026-06-15 16:30:22,24.0000,14.7820,9.5353,9.2180
2026-06-15 16:30:23,24.0000,14.7639,9.5349,9.2361
2026-06-15 16:30:23,24.0000,14.7500,9.5348,9.2500
2026-06-15 16:30:24,24.0000,14.7574,9.5321,9.2426
2026-06-15 16:30:25,24.0000,14.7893,9.5035,9.2107
2026-06-15 16:30:25,24.0000,14.7635,9.5229,9.2365
2026-06-15 16:30:26,24.0000,14.7634,9.5210,9.2366
2026-06-15 16:30:27,24.0000,14.7469,9.5164,9.2531
2026-06-15 16:30:27,24.0000,14.7321,9.5164,9.2679
2026-06-15 16:30:28,24.0000,14.7315,9.5162,9.2685
2026-06-15 16:30:29,24.0000,14.7711,9.4977,9.2289
2026-06-15 16:30:29,24.0000,14.7146,9.4440,9.2854
2026-06-15 16:30:31,24.0000,14.8191,9.4901,9.1809
2026-06-15 16:30:31,24.0000,14.7995,9.4872,9.2005
2026-06-15 16:30:33,24.0000,14.8306,9.5280,9.1694
2026-06-15 16:30:33,24.0000,14.7953,9.5240,9.2047
2026-06-15 16:30:35,24.0000,14.8220,9.4958,9.1780
2026-06-15 16:30:35,24.0000,14.7920,9.4906,9.2080
2026-06-15 16:30:37,24.0000,14.7580,9.5022,9.2420
2026-06-15 16:30:37,24.0000,14.7576,9.5022,9.2424
2026-06-15 16:30:39,24.0000,14.7139,9.4908,9.2861
2026-06-15 16:30:39,24.0000,14.7138,9.4906,9.2862
2026-06-15 16:30:41,24.0000,14.7345,9.4923,9.2655
2026-06-15 16:30:41,24.0000,14.7353,9.4922,9.2647
2026-06-15 16:30:43,24.0000,14.6756,9.4784,9.3244
2026-06-15 16:30:43,24.0000,14.6770,9.4784,9.3230
2026-06-15 16:30:45,24.0000,14.7859,9.4608,9.2141
2026-06-15 16:30:45,24.0000,14.7855,9.4599,9.2145
2026-06-15 16:30:47,24.0000,14.9978,9.5954,9.0022
2026-06-15 16:30:47,24.0000,15.0130,9.6140,8.9870
2026-06-15 16:30:48,24.0000,14.7954,9.5259,9.2046
2026-06-15 16:30:49,24.0000,14.7792,9.5266,9.2208
2026-06-15 16:30:49,24.0000,14.7791,9.5265,9.2209
2026-06-15 16:30:50,24.0000,14.7720,9.5243,9.2280
2026-06-15 16:30:51,24.0000,14.8056,9.4974,9.1944
2026-06-15 16:30:51,24.0000,14.8032,9.5400,9.1968
2026-06-15 16:30:52,24.0000,14.7769,9.5293,9.2231
2026-06-15 16:30:53,24.0000,14.7498,9.5265,9.2502
2026-06-15 16:30:53,24.0000,14.7496,9.5263,9.2504
2026-06-15 16:30:54,24.0000,14.7370,9.5256,9.2630
2026-06-15 16:30:55,24.0000,14.7234,9.5243,9.2766
2026-06-15 16:30:55,24.0000,14.7763,9.5078,9.2237
2026-06-15 16:30:56,24.0000,14.8630,9.4824,9.1370
2026-06-15 16:30:57,24.0000,14.7811,9.5046,9.2189
2026-06-15 16:30:57,24.0000,14.7815,9.5049,9.2185
2026-06-15 16:30:59,24.0000,14.7401,9.5060,9.2599
2026-06-15 16:30:59,24.0000,14.7398,9.5060,9.2602
2026-06-15 16:31:01,24.0000,14.7795,9.4839,9.2205
2026-06-15 16:31:01,24.0000,14.7794,9.4839,9.2206
2026-06-15 16:31:03,24.0000,14.8072,9.5002,9.1928
2026-06-15 16:31:03,24.0000,14.8083,9.5018,9.1917
2026-06-15 16:31:05,24.0000,14.7773,9.5140,9.2227
2026-06-15 16:31:05,24.0000,14.7775,9.5140,9.2225
2026-06-15 16:31:07,24.0000,14.7993,9.5256,9.2007
2026-06-15 16:31:07,24.0000,14.7986,9.5258,9.2014
2026-06-15 16:31:09,24.0000,14.7550,9.5059,9.2450
2026-06-15 16:31:09,24.0000,14.7543,9.5059,9.2457
2026-06-15 16:31:11,24.0000,14.7836,9.4907,9.2164
2026-06-15 16:31:11,24.0000,14.7848,9.4906,9.2152
2026-06-15 16:31:13,24.0000,14.7076,9.4765,9.2924
2026-06-15 16:31:13,24.0000,14.7070,9.4765,9.2930
2026-06-15 16:31:15,24.0000,14.7408,9.4946,9.2592
2026-06-15 16:31:15,24.0000,14.7396,9.4946,9.2604
2026-06-15 16:31:17,24.0000,14.7555,9.4551,9.2445
2026-06-15 16:31:17,24.0000,14.7554,9.4550,9.2446
2026-06-15 16:31:19,24.0000,14.8131,9.5203,9.1869
2026-06-15 16:31:19,24.0000,14.8244,9.5156,9.1756
2026-06-15 16:31:21,24.0000,14.7673,9.5207,9.2327
2026-06-15 16:31:21,24.0000,14.7670,9.5204,9.2330
2026-06-15 16:31:21,24.0000,14.7670,9.5204,9.2330
2026-06-15 16:31:23,24.0000,14.8143,9.5288,9.1857
2026-06-15 16:31:23,24.0000,14.8133,9.5287,9.1867
2026-06-15 16:31:23,24.0000,14.8136,9.5286,9.1864
2026-06-15 16:31:25,24.0000,14.7544,9.5132,9.2456
2026-06-15 16:31:25,24.0000,14.7542,9.5121,9.2458
2026-06-15 16:31:25,24.0000,14.7541,9.5120,9.2459
2026-06-15 16:31:27,24.0000,14.7816,9.4968,9.2184
2026-06-15 16:31:27,24.0000,14.7816,9.4967,9.2184
2026-06-15 16:31:27,24.0000,14.7816,9.4967,9.2184
2026-06-15 16:31:29,24.0000,14.8033,9.5037,9.1967
2026-06-15 16:31:29,24.0000,14.8028,9.5037,9.1972
2026-06-15 16:31:29,24.0000,14.8027,9.5037,9.1973
2026-06-15 16:31:31,24.0000,14.7658,9.5266,9.2342
2026-06-15 16:31:31,24.0000,14.7657,9.5266,9.2343
2026-06-15 16:31:31,24.0000,14.7657,9.5266,9.2343
2026-06-15 16:31:33,24.0000,14.7995,9.5099,9.2005
2026-06-15 16:31:33,24.0000,14.7996,9.5099,9.2004
2026-06-15 16:31:33,24.0000,14.7996,9.5099,9.2004
2026-06-15 16:31:35,24.0000,14.7708,9.5250,9.2292
2026-06-15 16:31:35,24.0000,14.7658,9.5250,9.2342
2026-06-15 16:31:35,24.0000,14.7084,9.4902,9.2916
2026-06-15 16:31:37,24.0000,14.8023,9.4518,9.1977
2026-06-15 16:31:37,24.0000,14.8022,9.4518,9.1978
2026-06-15 16:31:39,24.0000,14.7509,9.5068,9.2491
2026-06-15 16:31:39,24.0000,14.7447,9.5063,9.2553
2026-06-15 16:31:41,24.0000,14.6849,9.4937,9.3151
2026-06-15 16:31:41,24.0000,14.6853,9.4937,9.3147
2026-06-15 16:31:43,24.0000,14.7167,9.4582,9.2833
2026-06-15 16:31:43,24.0000,14.7167,9.4582,9.2833
2026-06-15 16:31:45,24.0000,14.6805,9.4733,9.3195
2026-06-15 16:31:45,24.0000,14.6795,9.4746,9.3205
2026-06-15 16:31:47,24.0000,14.6461,9.4698,9.3539
2026-06-15 16:31:47,24.0000,14.6443,9.4698,9.3557
2026-06-15 16:31:49,24.0000,14.8000,9.5205,9.2000
2026-06-15 16:31:49,24.0000,14.8248,9.5212,9.1752
2026-06-15 16:31:51,24.0000,14.7885,9.5413,9.2115
2026-06-15 16:31:51,24.0000,14.7883,9.5413,9.2117
2026-06-15 16:31:52,24.0000,14.7707,9.5413,9.2293
2026-06-15 16:31:53,24.0000,14.8109,9.5250,9.1891
2026-06-15 16:31:53,24.0000,14.8109,9.5250,9.1891
2026-06-15 16:31:54,24.0000,14.8142,9.5201,9.1858
2026-06-15 16:31:55,24.0000,14.7732,9.5191,9.2268
2026-06-15 16:31:55,24.0000,14.7732,9.5195,9.2268
2026-06-15 16:31:56,24.0000,14.7572,9.5219,9.2428
2026-06-15 16:31:57,24.0000,14.7426,9.5205,9.2574
2026-06-15 16:31:57,24.0000,14.7425,9.5205,9.2575
2026-06-15 16:31:58,24.0000,14.7309,9.5204,9.2691
2026-06-15 16:31:59,24.0000,14.7719,9.5165,9.2281
2026-06-15 16:31:59,24.0000,14.7723,9.5164,9.2277
2026-06-15 16:32:00,24.0000,14.8070,9.5074,9.1930
2026-06-15 16:32:01,24.0000,14.7944,9.5392,9.2056
2026-06-15 16:32:01,24.0000,14.7944,9.5392,9.2056
2026-06-15 16:32:02,24.0000,14.7709,9.5326,9.2291
2026-06-15 16:32:03,24.0000,14.7564,9.5320,9.2436
2026-06-15 16:32:03,24.0000,14.8142,9.5216,9.1858
2026-06-15 16:32:05,24.0000,14.7968,9.4812,9.2032
2026-06-15 16:32:05,24.0000,14.7968,9.4815,9.2032
2026-06-15 16:32:07,24.0000,14.7478,9.5021,9.2522
2026-06-15 16:32:07,24.0000,14.7478,9.5021,9.2522
2026-06-15 16:32:09,24.0000,14.7723,9.4854,9.2277
2026-06-15 16:32:09,24.0000,14.7714,9.4854,9.2286
2026-06-15 16:32:11,24.0000,14.7027,9.4903,9.2973
2026-06-15 16:32:11,24.0000,14.7027,9.4903,9.2973
2026-06-15 16:32:13,24.0000,14.6688,9.4865,9.3312
2026-06-15 16:32:13,24.0000,14.6690,9.4865,9.3310
2026-06-15 16:32:15,24.0000,14.7171,9.4859,9.2829
2026-06-15 16:32:15,24.0000,14.7163,9.4859,9.2837
2026-06-15 16:32:17,24.0000,14.6729,9.4808,9.3271
2026-06-15 16:32:17,24.0000,14.6721,9.4808,9.3279
2026-06-15 16:32:19,24.0000,14.7043,9.4647,9.2957
2026-06-15 16:32:19,24.0000,14.7039,9.4643,9.2961
2026-06-15 16:32:21,24.0000,14.6826,9.4744,9.3174
2026-06-15 16:32:21,24.0000,14.7352,9.4675,9.2648
2026-06-15 16:32:23,24.0000,14.7328,9.4587,9.2672
2026-06-15 16:32:23,24.0000,14.8272,9.4892,9.1728
2026-06-15 16:32:25,24.0000,14.9729,9.5388,9.0271
2026-06-15 16:32:25,24.0000,14.9831,9.5984,9.0169
2026-06-15 16:32:27,24.0000,14.7936,9.5386,9.2064
2026-06-15 16:32:27,24.0000,14.7930,9.5386,9.2070
2026-06-15 16:32:27,24.0000,14.7928,9.5385,9.2072
2026-06-15 16:32:29,24.0000,14.8520,9.5225,9.1480
2026-06-15 16:32:29,24.0000,14.8520,9.5224,9.1480
2026-06-15 16:32:29,24.0000,14.8515,9.5223,9.1485
2026-06-15 16:32:31,24.0000,14.8317,9.5324,9.1683
2026-06-15 16:32:31,24.0000,14.8344,9.5322,9.1656
2026-06-15 16:32:31,24.0000,14.8331,9.5322,9.1669
2026-06-15 16:32:33,24.0000,14.7827,9.5502,9.2173
2026-06-15 16:32:33,24.0000,14.7827,9.5499,9.2173
2026-06-15 16:32:33,24.0000,14.7827,9.5499,9.2173
2026-06-15 16:32:35,24.0000,14.7963,9.5258,9.2037
2026-06-15 16:32:35,24.0000,14.8557,9.5093,9.1443
2026-06-15 16:32:35,24.0000,14.8556,9.5093,9.1444
2026-06-15 16:32:37,24.0000,14.8125,9.5503,9.1875
2026-06-15 16:32:37,24.0000,14.8121,9.5499,9.1879
2026-06-15 16:32:37,24.0000,14.8115,9.5499,9.1885
2026-06-15 16:32:39,24.0000,14.7638,9.5497,9.2362
2026-06-15 16:32:39,24.0000,14.7633,9.5494,9.2367
2026-06-15 16:32:39,24.0000,14.7645,9.5494,9.2355
2026-06-15 16:32:41,24.0000,14.8235,9.4736,9.1765
2026-06-15 16:32:41,24.0000,14.8229,9.4972,9.1771
2026-06-15 16:32:43,24.0000,14.7545,9.5200,9.2455
2026-06-15 16:32:43,24.0000,14.7545,9.5200,9.2455
2026-06-15 16:32:45,24.0000,14.7910,9.4661,9.2090
2026-06-15 16:32:45,24.0000,14.7923,9.4567,9.2077
2026-06-15 16:32:47,24.0000,14.7571,9.5067,9.2429
2026-06-15 16:32:47,24.0000,14.7566,9.5067,9.2434
2026-06-15 16:32:49,24.0000,14.7350,9.4869,9.2650
2026-06-15 16:32:49,24.0000,14.7328,9.4771,9.2672
2026-06-15 16:32:51,24.0000,14.8618,9.5077,9.1382
2026-06-15 16:32:51,24.0000,14.9530,9.5166,9.0470
2026-06-15 16:32:53,24.0000,14.8021,9.5323,9.1979
2026-06-15 16:32:53,24.0000,14.8019,9.5322,9.1981
2026-06-15 16:32:53,24.0000,14.8014,9.5322,9.1986
2026-06-15 16:32:55,24.0000,14.7702,9.5301,9.2298
2026-06-15 16:32:55,24.0000,14.7702,9.5301,9.2298
2026-06-15 16:32:55,24.0000,14.7702,9.5301,9.2298
2026-06-15 16:32:57,24.0000,14.7411,9.4962,9.2589
2026-06-15 16:32:57,24.0000,14.7346,9.4962,9.2654
2026-06-15 16:32:59,24.0000,14.8024,9.4621,9.1976
2026-06-15 16:32:59,24.0000,14.8031,9.4621,9.1969
2026-06-15 16:33:01,24.0000,14.8660,9.4539,9.1340
2026-06-15 16:33:01,24.0000,14.8654,9.4536,9.1346
2026-06-15 16:33:03,24.0000,14.7993,9.5246,9.2007
2026-06-15 16:33:03,24.0000,14.7986,9.5245,9.2014
2026-06-15 16:33:05,24.0000,14.7378,9.5424,9.2622
2026-06-15 16:33:05,24.0000,14.7376,9.5422,9.2624
2026-06-15 16:33:07,24.0000,14.8216,9.4831,9.1784
2026-06-15 16:33:07,24.0000,14.8364,9.4811,9.1636
2026-06-15 16:33:09,24.0000,15.0081,9.6237,8.9919
2026-06-15 16:33:09,24.0000,15.0046,9.6243,8.9954
2026-06-15 16:33:10,24.0000,15.0046,9.6243,8.9954
2026-06-15 16:33:11,24.0000,14.7211,9.4881,9.2789
2026-06-15 16:33:11,24.0000,14.7634,9.4715,9.2366
2026-06-15 16:33:13,24.0000,14.7642,9.5361,9.2358
2026-06-15 16:33:13,24.0000,14.7638,9.5360,9.2362
2026-06-15 16:33:15,24.0000,14.7241,9.4926,9.2759
2026-06-15 16:33:15,24.0000,14.7702,9.4879,9.2298
2026-06-15 16:33:17,24.0000,14.8198,9.4630,9.1802
2026-06-15 16:33:17,24.0000,14.8194,9.4630,9.1806
2026-06-15 16:33:19,24.0000,14.9624,9.5922,9.0376
2026-06-15 16:33:19,24.0000,14.9790,9.5982,9.0210
2026-06-15 16:33:21,24.0000,14.8165,9.5700,9.1835
2026-06-15 16:33:21,24.0000,14.8185,9.5697,9.1815
2026-06-15 16:33:21,24.0000,14.8185,9.5697,9.1815
2026-06-15 16:33:23,24.0000,14.8524,9.5482,9.1476
2026-06-15 16:33:23,24.0000,14.8505,9.5479,9.1495
2026-06-15 16:33:23,24.0000,14.8504,9.5478,9.1496
2026-06-15 16:33:25,24.0000,14.7870,9.5493,9.2130
2026-06-15 16:33:25,24.0000,14.7860,9.5472,9.2140
2026-06-15 16:33:25,24.0000,14.7860,9.5472,9.2140
2026-06-15 16:33:27,24.0000,14.7453,9.5416,9.2547
2026-06-15 16:33:27,24.0000,14.7993,9.5410,9.2007
2026-06-15 16:33:27,24.0000,14.7995,9.5410,9.2005
2026-06-15 16:33:29,24.0000,14.8066,9.5117,9.1934
2026-06-15 16:33:29,24.0000,14.8063,9.5115,9.1937
2026-06-15 16:33:29,24.0000,14.8062,9.5115,9.1938
2026-06-15 16:33:31,24.0000,14.7711,9.5378,9.2289
2026-06-15 16:33:31,24.0000,14.7711,9.5373,9.2289
2026-06-15 16:33:31,24.0000,14.7711,9.5373,9.2289
2026-06-15 16:33:33,24.0000,14.8062,9.5299,9.1938
2026-06-15 16:33:33,24.0000,14.8067,9.5299,9.1933
2026-06-15 16:33:33,24.0000,14.8067,9.5299,9.1933
2026-06-15 16:33:35,24.0000,14.7768,9.5453,9.2232
2026-06-15 16:33:35,24.0000,14.7769,9.5453,9.2231
2026-06-15 16:33:35,24.0000,14.7768,9.5453,9.2232
2026-06-15 16:33:37,24.0000,14.7321,9.5296,9.2679
2026-06-15 16:33:37,24.0000,14.7343,9.5296,9.2657
2026-06-15 16:33:39,24.0000,14.8074,9.5169,9.1926
2026-06-15 16:33:39,24.0000,14.8137,9.5161,9.1863
2026-06-15 16:33:41,24.0000,14.7017,9.4802,9.2983
2026-06-15 16:33:41,24.0000,14.7059,9.4792,9.2941
2026-06-15 16:33:43,24.0000,14.8383,9.4918,9.1617
2026-06-15 16:33:43,24.0000,14.8427,9.4936,9.1573
2026-06-15 16:33:45,24.0000,14.8126,9.5479,9.1874
2026-06-15 16:33:45,24.0000,14.8126,9.5479,9.1874
2026-06-15 16:33:46,24.0000,14.8125,9.5480,9.1875
2026-06-15 16:33:47,24.0000,14.7831,9.5361,9.2169
2026-06-15 16:33:47,24.0000,14.7831,9.5361,9.2169
2026-06-15 16:33:48,24.0000,14.7829,9.5361,9.2171
2026-06-15 16:33:49,24.0000,14.8007,9.5415,9.1993
2026-06-15 16:33:49,24.0000,14.8001,9.5414,9.1999
2026-06-15 16:33:50,24.0000,14.8000,9.5414,9.2000
2026-06-15 16:33:51,24.0000,14.7525,9.5304,9.2475
2026-06-15 16:33:51,24.0000,14.7525,9.5304,9.2475
2026-06-15 16:33:52,24.0000,14.7525,9.5304,9.2475
2026-06-15 16:33:53,24.0000,14.7732,9.5106,9.2268
2026-06-15 16:33:53,24.0000,14.8276,9.4886,9.1724
2026-06-15 16:33:54,24.0000,14.8268,9.4886,9.1732
2026-06-15 16:33:55,24.0000,14.7263,9.4987,9.2737
2026-06-15 16:33:55,24.0000,14.7252,9.4969,9.2748
2026-06-15 16:33:57,24.0000,14.7767,9.5136,9.2233
2026-06-15 16:33:57,24.0000,14.7767,9.5136,9.2233
2026-06-15 16:33:59,24.0000,14.7854,9.4908,9.2146
2026-06-15 16:33:59,24.0000,14.7833,9.4897,9.2167
2026-06-15 16:34:01,24.0000,14.7762,9.4944,9.2238
2026-06-15 16:34:01,24.0000,14.7763,9.4944,9.2237
2026-06-15 16:34:03,24.0000,14.7331,9.5058,9.2669
2026-06-15 16:34:03,24.0000,14.7331,9.5057,9.2669
2026-06-15 16:34:05,24.0000,14.7360,9.5007,9.2640
2026-06-15 16:34:05,24.0000,14.7357,9.5008,9.2643
2026-06-15 16:34:07,24.0000,14.6868,9.5017,9.3132
2026-06-15 16:34:07,24.0000,14.6868,9.5017,9.3132
2026-06-15 16:34:09,24.0000,14.7264,9.4842,9.2736
2026-06-15 16:34:09,24.0000,14.7265,9.4842,9.2735
2026-06-15 16:34:11,24.0000,14.7059,9.5122,9.2941
2026-06-15 16:34:11,24.0000,14.7059,9.5122,9.2941
2026-06-15 16:34:13,24.0000,14.6738,9.5094,9.3262
2026-06-15 16:34:13,24.0000,14.6738,9.5094,9.3262
2026-06-15 16:34:15,24.0000,14.7102,9.4552,9.2898
2026-06-15 16:34:15,24.0000,14.7100,9.5088,9.2900
2026-06-15 16:34:17,24.0000,14.6919,9.4813,9.3081
2026-06-15 16:34:17,24.0000,14.6874,9.4813,9.3126
2026-06-15 16:34:19,24.0000,14.6745,9.4720,9.3255
2026-06-15 16:34:19,24.0000,14.7990,9.4525,9.2010
2026-06-15 16:34:21,24.0000,14.9122,9.5592,9.0878
2026-06-15 16:34:21,24.0000,14.9173,9.5804,9.0827
2026-06-15 16:34:23,24.0000,14.7948,9.5535,9.2052
2026-06-15 16:34:23,24.0000,14.7952,9.5534,9.2048
2026-06-15 16:34:23,24.0000,14.7951,9.5534,9.2049
2026-06-15 16:34:25,24.0000,14.8399,9.5341,9.1601
2026-06-15 16:34:25,24.0000,14.8378,9.5339,9.1622
2026-06-15 16:34:25,24.0000,14.8379,9.5338,9.1621
2026-06-15 16:34:27,24.0000,14.7797,9.5438,9.2203
2026-06-15 16:34:27,24.0000,14.7796,9.5437,9.2204
2026-06-15 16:34:27,24.0000,14.7796,9.5437,9.2204
2026-06-15 16:34:29,24.0000,14.7535,9.5415,9.2465
2026-06-15 16:34:29,24.0000,14.7016,9.4879,9.2984
2026-06-15 16:34:29,24.0000,14.6931,9.4861,9.3069
2026-06-15 16:34:31,24.0000,14.8509,9.4828,9.1491
2026-06-15 16:34:31,24.0000,14.8500,9.4828,9.1500
2026-06-15 16:34:33,24.0000,14.7793,9.5412,9.2207
2026-06-15 16:34:33,24.0000,14.7795,9.5412,9.2205
2026-06-15 16:34:35,24.0000,14.7941,9.4978,9.2059
2026-06-15 16:34:35,24.0000,14.7934,9.4978,9.2066
2026-06-15 16:34:37,24.0000,14.7544,9.5192,9.2456
2026-06-15 16:34:37,24.0000,14.7531,9.5190,9.2469
2026-06-15 16:34:39,24.0000,14.7204,9.5140,9.2796
2026-06-15 16:34:39,24.0000,14.7195,9.5140,9.2805
2026-06-15 16:34:41,24.0000,14.7811,9.4854,9.2189
2026-06-15 16:34:41,24.0000,14.7803,9.4851,9.2197
2026-06-15 16:34:43,24.0000,14.7462,9.4943,9.2538
2026-06-15 16:34:43,24.0000,14.7505,9.4943,9.2495
2026-06-15 16:34:45,24.0000,14.6898,9.4726,9.3102
2026-06-15 16:34:45,24.0000,14.6871,9.4719,9.3129
2026-06-15 16:34:47,24.0000,14.7187,9.4758,9.2813
2026-06-15 16:34:47,24.0000,14.7193,9.4758,9.2807
2026-06-15 16:34:49,24.0000,14.6958,9.4863,9.3042
2026-06-15 16:34:49,24.0000,14.6877,9.4845,9.3123
2026-06-15 16:34:51,24.0000,14.8381,9.4985,9.1619
2026-06-15 16:34:51,24.0000,14.8464,9.4976,9.1536
2026-06-15 16:34:53,24.0000,14.8092,9.5540,9.1908
2026-06-15 16:34:53,24.0000,14.8093,9.5540,9.1907
2026-06-15 16:34:53,24.0000,14.8092,9.5540,9.1908
2026-06-15 16:34:55,24.0000,14.7832,9.5505,9.2168
2026-06-15 16:34:55,24.0000,14.7833,9.5504,9.2167
2026-06-15 16:34:55,24.0000,14.7834,9.5504,9.2166
2026-06-15 16:34:57,24.0000,14.8124,9.5276,9.1876
2026-06-15 16:34:57,24.0000,14.8124,9.5276,9.1876
2026-06-15 16:34:57,24.0000,14.8120,9.5498,9.1880
2026-06-15 16:34:59,24.0000,14.7732,9.5458,9.2268
2026-06-15 16:34:59,24.0000,14.7733,9.5458,9.2267
2026-06-15 16:34:59,24.0000,14.7236,9.5150,9.2764
2026-06-15 16:35:01,24.0000,14.8728,9.4482,9.1272
2026-06-15 16:35:01,24.0000,14.8687,9.4523,9.1313
2026-06-15 16:35:03,24.0000,14.9395,9.5245,9.0605
2026-06-15 16:35:03,24.0000,14.9512,9.5802,9.0488
2026-06-15 16:35:05,24.0000,15.0130,9.6265,8.9870
2026-06-15 16:35:05,24.0000,15.0239,9.6313,8.9761
2026-06-15 16:35:06,24.0000,14.8352,9.5822,9.1648
2026-06-15 16:35:07,24.0000,14.8755,9.5653,9.1245
2026-06-15 16:35:07,24.0000,14.8754,9.5653,9.1246
2026-06-15 16:35:08,24.0000,14.8485,9.5699,9.1515
2026-06-15 16:35:09,24.0000,14.7493,9.5206,9.2507
2026-06-15 16:35:09,24.0000,14.7484,9.5206,9.2516
2026-06-15 16:35:11,24.0000,14.8043,9.5092,9.1957
2026-06-15 16:35:11,24.0000,14.8042,9.5091,9.1958
2026-06-15 16:35:13,24.0000,14.8070,9.5155,9.1930
2026-06-15 16:35:13,24.0000,14.7988,9.5256,9.2012
2026-06-15 16:35:15,24.0000,14.8007,9.4798,9.1993
2026-06-15 16:35:15,24.0000,14.7984,9.5101,9.2016
2026-06-15 16:35:17,24.0000,14.9124,9.5350,9.0876
2026-06-15 16:35:17,24.0000,15.0000,9.5438,9.0000
2026-06-15 16:35:19,24.0000,14.8644,9.5807,9.1356
2026-06-15 16:35:19,24.0000,14.8649,9.5805,9.1351
2026-06-15 16:35:19,24.0000,14.8650,9.5805,9.1350
2026-06-15 16:35:21,24.0000,14.7507,9.5520,9.2493
2026-06-15 16:35:21,24.0000,14.7599,9.5520,9.2401
2026-06-15 16:35:23,24.0000,14.8268,9.5265,9.1732
2026-06-15 16:35:23,24.0000,14.8255,9.5265,9.1745
2026-06-15 16:35:25,24.0000,14.7828,9.5188,9.2172
2026-06-15 16:35:25,24.0000,14.7827,9.5188,9.2173
2026-06-15 16:35:27,24.0000,15.0094,9.5389,8.9906
2026-06-15 16:35:27,24.0000,15.0266,9.5428,8.9734
2026-06-15 16:35:29,24.0000,14.8082,9.5469,9.1918
2026-06-15 16:35:29,24.0000,14.8012,9.5461,9.1988
2026-06-15 16:35:31,24.0000,14.7834,9.5280,9.2166
2026-06-15 16:35:31,24.0000,14.7847,9.5280,9.2153
2026-06-15 16:35:33,24.0000,15.0932,9.5392,8.9068
2026-06-15 16:35:33,24.0000,14.8744,9.5084,9.1256
2026-06-15 16:35:35,24.0000,15.0214,9.6076,8.9786
2026-06-15 16:35:35,24.0000,15.0365,9.6143,8.9635
2026-06-15 16:35:36,24.0000,15.0365,9.6143,8.9635
2026-06-15 16:35:37,24.0000,14.8190,9.5552,9.1810
2026-06-15 16:35:37,24.0000,14.8189,9.5552,9.1811
2026-06-15 16:35:38,24.0000,14.8442,9.5340,9.1558
2026-06-15 16:35:39,24.0000,14.7912,9.5440,9.2088
2026-06-15 16:35:39,24.0000,14.7869,9.5427,9.2131
2026-06-15 16:35:40,24.0000,14.7684,9.5412,9.2316
2026-06-15 16:35:41,24.0000,14.7970,9.5527,9.2030
2026-06-15 16:35:41,24.0000,14.7965,9.5527,9.2035
2026-06-15 16:35:42,24.0000,14.7733,9.5518,9.2267
2026-06-15 16:35:43,24.0000,14.8523,9.5130,9.1477
2026-06-15 16:35:43,24.0000,14.8573,9.5130,9.1427
2026-06-15 16:35:44,24.0000,14.8573,9.5130,9.1427
2026-06-15 16:35:45,24.0000,14.8828,9.5280,9.1172
2026-06-15 16:35:45,24.0000,14.8827,9.5582,9.1173
2026-06-15 16:35:46,24.0000,14.8510,9.5519,9.1490
2026-06-15 16:35:47,24.0000,14.8664,9.5429,9.1336
2026-06-15 16:35:47,24.0000,14.8662,9.5429,9.1338
2026-06-15 16:35:48,24.0000,14.8523,9.5454,9.1477
2026-06-15 16:35:49,24.0000,14.8763,9.5290,9.1237
2026-06-15 16:35:49,24.0000,14.8761,9.5290,9.1239
2026-06-15 16:35:50,24.0000,14.8544,9.5616,9.1456
2026-06-15 16:35:51,24.0000,14.8342,9.5598,9.1658
2026-06-15 16:35:51,24.0000,14.8342,9.5598,9.1658
2026-06-15 16:35:52,24.0000,14.8342,9.5598,9.1658
2026-06-15 16:35:53,24.0000,14.8104,9.5341,9.1896
2026-06-15 16:35:53,24.0000,14.8104,9.5341,9.1896
2026-06-15 16:35:54,24.0000,14.8652,9.5170,9.1348
2026-06-15 16:35:55,24.0000,14.8144,9.5555,9.1856
2026-06-15 16:35:55,24.0000,14.8142,9.5555,9.1858
2026-06-15 16:35:57,24.0000,14.8047,9.5100,9.1953
2026-06-15 16:35:57,24.0000,14.8041,9.5100,9.1959
2026-06-15 16:35:59,24.0000,14.8112,9.5011,9.1888
2026-06-15 16:35:59,24.0000,14.8140,9.5010,9.1860
2026-06-15 16:36:01,24.0000,14.7592,9.5257,9.2408
2026-06-15 16:36:01,24.0000,14.7590,9.5257,9.2410
2026-06-15 16:36:03,24.0000,14.6997,9.5116,9.3003
2026-06-15 16:36:03,24.0000,14.6988,9.5115,9.3012
2026-06-15 16:36:05,24.0000,14.3490,9.2913,9.6510
2026-06-15 16:36:05,24.0000,14.3484,9.3403,9.6516
2026-06-15 16:36:07,24.0000,14.4691,9.4261,9.5309
2026-06-15 16:36:07,24.0000,14.4682,9.4250,9.5318
2026-06-15 16:36:54,24.0000,13.4875,9.1774,10.5125
2026-06-15 16:36:56,24.0000,13.4766,9.1683,10.5234
2026-06-15 16:36:58,24.0000,13.2633,9.0684,10.7367
2026-06-15 16:37:00,24.0000,13.3207,9.0645,10.6793
2026-06-15 16:37:02,24.0000,13.3120,9.0930,10.6880
2026-06-15 16:37:04,24.0000,13.3048,9.0850,10.6952
2026-06-15 16:37:06,24.0000,13.2957,9.0859,10.7043
2026-06-15 16:37:08,24.0000,13.2978,9.1016,10.7022
2026-06-15 16:37:10,24.0000,13.2784,9.1135,10.7216
2026-06-15 16:37:12,24.0000,13.2747,9.1677,10.7253
2026-06-15 16:37:14,24.0000,13.2764,9.1510,10.7236
2026-06-15 16:37:16,24.0000,13.2658,9.1453,10.7342
2026-06-15 16:37:18,24.0000,13.2815,9.1415,10.7185
2026-06-15 16:37:20,24.0000,13.2801,9.1408,10.7199
2026-06-15 16:37:22,24.0000,13.2935,9.1264,10.7065
2026-06-15 16:37:24,24.0000,13.7560,9.3196,10.2440
2026-06-15 16:37:26,24.0000,13.9880,9.4958,10.0120
2026-06-15 16:37:28,24.0000,14.0210,9.5099,9.9790
2026-06-15 16:37:30,24.0000,14.0132,9.5138,9.9868
2026-06-15 16:37:32,24.0000,14.1269,9.5549,9.8731
2026-06-15 16:37:34,24.0000,14.1080,9.5572,9.8920
2026-06-15 16:37:36,24.0000,14.1347,9.5620,9.8653
2026-06-15 16:37:38,24.0000,14.1202,9.5836,9.8798
2026-06-15 16:37:40,24.0000,14.1095,9.5773,9.8905
2026-06-15 16:37:42,24.0000,14.1035,9.5794,9.8965
2026-06-15 16:37:44,24.0000,14.0973,9.5758,9.9027
2026-06-15 16:37:46,24.0000,14.0560,9.5613,9.9440
2026-06-15 16:37:52,24.0000,14.0597,9.5841,9.9403
2026-06-15 16:37:54,24.0000,14.2653,9.6130,9.7347
2026-06-15 16:37:55,24.0000,14.0736,9.5601,9.9264
2026-06-15 16:37:56,24.0000,14.0726,9.5599,9.9274
2026-06-15 16:37:57,24.0000,14.0746,9.5576,9.9254
2026-06-15 16:37:58,24.0000,14.0737,9.5574,9.9263
2026-06-15 16:37:59,24.0000,14.0864,9.5576,9.9136
2026-06-15 16:38:00,24.0000,14.1349,9.5536,9.8651
2026-06-15 16:38:01,24.0000,14.1349,9.5864,9.8651
2026-06-15 16:38:27,24.0000,14.0324,9.5411,9.9676
2026-06-15 16:38:29,24.0000,14.0404,9.5314,9.9596
2026-06-15 16:40:24,24.0000,14.1771,9.5800,9.8229
2026-06-15 16:40:33,24.0000,14.2533,9.5909,9.7467
2026-06-15 16:40:35,24.0000,14.2546,9.6081,9.7454
2026-06-15 16:40:37,24.0000,14.2127,9.5943,9.7873
2026-06-15 16:40:39,24.0000,14.1940,9.5976,9.8060
2026-06-15 16:40:41,24.0000,14.2261,9.6140,9.7739
2026-06-15 16:40:43,24.0000,14.2119,9.6017,9.7881
2026-06-15 16:40:45,24.0000,14.2261,9.6245,9.7739
2026-06-15 16:40:47,24.0000,14.2178,9.6246,9.7822
2026-06-15 16:40:49,24.0000,14.2232,9.6158,9.7768
2026-06-15 16:40:51,24.0000,14.2087,9.6290,9.7913
2026-06-15 16:40:53,24.0000,14.2699,9.6185,9.7301
2026-06-15 16:40:55,24.0000,14.3156,9.6085,9.6844
2026-06-15 16:41:00,24.0000,14.2856,9.6512,9.7144
2026-06-15 16:41:02,24.0000,14.3469,9.6395,9.6531
2026-06-15 16:41:04,24.0000,14.3147,9.6834,9.6853
2026-06-15 16:41:06,24.0000,14.3207,9.6676,9.6793
2026-06-15 16:41:08,24.0000,14.3802,9.6410,9.6198
2026-06-15 16:41:10,24.0000,14.3297,9.6815,9.6703
2026-06-15 16:41:12,24.0000,14.2856,9.6677,9.7144
2026-06-15 16:41:39,24.0000,14.2604,9.6323,9.7396
2026-06-15 16:41:41,24.0000,14.2567,9.6376,9.7433
2026-06-15 16:42:00,24.0000,14.3289,9.6112,9.6711
2026-06-15 16:42:02,24.0000,14.3036,9.6399,9.6964
2026-06-15 16:42:04,24.0000,14.2804,9.6473,9.7196
2026-06-15 16:42:06,24.0000,14.2739,9.6365,9.7261
2026-06-15 16:42:08,24.0000,14.2909,9.5987,9.7091
2026-06-15 16:42:10,24.0000,14.1914,9.6118,9.8086
2026-06-15 16:42:12,24.0000,13.9999,9.4845,10.0001
2026-06-15 16:42:14,24.0000,13.9842,9.5076,10.0158
2026-06-15 16:42:16,24.0000,13.9687,9.5056,10.0313
2026-06-15 16:42:22,24.0000,13.9590,9.4962,10.0410
2026-06-15 16:42:24,24.0000,13.9464,9.4954,10.0536
2026-06-15 16:42:26,24.0000,13.9249,9.4870,10.0751
2026-06-15 16:42:28,24.0000,13.9564,9.5029,10.0436
2026-06-15 16:42:30,24.0000,13.9910,9.4920,10.0090
2026-06-15 16:42:32,24.0000,13.9627,9.5060,10.0373
2026-06-15 16:42:34,24.0000,13.9467,9.5058,10.0533
2026-06-15 16:42:36,24.0000,13.9333,9.5020,10.0667
2026-06-15 16:42:38,24.0000,13.9142,9.4987,10.0858
2026-06-15 16:42:40,24.0000,13.9094,9.5137,10.0906
2026-06-15 16:42:42,24.0000,13.8697,9.4689,10.1303
2026-06-15 16:42:44,24.0000,13.8703,9.4683,10.1297
2026-06-15 16:42:46,24.0000,13.8647,9.4616,10.1353
2026-06-15 16:42:48,24.0000,13.9188,9.4801,10.0812
2026-06-15 16:42:50,24.0000,13.9040,9.4756,10.0960
2026-06-15 16:42:52,24.0000,13.9062,9.4755,10.0938
2026-06-15 16:42:54,24.0000,13.9129,9.4541,10.0871
2026-06-15 16:42:56,24.0000,13.9110,9.4641,10.0890
2026-06-15 16:42:58,24.0000,13.8954,9.4740,10.1046
2026-06-15 16:43:05,24.0000,13.9679,9.5117,10.0321
2026-06-15 16:43:07,24.0000,13.9854,9.5006,10.0146
2026-06-15 16:43:09,24.0000,13.9597,9.5119,10.0403
2026-06-15 16:43:18,24.0000,13.9915,9.5246,10.0085
2026-06-15 16:43:20,24.0000,13.9843,9.5257,10.0157
2026-06-15 16:43:37,24.0000,13.9661,9.5193,10.0339
2026-06-15 16:43:39,24.0000,13.9672,9.5102,10.0328
2026-06-15 16:43:41,24.0000,13.9489,9.5213,10.0511
2026-06-15 16:43:43,24.0000,13.9270,9.5165,10.0730
2026-06-15 16:43:45,24.0000,13.9785,9.4944,10.0215
2026-06-15 16:43:47,24.0000,13.9485,9.5132,10.0515
2026-06-15 16:43:49,24.0000,13.9366,9.5131,10.0634
2026-06-15 16:43:51,24.0000,13.9280,9.5205,10.0720
2026-06-15 16:44:46,24.0000,14.0083,9.5545,9.9917
2026-06-15 16:44:48,24.0000,14.0438,9.5337,9.9562
2026-06-15 16:44:50,24.0000,13.9951,9.5342,10.0049
2026-06-15 16:44:52,24.0000,13.9779,9.5324,10.0221
2026-06-15 16:44:54,24.0000,13.9664,9.5316,10.0336
2026-06-15 16:44:56,24.0000,13.9440,9.5203,10.0560
2026-06-15 16:44:58,24.0000,13.9324,9.5167,10.0676
2026-06-15 16:45:00,24.0000,13.9307,9.5165,10.0693
2026-06-15 16:45:02,24.0000,13.9326,9.5167,10.0674
2026-06-15 16:45:04,24.0000,13.9488,9.5275,10.0512
2026-06-15 16:45:38,24.0000,13.9966,9.5344,10.0034
2026-06-15 16:45:40,24.0000,13.9938,9.5302,10.0062
2026-06-15 16:45:42,24.0000,13.9722,9.5237,10.0278
2026-06-15 16:45:44,24.0000,13.9602,9.5207,10.0398
2026-06-15 16:45:46,24.0000,14.0040,9.5124,9.9960
2026-06-15 16:45:58,24.0000,13.9848,9.5587,10.0152
2026-06-15 16:46:00,24.0000,13.9634,9.5248,10.0366
2026-06-15 16:46:02,24.0000,14.0007,9.5094,9.9993
2026-06-15 16:46:04,24.0000,13.9777,9.5348,10.0223
2026-06-15 16:46:06,24.0000,13.9579,9.5189,10.0421
2026-06-15 16:46:08,24.0000,13.9075,9.5088,10.0925
2026-06-15 16:46:21,24.0000,13.9489,9.5143,10.0511
2026-06-15 16:46:23,24.0000,13.9477,9.4900,10.0523
2026-06-15 16:46:34,24.0000,13.9937,9.5262,10.0063
2026-06-15 16:46:36,24.0000,13.9783,9.5167,10.0217
2026-06-15 16:46:38,24.0000,13.9474,9.5137,10.0526
2026-06-15 16:46:40,24.0000,13.9240,9.5057,10.0760
2026-06-15 16:46:42,24.0000,13.9734,9.4937,10.0266
2026-06-15 16:46:44,24.0000,13.9364,9.5203,10.0636
2026-06-15 16:46:46,24.0000,13.9061,9.4962,10.0939
2026-06-15 16:46:48,24.0000,13.9000,9.4951,10.1000
2026-06-15 16:46:50,24.0000,13.8798,9.5046,10.1202
2026-06-15 16:46:52,24.0000,13.8942,9.4809,10.1058
2026-06-15 16:46:54,24.0000,13.8902,9.4857,10.1098
2026-06-15 16:46:56,24.0000,13.8883,9.4854,10.1117
2026-06-15 16:46:58,24.0000,13.8845,9.4854,10.1155
2026-06-15 16:47:00,24.0000,13.8833,9.4958,10.1167
2026-06-15 16:47:02,24.0000,13.8906,9.4927,10.1094
2026-06-15 16:47:04,24.0000,13.8866,9.4962,10.1134
2026-06-15 16:47:06,24.0000,13.8833,9.4925,10.1167
2026-06-15 16:47:08,24.0000,13.8836,9.4944,10.1164
2026-06-15 16:47:10,24.0000,13.8859,9.4863,10.1141
2026-06-15 16:47:12,24.0000,13.8876,9.4711,10.1124
2026-06-15 16:47:14,24.0000,13.8833,9.4785,10.1167
2026-06-15 16:47:16,24.0000,13.9374,9.5015,10.0626
2026-06-15 16:47:18,24.0000,13.9231,9.4895,10.0769
2026-06-15 16:47:20,24.0000,13.9103,9.4857,10.0897
2026-06-15 16:47:22,24.0000,13.9043,9.4852,10.0957
2026-06-15 16:47:24,24.0000,13.9093,9.4833,10.0907
2026-06-15 16:47:26,24.0000,13.8863,9.4748,10.1137
2026-06-15 16:47:28,24.0000,13.8843,9.4753,10.1157
2026-06-15 16:47:30,24.0000,13.8837,9.4735,10.1163
2026-06-15 16:47:32,24.0000,13.9391,9.4703,10.0609
2026-06-15 16:47:34,24.0000,13.9390,9.4738,10.0610
2026-06-15 16:47:36,24.0000,13.9243,9.4893,10.0757
2026-06-15 16:47:38,24.0000,13.9322,9.4894,10.0678
2026-06-15 16:47:43,24.0000,13.9643,9.5159,10.0357
2026-06-15 16:47:45,24.0000,13.9561,9.4929,10.0439
2026-06-15 16:47:47,24.0000,13.9326,9.4934,10.0674
2026-06-15 16:47:49,24.0000,13.9265,9.5063,10.0735
2026-06-15 16:47:51,24.0000,13.9813,9.4998,10.0187
2026-06-15 16:47:53,24.0000,13.9506,9.5194,10.0494
2026-06-15 16:47:55,24.0000,13.9354,9.5157,10.0646
2026-06-15 16:47:57,24.0000,13.9262,9.5144,10.0738
2026-06-15 16:47:59,24.0000,13.9217,9.4937,10.0783
2026-06-15 16:50:06,24.0000,14.3194,9.6945,9.6806
2026-06-15 16:50:08,24.0000,14.3167,9.6903,9.6833
2026-06-15 16:50:15,24.0000,14.3771,9.7238,9.6229
2026-06-15 16:50:17,24.0000,14.3500,9.7184,9.6500
2026-06-15 16:50:19,24.0000,14.3221,9.7070,9.6779
2026-06-15 16:50:43,24.0000,14.3150,9.7007,9.6850
2026-06-15 16:50:45,24.0000,14.3112,9.6964,9.6888
2026-06-15 16:50:47,24.0000,14.2915,9.6987,9.7085
2026-06-15 16:50:49,24.0000,14.2862,9.6967,9.7138
2026-06-15 16:50:51,24.0000,14.3364,9.6876,9.6636
2026-06-15 16:50:53,24.0000,14.3112,9.7026,9.6888
2026-06-15 16:50:55,24.0000,14.3503,9.6692,9.6497
2026-06-15 16:50:57,24.0000,14.3434,9.7009,9.6566
2026-06-15 16:50:59,24.0000,14.3489,9.6942,9.6511
2026-06-15 16:51:01,24.0000,14.3286,9.6982,9.6714
2026-06-15 16:51:07,24.0000,14.3382,9.7131,9.6618
2026-06-15 16:51:09,24.0000,14.3343,9.7092,9.6657
2026-06-15 16:51:11,24.0000,14.3094,9.7094,9.6906
2026-06-15 16:51:13,24.0000,14.3583,9.6929,9.6417
2026-06-15 16:51:15,24.0000,14.4320,9.6841,9.5680
2026-06-15 16:51:17,24.0000,14.4133,9.7216,9.5867
2026-06-15 16:51:19,24.0000,14.4053,9.7163,9.5947
2026-06-15 16:51:21,24.0000,14.3969,9.7111,9.6031
2026-06-15 16:51:27,24.0000,14.3546,9.7272,9.6454
2026-06-15 16:51:29,24.0000,14.3549,9.7223,9.6451
2026-06-15 16:51:31,24.0000,14.3737,9.7076,9.6263
2026-06-15 16:51:37,24.0000,14.3990,9.7467,9.6010
2026-06-15 16:51:39,24.0000,14.3893,9.7419,9.6107
2026-06-15 16:51:41,24.0000,14.3971,9.7283,9.6029
2026-06-15 16:51:43,24.0000,14.3933,9.7382,9.6067
2026-06-15 16:51:45,24.0000,14.4127,9.7164,9.5873
2026-06-15 16:51:47,24.0000,14.3758,9.7228,9.6242
2026-06-15 16:51:49,24.0000,14.3913,9.7260,9.6087
2026-06-15 16:51:51,24.0000,14.3889,9.7128,9.6111
2026-06-15 16:51:53,24.0000,14.3784,9.7031,9.6216
2026-06-15 16:51:55,24.0000,14.3756,9.7155,9.6244
2026-06-15 16:51:57,24.0000,14.3621,9.7138,9.6379
2026-06-15 16:51:59,24.0000,14.3600,9.7262,9.6400
2026-06-15 16:52:01,24.0000,14.3541,9.7274,9.6459
2026-06-15 16:52:03,24.0000,14.3638,9.7252,9.6362
2026-06-15 16:52:05,24.0000,14.3603,9.7018,9.6397
2026-06-15 16:52:07,24.0000,14.3686,9.7092,9.6314
2026-06-15 16:52:09,24.0000,14.3540,9.7126,9.6460
2026-06-15 16:52:11,24.0000,14.3810,9.7271,9.6190
2026-06-15 16:52:18,24.0000,14.4344,9.7577,9.5656
2026-06-15 16:52:20,24.0000,14.4308,9.7556,9.5692
2026-06-15 16:52:20,24.0000,14.4306,9.7554,9.5694
2026-06-15 16:52:22,24.0000,14.8491,9.9972,9.1509
2026-06-15 16:52:22,24.0000,14.8492,9.9973,9.1508
2026-06-15 16:52:24,24.0000,15.7773,10.1172,8.2227
2026-06-15 16:52:24,24.0000,15.7773,10.1172,8.2227
2026-06-15 16:52:26,24.0000,15.7752,10.0752,8.2248
2026-06-15 16:52:26,24.0000,15.7752,10.0752,8.2248
2026-06-15 16:52:28,24.0000,16.0064,9.9680,7.9936
2026-06-15 16:52:28,24.0000,16.0064,9.9680,7.9936
2026-06-15 16:52:30,24.0000,16.1311,10.0207,7.8689
2026-06-15 16:52:30,24.0000,16.1311,10.0207,7.8689
2026-06-15 16:52:32,24.0000,16.1580,10.0324,7.8420
2026-06-15 16:52:32,24.0000,16.1580,10.0324,7.8420
2026-06-15 16:52:34,24.0000,16.3270,10.0053,7.6730
2026-06-15 16:52:34,24.0000,16.3272,10.0053,7.6728
2026-06-15 16:52:36,24.0000,16.1872,9.9606,7.8128
2026-06-15 16:52:36,24.0000,16.1872,9.9606,7.8128
2026-06-15 16:52:38,24.0000,16.1882,9.9775,7.8118
2026-06-15 16:52:38,24.0000,16.1886,9.9775,7.8114
2026-06-15 16:52:40,24.0000,16.1731,9.9747,7.8269
2026-06-15 16:52:40,24.0000,16.1731,9.9747,7.8269
2026-06-15 16:52:42,24.0000,16.2281,9.9954,7.7719
2026-06-15 16:52:42,24.0000,16.2281,9.9962,7.7719
2026-06-15 16:52:44,24.0000,16.2267,10.0303,7.7733
2026-06-15 16:52:46,24.0000,16.2290,10.0416,7.7710
2026-06-15 16:52:46,24.0000,16.2290,10.0416,7.7710
2026-06-15 16:52:48,24.0000,16.2350,10.0166,7.7650
2026-06-15 16:52:50,24.0000,16.1982,10.0118,7.8018
2026-06-15 16:52:52,24.0000,16.2079,9.9982,7.7921
2026-06-15 16:52:54,24.0000,16.2195,10.0107,7.7805
2026-06-15 16:52:56,24.0000,16.2256,10.0312,7.7744
2026-06-15 16:52:58,24.0000,16.2220,10.0096,7.7780
2026-06-15 16:52:58,24.0000,16.2220,10.0096,7.7780
2026-06-15 16:53:00,24.0000,16.2479,10.0263,7.7521
2026-06-15 16:53:02,24.0000,16.2293,10.0285,7.7707
2026-06-15 16:53:02,24.0000,16.2293,10.0285,7.7707
2026-06-15 16:53:04,24.0000,16.1685,10.0003,7.8315
2026-06-15 16:53:04,24.0000,16.1685,10.0003,7.8315
2026-06-15 16:53:06,24.0000,16.2170,10.0067,7.7830
2026-06-15 16:53:06,24.0000,16.2170,10.0067,7.7830
2026-06-15 16:53:08,24.0000,16.2112,9.9976,7.7888
2026-06-15 16:53:08,24.0000,16.2112,9.9976,7.7888
2026-06-15 16:53:10,24.0000,16.2234,10.0044,7.7766
2026-06-15 16:53:12,24.0000,16.2708,9.9667,7.7292
2026-06-15 16:53:14,24.0000,16.1532,9.9771,7.8468
2026-06-15 16:53:16,24.0000,16.1825,9.9868,7.8175
2026-06-15 16:53:16,24.0000,16.1825,9.9868,7.8175
2026-06-15 16:53:18,24.0000,16.3163,9.9540,7.6837
2026-06-15 16:53:20,24.0000,16.3121,10.0317,7.6879
2026-06-15 16:53:22,24.0000,16.3144,10.0316,7.6856
2026-06-15 16:53:22,24.0000,16.3144,10.0316,7.6856
2026-06-15 16:53:24,24.0000,16.2430,9.9640,7.7570
2026-06-15 16:53:24,24.0000,16.2430,9.9640,7.7570
2026-06-15 16:53:26,24.0000,16.2251,9.9605,7.7749
2026-06-15 16:53:28,24.0000,16.2490,9.9559,7.7510
2026-06-15 16:53:30,24.0000,16.1031,9.9231,7.8969
2026-06-15 16:53:32,24.0000,16.1026,9.9227,7.8974
2026-06-15 16:53:34,24.0000,16.1601,9.9042,7.8399
2026-06-15 16:53:36,24.0000,16.2446,9.9686,7.7554
2026-06-15 16:53:38,24.0000,16.1610,9.8527,7.8390
2026-06-15 16:53:38,24.0000,16.1610,9.8527,7.8390
2026-06-15 16:53:40,24.0000,16.2590,9.9297,7.7410
2026-06-15 16:53:40,24.0000,16.2583,9.9357,7.7417
2026-06-15 16:53:42,24.0000,16.2604,9.9566,7.7396
2026-06-15 16:53:42,24.0000,16.2604,9.9566,7.7396
2026-06-15 16:53:44,24.0000,16.2471,10.0249,7.7529
2026-06-15 16:53:44,24.0000,16.2471,10.0249,7.7529
2026-06-15 16:53:46,24.0000,16.2753,9.9906,7.7247
2026-06-15 16:53:48,24.0000,15.9771,9.8012,8.0229
2026-06-15 16:53:50,24.0000,15.9670,9.7655,8.0330
2026-06-15 16:53:50,24.0000,15.9670,9.7655,8.0330
2026-06-15 16:53:52,24.0000,15.6708,9.6870,8.3292
2026-06-15 16:53:52,24.0000,15.6708,9.6870,8.3292
2026-06-15 16:53:54,24.0000,15.6280,9.7479,8.3720
2026-06-15 16:53:54,24.0000,15.6280,9.7479,8.3720
2026-06-15 16:53:56,24.0000,15.6218,9.7476,8.3782
2026-06-15 16:53:56,24.0000,15.6218,9.7476,8.3782
2026-06-15 16:53:58,24.0000,15.6993,9.7226,8.3007
2026-06-15 16:53:58,24.0000,15.6993,9.7226,8.3007
2026-06-15 16:54:00,24.0000,15.7011,9.7469,8.2989
2026-06-15 16:54:02,24.0000,15.5838,9.6983,8.4162
2026-06-15 16:54:02,24.0000,15.5838,9.6983,8.4162
2026-06-15 16:54:08,24.0000,15.5600,9.8360,8.4400
2026-06-15 16:54:10,24.0000,15.5552,9.8324,8.4448
2026-06-15 16:54:12,24.0000,15.5797,9.8028,8.4203
2026-06-15 16:54:14,24.0000,15.5601,9.8234,8.4399
2026-06-15 16:54:16,24.0000,15.6070,9.8170,8.3930
2026-06-15 16:54:18,24.0000,15.5819,9.8410,8.4181
2026-06-15 16:54:20,24.0000,15.5476,9.8174,8.4524
2026-06-15 16:54:22,24.0000,15.4465,9.7698,8.5535
2026-06-15 16:54:24,24.0000,15.4292,9.7636,8.5708
2026-06-15 16:54:26,24.0000,15.4204,9.7608,8.5796
2026-06-15 16:54:28,24.0000,15.4091,9.7560,8.5909
2026-06-15 16:54:35,24.0000,15.4535,9.7919,8.5465
2026-06-15 16:54:37,24.0000,15.4494,9.7873,8.5506
2026-06-15 16:54:39,24.0000,15.4283,9.7876,8.5717
2026-06-15 16:54:41,24.0000,15.4502,9.7753,8.5498
2026-06-15 16:54:43,24.0000,15.4923,9.7668,8.5077
2026-06-15 16:54:45,24.0000,15.4677,9.7914,8.5323
2026-06-15 16:54:47,24.0000,15.4888,9.7927,8.5112
2026-06-15 16:54:49,24.0000,15.4974,9.8005,8.5026
2026-06-15 16:54:51,24.0000,15.4974,9.7995,8.5026
2026-06-15 16:54:53,24.0000,15.5006,9.8046,8.4994
2026-06-15 16:54:55,24.0000,15.4671,9.7982,8.5329
2026-06-15 16:54:57,24.0000,15.5070,9.7891,8.4930
2026-06-15 16:54:59,24.0000,15.4815,9.8022,8.5185
2026-06-15 16:55:01,24.0000,15.5014,9.7875,8.4986
2026-06-15 16:55:03,24.0000,15.4802,9.7746,8.5198
2026-06-15 16:55:05,24.0000,15.5023,9.7875,8.4977
2026-06-15 16:55:07,24.0000,15.4955,9.7883,8.5045
2026-06-15 16:55:09,24.0000,15.4948,9.8004,8.5052
2026-06-15 16:55:11,24.0000,15.4819,9.8022,8.5181
2026-06-15 16:55:13,24.0000,15.4859,9.8062,8.5141
2026-06-15 16:55:15,24.0000,15.4733,9.7951,8.5267
2026-06-15 16:55:21,24.0000,15.4982,9.8195,8.5018
2026-06-15 16:55:23,24.0000,15.4868,9.8152,8.5132
2026-06-15 16:55:25,24.0000,15.4616,9.8130,8.5384
2026-06-15 16:55:27,24.0000,15.4598,9.8115,8.5402
2026-06-15 16:55:29,24.0000,15.5610,9.8063,8.4390
2026-06-15 16:55:31,24.0000,15.5267,9.8192,8.4733
2026-06-15 16:55:33,24.0000,15.4882,9.8014,8.5118
2026-06-15 16:55:38,24.0000,15.4896,9.8188,8.5104
2026-06-15 16:55:40,24.0000,15.4678,9.8084,8.5322
2026-06-15 16:55:42,24.0000,15.4430,9.7990,8.5570
2026-06-15 16:55:44,24.0000,15.4614,9.8118,8.5386
2026-06-15 16:55:46,24.0000,15.5735,9.8108,8.4265
2026-06-15 16:55:48,24.0000,15.5454,9.8556,8.4546
2026-06-15 16:55:54,24.0000,15.5305,9.8642,8.4695
2026-06-15 16:55:56,24.0000,15.5236,9.8647,8.4764
2026-06-15 16:55:58,24.0000,15.4908,9.8675,8.5092
2026-06-15 16:56:00,24.0000,15.4756,9.8671,8.5244
2026-06-15 16:56:02,24.0000,15.5671,9.8313,8.4329
2026-06-15 16:56:04,24.0000,15.6399,9.8739,8.3601
2026-06-15 16:56:06,24.0000,15.6283,9.8744,8.3717
2026-06-15 16:56:08,24.0000,15.6279,9.8737,8.3721
2026-06-15 16:56:10,24.0000,15.5923,9.8666,8.4077
2026-06-15 16:56:12,24.0000,15.5943,9.8672,8.4057
2026-06-15 16:56:14,24.0000,15.5695,9.8632,8.4305
2026-06-15 16:56:16,24.0000,15.5717,9.8722,8.4283
2026-06-15 16:56:18,24.0000,15.6356,9.8722,8.3644
2026-06-15 16:56:20,24.0000,15.6127,9.8925,8.3873
2026-06-15 16:56:22,24.0000,15.6277,9.8818,8.3723
2026-06-15 16:56:24,24.0000,15.6179,9.8933,8.3821
2026-06-15 16:56:26,24.0000,15.6397,9.9162,8.3603
2026-06-15 16:56:28,24.0000,15.6362,9.9151,8.3638
2026-06-15 16:56:30,24.0000,15.6349,9.9152,8.3651
2026-06-15 16:56:32,24.0000,15.6317,9.9109,8.3683
2026-06-15 16:56:34,24.0000,15.6832,9.9028,8.3168
2026-06-15 16:56:36,24.0000,15.6684,9.9173,8.3316
2026-06-15 16:56:38,24.0000,15.6577,9.9171,8.3423
2026-06-15 16:56:40,24.0000,15.6590,9.9167,8.3410
2026-06-15 16:56:42,24.0000,15.6550,9.9166,8.3450
2026-06-15 16:56:44,24.0000,15.6516,9.9164,8.3484
2026-06-15 16:56:46,24.0000,15.7066,9.8774,8.2934
2026-06-15 16:56:48,24.0000,15.6935,9.9015,8.3065
2026-06-15 16:56:50,24.0000,15.6541,9.8998,8.3459
2026-06-15 16:56:52,24.0000,15.6380,9.9072,8.3620
2026-06-15 16:56:54,24.0000,15.6167,9.8954,8.3833
2026-06-15 16:56:56,24.0000,15.5910,9.8921,8.4090
2026-06-15 16:56:58,24.0000,15.5659,9.8763,8.4341
2026-06-15 16:57:00,24.0000,15.5646,9.8760,8.4354
2026-06-15 16:57:02,24.0000,15.5405,9.8551,8.4595
2026-06-15 16:57:04,24.0000,15.5585,9.8479,8.4415
2026-06-15 16:57:06,24.0000,15.6153,9.8623,8.3847
2026-06-15 16:57:08,24.0000,15.6089,9.8555,8.3911
2026-06-15 16:57:10,24.0000,15.6264,9.8723,8.3736
2026-06-15 16:57:17,24.0000,15.6633,9.9083,8.3367
2026-06-15 16:57:19,24.0000,15.6560,9.9098,8.3440
2026-06-15 16:57:21,24.0000,15.6197,9.9036,8.3803
2026-06-15 16:57:23,24.0000,15.6605,9.9252,8.3395
2026-06-15 16:57:25,24.0000,15.7114,9.9245,8.2886
2026-06-15 16:57:27,24.0000,15.6803,9.9383,8.3197
2026-06-15 16:57:29,24.0000,15.6713,9.9363,8.3287
2026-06-15 16:57:31,24.0000,15.6645,9.9348,8.3355
2026-06-15 16:57:33,24.0000,15.6587,9.9343,8.3413
2026-06-15 16:57:35,24.0000,15.6802,9.9327,8.3198
2026-06-15 16:57:37,24.0000,15.6491,9.9296,8.3509
2026-06-15 16:57:39,24.0000,15.7087,9.9242,8.2913
2026-06-15 16:57:45,24.0000,15.6921,9.9274,8.3079
2026-06-15 16:57:47,24.0000,15.7238,9.9497,8.2762
2026-06-15 16:57:49,24.0000,15.6897,9.9456,8.3103
2026-06-15 16:57:51,24.0000,15.6810,9.9438,8.3190
2026-06-15 16:57:53,24.0000,15.7491,9.9393,8.2509
2026-06-15 16:57:55,24.0000,15.7735,9.9679,8.2265
2026-06-15 16:57:57,24.0000,15.7393,9.9663,8.2607
2026-06-15 16:57:59,24.0000,15.7162,9.9718,8.2838
2026-06-15 16:58:01,24.0000,15.7064,9.9700,8.2936
2026-06-15 16:58:03,24.0000,15.7350,9.9553,8.2650
2026-06-15 16:58:08,24.0000,15.7249,9.9669,8.2751
2026-06-15 16:58:17,24.0000,15.7477,9.9570,8.2523
2026-06-15 16:58:19,24.0000,15.7387,9.9552,8.2613
2026-06-15 16:58:21,24.0000,15.7347,9.9624,8.2653
2026-06-15 16:58:23,24.0000,15.7401,9.9677,8.2599
2026-06-15 16:58:25,24.0000,15.7749,9.9642,8.2251
2026-06-15 16:58:27,24.0000,15.7319,9.9678,8.2681
2026-06-15 16:58:29,24.0000,15.7225,9.9674,8.2775
2026-06-15 16:58:31,24.0000,15.7192,9.9652,8.2808
2026-06-15 16:58:33,24.0000,15.7580,9.9799,8.2420
2026-06-15 16:58:35,24.0000,15.7412,9.9712,8.2588
2026-06-15 16:58:37,24.0000,15.7850,9.9663,8.2150
2026-06-15 16:58:39,24.0000,15.7777,9.9875,8.2223
2026-06-15 16:58:41,24.0000,15.7602,9.9845,8.2398
2026-06-15 16:58:43,24.0000,15.7723,9.9841,8.2277
2026-06-15 16:58:45,24.0000,15.7880,9.9857,8.2120
2026-06-15 16:58:47,24.0000,15.7772,9.9857,8.2228
2026-06-15 16:58:49,24.0000,15.7522,9.9814,8.2478
2026-06-15 16:58:51,24.0000,14.3181,9.3059,9.6819
2026-06-15 16:58:53,24.0000,14.2928,9.2923,9.7072
2026-06-15 16:58:55,24.0000,14.2796,9.2809,9.7204
2026-06-15 16:58:57,24.0000,14.2588,9.2684,9.7412
2026-06-15 16:58:59,24.0000,14.2569,9.2680,9.7431
2026-06-15 16:59:01,24.0000,14.2568,9.2677,9.7432
2026-06-15 16:59:03,24.0000,14.3148,9.2490,9.6852
2026-06-15 16:59:05,24.0000,14.3007,9.2490,9.6993
2026-06-15 16:59:07,24.0000,14.2898,9.2177,9.7102
2026-06-15 16:59:09,24.0000,14.2979,9.2154,9.7021
2026-06-15 16:59:11,24.0000,14.2575,9.2227,9.7425
2026-06-15 16:59:13,24.0000,14.2460,9.2173,9.7540
2026-06-15 16:59:15,24.0000,14.2544,9.2124,9.7456
2026-06-15 16:59:17,24.0000,14.2506,9.2271,9.7494
2026-06-15 16:59:19,24.0000,14.2396,9.2331,9.7604
2026-06-15 16:59:21,24.0000,14.2735,9.2236,9.7265
2026-06-15 16:59:23,24.0000,14.2659,9.2207,9.7341
2026-06-15 16:59:25,24.0000,14.2566,9.2423,9.7434
2026-06-15 16:59:27,24.0000,14.3282,9.2242,9.6718
2026-06-15 16:59:29,24.0000,14.2866,9.2395,9.7134
2026-06-15 16:59:31,24.0000,14.2701,9.2316,9.7299
2026-06-15 16:59:33,24.0000,14.3050,9.2195,9.6950
2026-06-15 16:59:35,24.0000,14.2932,9.2393,9.7068
2026-06-15 16:59:37,24.0000,14.2855,9.2375,9.7145
2026-06-15 16:59:39,24.0000,14.2707,9.2312,9.7293
2026-06-15 16:59:41,24.0000,14.3014,9.2555,9.6986
2026-06-15 16:59:43,24.0000,14.3331,9.2377,9.6669
2026-06-15 16:59:45,24.0000,14.3293,9.2582,9.6707
2026-06-15 16:59:47,24.0000,14.3667,9.2755,9.6333
2026-06-15 16:59:49,24.0000,14.3608,9.2929,9.6392
2026-06-15 16:59:51,24.0000,14.3859,9.2841,9.6141
2026-06-15 16:59:53,24.0000,14.3730,9.2982,9.6270
2026-06-15 16:59:59,24.0000,14.3933,9.2926,9.6067
2026-06-15 17:00:01,24.0000,14.3897,9.2914,9.6103
2026-06-15 17:00:03,24.0000,14.4241,9.2899,9.5759
2026-06-15 17:00:05,24.0000,14.4015,9.3092,9.5985
2026-06-15 17:00:07,24.0000,14.4423,9.2952,9.5577
2026-06-15 17:00:16,24.0000,14.4141,9.3065,9.5859
2026-06-15 17:00:18,24.0000,14.3988,9.3023,9.6012
2026-06-15 17:00:20,24.0000,14.3743,9.2986,9.6257
2026-06-15 17:00:22,24.0000,14.3666,9.2964,9.6334
2026-06-15 17:01:44,24.0000,11.9887,7.8811,12.0113
2026-06-15 17:01:46,24.0000,11.9761,7.8923,12.0239
2026-06-15 17:02:25,24.0000,11.8690,7.8331,12.1310
2026-06-15 17:02:27,24.0000,11.8678,7.8290,12.1322
2026-06-15 17:03:23,24.0000,11.8745,7.8418,12.1255
2026-06-15 17:04:28,24.0000,11.8805,7.8644,12.1195
2026-06-15 17:04:30,24.0000,11.8884,7.8554,12.1116
2026-06-15 17:04:49,24.0000,11.9058,7.8706,12.0942
2026-06-15 17:04:51,24.0000,11.9051,7.8708,12.0949
2026-06-15 17:05:06,24.0000,11.9308,7.8824,12.0692
2026-06-15 17:05:08,24.0000,11.9077,7.8741,12.0923
2026-06-15 17:05:10,24.0000,11.8901,7.8781,12.1099
2026-06-15 17:05:12,24.0000,11.8774,7.8732,12.1226
2026-06-15 17:05:35,24.0000,11.9130,7.8842,12.0870
2026-06-15 17:05:37,24.0000,11.9128,7.8805,12.0872
2026-06-15 17:05:56,24.0000,11.9107,7.8961,12.0893
2026-06-15 17:05:58,24.0000,11.9176,7.8825,12.0824
2026-06-15 17:06:00,24.0000,11.8791,7.8730,12.1209
2026-06-15 17:06:02,24.0000,11.8694,7.8726,12.1306
2026-06-15 17:06:04,24.0000,11.9229,7.8674,12.0771
2026-06-15 17:06:06,24.0000,11.8913,7.8886,12.1087
2026-06-15 17:06:08,24.0000,11.8813,7.8759,12.1187
2026-06-15 17:06:29,24.0000,12.1597,8.0140,11.8403
2026-06-15 17:06:30,24.0000,12.1609,8.0066,11.8391
2026-06-15 17:06:33,24.0000,12.1388,8.0264,11.8612
2026-06-15 17:06:34,24.0000,12.1322,8.0138,11.8678
2026-06-15 17:06:36,24.0000,12.1783,7.9971,11.8217
2026-06-15 17:06:39,24.0000,12.1399,8.0114,11.8601
2026-06-15 17:06:40,24.0000,12.1009,7.9928,11.8991
2026-06-15 17:06:42,24.0000,12.1176,8.0004,11.8824
2026-06-15 17:07:00,24.0000,12.1553,8.0231,11.8447
2026-06-15 17:07:02,24.0000,12.1462,8.0135,11.8538
2026-06-15 17:07:04,24.0000,12.1229,8.0042,11.8771
2026-06-15 17:07:06,24.0000,12.1147,8.0027,11.8853
2026-06-15 17:07:14,24.0000,12.1482,8.0123,11.8518
2026-06-15 17:07:16,24.0000,12.1391,8.0007,11.8609
2026-06-15 17:07:33,24.0000,12.1150,7.9904,11.8850
2026-06-15 17:07:42,24.0000,12.1691,8.0196,11.8309
2026-06-15 17:07:44,24.0000,12.1620,8.0083,11.8380
2026-06-15 17:07:52,24.0000,12.1294,8.0051,11.8706
2026-06-15 17:07:54,24.0000,12.1337,7.9923,11.8663
2026-06-15 17:08:04,24.0000,12.1505,8.0206,11.8495
2026-06-15 17:08:06,24.0000,12.1443,8.0049,11.8557
2026-06-15 17:08:08,24.0000,12.1213,8.0142,11.8787
2026-06-15 17:08:35,24.0000,12.1517,8.0209,11.8483
2026-06-15 17:08:49,24.0000,12.1594,8.0295,11.8406
2026-06-15 17:09:08,24.0000,12.1203,8.0023,11.8797
2026-06-15 17:09:10,24.0000,12.1229,7.9969,11.8771
2026-06-15 17:09:12,24.0000,12.0993,8.0061,11.9007
2026-06-15 17:09:53,24.0000,12.1598,8.0126,11.8402
2026-06-15 17:09:55,24.0000,12.2023,8.0047,11.7977
2026-06-15 17:09:57,24.0000,12.3332,8.0181,11.6668
2026-06-15 17:09:59,24.0000,12.3408,8.0700,11.6592
2026-06-15 17:10:01,24.0000,12.2986,8.0154,11.7014
2026-06-15 17:10:03,24.0000,12.2573,8.0269,11.7427
2026-06-15 17:10:05,24.0000,12.2228,8.0267,11.7772
2026-06-15 17:10:07,24.0000,12.2507,8.0081,11.7493
2026-06-15 17:10:09,24.0000,12.2077,8.0353,11.7923
2026-06-15 17:10:11,24.0000,12.1960,8.0275,11.8040
2026-06-15 17:10:13,24.0000,12.1817,8.0173,11.8183
2026-06-15 17:10:15,24.0000,12.2189,8.0102,11.7811
2026-06-15 17:10:17,24.0000,12.2181,8.0171,11.7819
2026-06-15 17:10:19,24.0000,12.2192,8.0153,11.7808
2026-06-15 17:10:21,24.0000,12.2335,8.0089,11.7665
2026-06-15 17:10:23,24.0000,12.3064,8.0062,11.6936
2026-06-15 17:10:25,24.0000,12.2978,8.0375,11.7022
2026-06-15 17:10:27,24.0000,12.2754,8.0449,11.7246
2026-06-15 17:10:29,24.0000,12.2755,8.0399,11.7245
2026-06-15 17:10:34,24.0000,12.2711,8.0458,11.7289
2026-06-15 17:10:36,24.0000,12.2585,8.0301,11.7415
2026-06-15 17:10:38,24.0000,12.2409,8.0300,11.7591
2026-06-15 17:10:50,24.0000,12.2714,8.0577,11.7286
2026-06-15 17:10:52,24.0000,12.2835,8.0406,11.7165
2026-06-15 17:11:15,24.0000,12.3056,8.0741,11.6944
2026-06-15 17:11:30,24.0000,12.3260,8.0788,11.6740
2026-06-15 17:11:32,24.0000,12.3127,8.0681,11.6873
2026-06-15 17:11:34,24.0000,12.2710,8.0701,11.7290
2026-06-15 17:11:53,24.0000,12.2999,8.0757,11.7001
2026-06-15 17:11:55,24.0000,12.2993,8.0637,11.7007
2026-06-15 17:11:57,24.0000,12.2759,8.0680,11.7241
2026-06-15 17:11:59,24.0000,12.2712,8.0673,11.7288
2026-06-15 17:12:09,24.0000,12.3198,8.0853,11.6802
2026-06-15 17:12:14,24.0000,12.3015,8.0814,11.6985
2026-06-15 17:12:22,24.0000,12.3421,8.0990,11.6579
2026-06-15 17:15:44,24.0000,12.3695,8.1154,11.6305
2026-06-15 17:15:56,24.0000,12.4764,8.1623,11.5236
2026-06-15 17:16:06,24.0000,12.4851,8.1781,11.5149
2026-06-15 17:16:08,24.0000,12.4721,8.1611,11.5279
2026-06-15 17:16:54,24.0000,12.4400,8.1584,11.5600
2026-06-15 17:17:03,24.0000,12.4778,8.1593,11.5222
2026-06-15 17:17:05,24.0000,12.4668,8.1409,11.5332
2026-06-15 17:17:27,24.0000,12.3928,8.1223,11.6072
2026-06-15 17:17:29,24.0000,12.3969,8.1043,11.6031
2026-06-15 17:17:46,24.0000,12.4187,8.1361,11.5813
2026-06-15 17:17:48,24.0000,12.4746,8.1313,11.5254
2026-06-15 17:18:49,24.0000,12.4229,8.1357,11.5771
2026-06-15 17:18:51,24.0000,12.4210,8.1231,11.5790
2026-06-15 17:18:53,24.0000,12.3952,8.1263,11.6048
2026-06-15 17:19:09,24.0000,12.4012,8.1305,11.5988
2026-06-15 17:19:11,24.0000,12.4604,8.1089,11.5396
2026-06-15 17:19:13,24.0000,12.4100,8.1337,11.5900
2026-06-15 17:19:31,24.0000,12.4240,8.1407,11.5760
2026-06-15 17:19:39,24.0000,12.6393,8.1245,11.3607
2026-06-15 17:19:54,24.0000,12.4907,8.1377,11.5093
2026-06-15 17:20:17,24.0000,12.5013,8.1472,11.4987
2026-06-15 17:20:19,24.0000,12.4919,8.1411,11.5081
2026-06-15 17:20:21,24.0000,12.5679,8.1279,11.4321
2026-06-15 17:20:23,24.0000,12.5510,8.1488,11.4490
2026-06-15 17:20:25,24.0000,12.5893,8.1339,11.4107
2026-06-15 17:20:27,24.0000,12.5405,8.1441,11.4595
2026-06-15 17:20:29,24.0000,12.5188,8.1430,11.4812
2026-06-15 17:20:31,24.0000,12.4820,8.1388,11.5180
2026-06-15 17:20:33,24.0000,12.4805,8.1387,11.5195
2026-06-15 17:20:35,24.0000,12.5136,8.1278,11.4864
2026-06-15 17:20:37,24.0000,12.5039,8.1248,11.4961
2026-06-15 17:20:39,24.0000,12.4916,8.1419,11.5084
2026-06-15 17:20:41,24.0000,12.4982,8.1360,11.5018
2026-06-15 17:20:43,24.0000,12.4879,8.1415,11.5121
2026-06-15 17:20:45,24.0000,12.4722,8.1379,11.5278
2026-06-15 17:20:47,24.0000,12.4996,8.1444,11.5004
2026-06-15 17:20:49,24.0000,12.5549,8.1488,11.4451
2026-06-15 17:20:51,24.0000,12.5656,8.1544,11.4344
2026-06-15 17:20:53,24.0000,12.5278,8.1399,11.4722
2026-06-15 17:20:55,24.0000,12.5184,8.1336,11.4816
2026-06-15 17:20:57,24.0000,12.5010,8.1311,11.4990
2026-06-15 17:20:59,24.0000,12.5266,8.1344,11.4734
2026-06-15 17:21:01,24.0000,12.5419,8.1382,11.4581
2026-06-15 17:21:03,24.0000,12.5086,8.1330,11.4914
2026-06-15 17:21:05,24.0000,12.5410,8.1252,11.4590
2026-06-15 17:21:07,24.0000,12.5273,8.1389,11.4727
2026-06-15 17:21:09,24.0000,12.5475,8.1405,11.4525
2026-06-15 17:21:11,24.0000,12.5224,8.1346,11.4776
2026-06-15 17:21:13,24.0000,12.5177,8.1331,11.4823
2026-06-15 17:21:19,24.0000,12.5399,8.1441,11.4601
2026-06-15 17:21:21,24.0000,12.5095,8.1393,11.4905
2026-06-15 17:21:23,24.0000,12.4868,8.1348,11.5132
2026-06-15 17:21:25,24.0000,12.4761,8.1346,11.5239
2026-06-15 17:21:56,24.0000,12.5364,8.1460,11.4636
2026-06-15 17:22:06,24.0000,12.5872,8.1766,11.4128
2026-06-15 17:22:08,24.0000,12.5681,8.1629,11.4319
2026-06-15 17:22:46,24.0000,12.5455,8.1639,11.4545
2026-06-15 17:22:48,24.0000,12.6020,8.1655,11.3980
2026-06-15 17:22:50,24.0000,12.5602,8.1554,11.4398
2026-06-15 17:22:52,24.0000,12.5725,8.1327,11.4275
2026-06-15 17:22:54,24.0000,12.6156,8.1417,11.3844
2026-06-15 17:22:59,24.0000,12.5789,8.1764,11.4211
2026-06-15 17:23:01,24.0000,12.5685,8.1660,11.4315
2026-06-15 17:23:03,24.0000,12.5395,8.2019,11.4605
2026-06-15 17:23:05,24.0000,12.5180,8.1971,11.4820
2026-06-15 17:23:29,24.0000,12.5612,8.1676,11.4388
2026-06-15 17:23:31,24.0000,12.5607,8.1615,11.4393
2026-06-15 17:23:42,24.0000,12.5882,8.1877,11.4118
2026-06-15 17:23:50,24.0000,12.6136,8.1652,11.3864
2026-06-15 17:23:52,24.0000,12.5990,8.1679,11.4010
2026-06-15 17:23:54,24.0000,12.5568,8.1733,11.4432
2026-06-15 17:23:56,24.0000,12.5427,8.1698,11.4573
2026-06-15 17:24:07,24.0000,12.5478,8.1695,11.4522
2026-06-15 17:24:09,24.0000,12.5479,8.1533,11.4521
2026-06-15 17:24:11,24.0000,12.5305,8.1919,11.4695
2026-06-15 17:24:13,24.0000,12.5238,8.1905,11.4762
2026-06-15 17:24:15,24.0000,12.5771,8.1676,11.4229
2026-06-15 17:24:17,24.0000,12.5469,8.1707,11.4531
2026-06-15 17:24:19,24.0000,12.5252,8.1401,11.4748
2026-06-15 17:24:21,24.0000,12.5274,8.1556,11.4726
2026-06-15 17:24:23,24.0000,12.5231,8.1536,11.4769
2026-06-15 17:24:25,24.0000,12.5184,8.1537,11.4816
2026-06-15 17:24:52,24.0000,12.5625,8.1713,11.4375
2026-06-15 17:24:54,24.0000,12.5524,8.1604,11.4476
2026-06-15 17:24:56,24.0000,12.5275,8.1633,11.4725
2026-06-15 17:25:14,24.0000,12.5667,8.1833,11.4333
2026-06-15 17:25:34,24.0000,12.6283,8.1755,11.3717
2026-06-15 17:25:54,24.0000,12.5724,8.1912,11.4276
2026-06-15 17:25:56,24.0000,12.5714,8.1815,11.4286
2026-06-15 17:26:25,24.0000,12.5532,8.1784,11.4468
2026-06-15 17:26:27,24.0000,12.5514,8.1730,11.4486
2026-06-15 17:27:50,24.0000,12.5893,8.2199,11.4107
2026-06-15 17:27:51,24.0000,12.5916,8.2050,11.4084
2026-06-15 17:28:45,24.0000,12.5841,8.2075,11.4159
2026-06-15 17:29:18,24.0000,12.5837,8.2130,11.4163
2026-06-15 17:29:36,24.0000,12.5924,8.2221,11.4076
2026-06-15 17:29:38,24.0000,12.5846,8.2022,11.4154
2026-06-15 17:29:40,24.0000,12.5616,8.2066,11.4384
2026-06-15 17:30:02,24.0000,12.6316,8.2338,11.3684
2026-06-15 17:31:13,24.0000,12.5935,8.2225,11.4065
2026-06-15 17:31:27,24.0000,12.6088,8.2271,11.3912
2026-06-15 17:31:43,24.0000,12.5985,8.2260,11.4015
2026-06-15 17:31:53,24.0000,12.6145,8.2348,11.3855
2026-06-15 17:32:57,24.0000,12.6460,8.2481,11.3540
2026-06-15 17:33:35,24.0000,12.6642,8.2544,11.3358
2026-06-15 17:33:47,24.0000,12.7083,8.2810,11.2917
2026-06-15 17:34:00,24.0000,12.6870,8.2742,11.3130
2026-06-15 17:34:02,24.0000,12.6805,8.2716,11.3195
2026-06-15 17:34:04,24.0000,12.6435,8.2651,11.3565
2026-06-15 17:34:06,24.0000,12.6166,8.2560,11.3834
2026-06-15 17:34:08,24.0000,12.7007,8.2261,11.2993
2026-06-15 17:34:16,24.0000,12.6661,8.2594,11.3339
2026-06-15 17:34:18,24.0000,12.6461,8.2570,11.3539
2026-06-15 17:34:20,24.0000,12.5982,8.2415,11.4018
2026-06-15 17:34:22,24.0000,12.6373,8.2504,11.3627
2026-06-15 17:34:24,24.0000,12.6903,8.2370,11.3097
2026-06-15 17:34:26,24.0000,12.6446,8.2534,11.3554
2026-06-15 17:34:28,24.0000,12.6393,8.2390,11.3607
2026-06-15 17:34:42,24.0000,12.6327,8.2413,11.3673
2026-06-15 17:34:44,24.0000,12.6249,8.2392,11.3751
2026-06-15 17:35:13,24.0000,12.5184,8.2617,11.4816
2026-06-15 17:35:15,24.0000,12.5122,8.2506,11.4878
2026-06-15 17:35:17,24.0000,12.4825,8.2453,11.5175
2026-06-15 17:35:28,24.0000,12.5007,8.2545,11.4993
2026-06-15 17:35:30,24.0000,12.4918,8.2531,11.5082
2026-06-15 17:35:48,24.0000,12.5002,8.2509,11.4998
2026-06-15 17:35:50,24.0000,12.4950,8.2421,11.5050
2026-06-15 17:35:52,24.0000,12.4764,8.2414,11.5236
2026-06-15 17:36:31,24.0000,12.5035,8.2500,11.4965
2026-06-15 17:36:33,24.0000,12.4939,8.2394,11.5061
2026-06-15 17:36:40,24.0000,12.5526,8.2766,11.4474
2026-06-15 17:36:42,24.0000,12.5351,8.2655,11.4649
2026-06-15 17:37:09,24.0000,12.4953,8.2424,11.5047
2026-06-15 17:37:11,24.0000,12.4951,8.2442,11.5049
2026-06-15 17:37:13,24.0000,12.4703,8.2440,11.5297
2026-06-15 17:37:15,24.0000,12.4582,8.2409,11.5418
2026-06-15 17:37:23,24.0000,12.5304,8.2690,11.4696
2026-06-15 17:37:25,24.0000,12.5158,8.2460,11.4842
2026-06-15 17:37:27,24.0000,12.4747,8.2466,11.5253
2026-06-15 17:37:29,24.0000,12.4619,8.2459,11.5381
2026-06-15 17:37:31,24.0000,12.5125,8.2340,11.4875
2026-06-15 17:37:41,24.0000,12.5289,8.2657,11.4711
2026-06-15 17:37:43,24.0000,12.5092,8.2645,11.4908
2026-06-15 17:37:45,24.0000,12.4788,8.2594,11.5212
2026-06-15 17:37:51,24.0000,12.5515,8.2774,11.4485
2026-06-15 17:37:53,24.0000,12.5244,8.2671,11.4756
2026-06-15 17:38:04,24.0000,12.5054,8.2695,11.4946
2026-06-15 17:38:15,24.0000,12.5301,8.2768,11.4699
2026-06-15 17:38:29,24.0000,12.5243,8.2697,11.4757
2026-06-15 17:38:31,24.0000,12.5140,8.2434,11.4860
2026-06-15 17:38:33,24.0000,12.4848,8.2642,11.5152
2026-06-15 17:38:35,24.0000,12.6339,8.2557,11.3661
2026-06-15 17:38:43,24.0000,12.5256,8.2753,11.4744
2026-06-15 17:39:13,24.0000,12.5171,8.2631,11.4829
2026-06-15 17:39:15,24.0000,12.5179,8.2595,11.4821
2026-06-15 17:39:17,24.0000,12.4803,8.2542,11.5197
2026-06-15 17:40:13,24.0000,13.0026,8.5245,10.9974
2026-06-15 17:40:15,24.0000,12.9933,8.5121,11.0067
2026-06-15 17:44:03,24.0000,13.5064,8.8872,10.4936
2026-06-15 17:44:05,24.0000,13.4874,8.8728,10.5126
2026-06-15 17:44:35,24.0000,13.4497,8.8614,10.5503
2026-06-15 17:44:55,24.0000,13.3495,8.8107,10.6505
2026-06-15 17:44:57,24.0000,13.3439,8.8063,10.6561
2026-06-15 17:44:59,24.0000,13.3160,8.8006,10.6840
2026-06-15 17:45:10,24.0000,13.3769,8.8394,10.6231
2026-06-15 17:45:44,24.0000,13.3506,8.8250,10.6494
2026-06-15 17:45:46,24.0000,13.3427,8.7912,10.6573
2026-06-15 17:45:48,24.0000,13.3197,8.7963,10.6803
2026-06-15 17:45:50,24.0000,13.3126,8.8143,10.6874
2026-06-15 17:45:52,24.0000,13.3619,8.7985,10.6381
2026-06-15 17:45:54,24.0000,13.3318,8.8087,10.6682
2026-06-15 17:45:56,24.0000,13.3237,8.8139,10.6763
2026-06-15 17:45:58,24.0000,13.3238,8.7871,10.6762
2026-06-15 17:46:00,24.0000,13.3145,8.7869,10.6855
2026-06-15 17:46:02,24.0000,13.3714,8.8266,10.6286
2026-06-15 17:46:04,24.0000,13.3505,8.8121,10.6495
2026-06-15 17:46:09,24.0000,13.3652,8.8260,10.6348
2026-06-15 17:46:11,24.0000,13.3522,8.8240,10.6478
2026-06-15 17:46:13,24.0000,13.3235,8.8195,10.6765
2026-06-15 17:46:15,24.0000,13.3962,8.8001,10.6038
2026-06-15 17:46:21,24.0000,13.4174,8.8488,10.5826
2026-06-15 17:46:23,24.0000,13.3947,8.8441,10.6053
2026-06-15 17:46:25,24.0000,13.3434,8.8335,10.6566
2026-06-15 17:46:27,24.0000,13.3326,8.8328,10.6674
2026-06-15 17:46:29,24.0000,13.3676,8.8146,10.6324
2026-06-15 17:46:31,24.0000,13.3298,8.8118,10.6702
2026-06-15 17:46:33,24.0000,13.3893,8.8300,10.6107
2026-06-15 17:46:35,24.0000,13.4437,8.8300,10.5563
2026-06-15 17:46:37,24.0000,13.4208,8.8053,10.5792
2026-06-15 17:46:39,24.0000,13.4057,8.8037,10.5943
2026-06-15 17:46:41,24.0000,13.3601,8.7999,10.6399
2026-06-15 17:46:43,24.0000,13.3885,8.7881,10.6115
2026-06-15 17:46:45,24.0000,13.3555,8.7788,10.6445
2026-06-15 17:46:47,24.0000,13.3612,8.7789,10.6388
2026-06-15 17:46:49,24.0000,13.3564,8.8074,10.6436
2026-06-15 17:46:51,24.0000,13.3685,8.7995,10.6315
2026-06-15 17:46:53,24.0000,13.3575,8.7998,10.6425
2026-06-15 17:46:55,24.0000,13.3452,8.8097,10.6548
2026-06-15 17:46:57,24.0000,13.3367,8.8032,10.6633
2026-06-15 17:46:59,24.0000,13.3224,8.8033,10.6776
2026-06-15 17:47:01,24.0000,13.3565,8.8195,10.6435
2026-06-15 17:47:03,24.0000,13.3679,8.8045,10.6321
2026-06-15 17:47:05,24.0000,13.3540,8.8032,10.6460
2026-06-15 17:47:07,24.0000,13.3594,8.8032,10.6406
2026-06-15 17:47:09,24.0000,13.3495,8.8030,10.6505
2026-06-15 17:47:11,24.0000,13.3378,8.8058,10.6622
2026-06-15 17:47:13,24.0000,13.3320,8.8030,10.6680
2026-06-15 17:47:15,24.0000,13.3316,8.8022,10.6684
2026-06-15 17:47:17,24.0000,13.3228,8.8008,10.6772
2026-06-15 17:47:19,24.0000,13.3916,8.7921,10.6084
2026-06-15 17:47:21,24.0000,13.3646,8.8062,10.6354
2026-06-15 17:47:23,24.0000,13.3642,8.8049,10.6358
2026-06-15 17:47:30,24.0000,13.3928,8.8158,10.6072
2026-06-15 17:47:32,24.0000,13.3717,8.8049,10.6283
2026-06-15 17:47:34,24.0000,13.3413,8.7995,10.6587
2026-06-15 17:47:36,24.0000,13.3315,8.7970,10.6685
2026-06-15 17:47:38,24.0000,13.3901,8.7847,10.6099
2026-06-15 17:47:40,24.0000,13.3534,8.8131,10.6466
2026-06-15 17:47:59,24.0000,13.4398,8.8123,10.5602
2026-06-15 17:48:01,24.0000,13.4361,8.7996,10.5639
2026-06-15 17:48:03,24.0000,13.4013,8.8021,10.5987
2026-06-15 17:48:05,24.0000,13.3918,8.8009,10.6082
2026-06-15 17:48:07,24.0000,13.4420,8.7871,10.5580
2026-06-15 17:48:09,24.0000,13.4117,8.8160,10.5883
2026-06-15 17:48:17,24.0000,13.4815,8.8299,10.5185
2026-06-15 17:48:19,24.0000,13.4498,8.8157,10.5502
2026-06-15 17:48:21,24.0000,13.3194,8.8284,10.6806
2026-06-15 17:48:23,24.0000,13.3063,8.8212,10.6937
2026-06-15 18:45:50,24.0000,14.2437,9.7948,9.7563
2026-06-15 18:45:52,24.0000,14.2546,9.7575,9.7454
2026-06-15 18:45:54,24.0000,14.2368,9.7743,9.7632
2026-06-15 19:10:17,24.0000,14.5494,9.7672,9.4506
2026-06-15 19:10:19,24.0000,14.5562,9.7659,9.4438
2026-06-15 19:10:21,24.0000,14.6015,9.7167,9.3985
2026-06-15 19:10:23,24.0000,14.5963,9.7859,9.4037
2026-06-15 19:10:25,24.0000,14.6737,9.8107,9.3263
2026-06-15 19:10:27,24.0000,14.6188,9.8182,9.3812
2026-06-15 19:10:29,24.0000,14.6193,9.8329,9.3807
2026-06-15 19:10:31,24.0000,14.6160,9.8306,9.3840
2026-06-15 19:10:33,24.0000,14.6006,9.8279,9.3994
2026-06-15 19:10:35,24.0000,14.6005,9.8273,9.3995
2026-06-15 19:10:37,24.0000,14.5706,9.7958,9.4294
2026-06-15 19:10:39,24.0000,14.5776,9.7929,9.4224
2026-06-15 19:10:41,24.0000,14.5666,9.7928,9.4334
2026-06-15 19:10:43,24.0000,14.5693,9.7902,9.4307
2026-06-15 19:10:45,24.0000,14.5681,9.7967,9.4319
2026-06-15 19:10:47,24.0000,14.5893,9.7834,9.4107
2026-06-15 19:10:49,24.0000,14.5908,9.7975,9.4092
2026-06-15 19:10:51,24.0000,14.5995,9.8002,9.4005
2026-06-15 19:10:53,24.0000,14.5888,9.8006,9.4112
2026-06-15 19:10:55,24.0000,14.5795,9.8057,9.4205
2026-06-15 19:11:00,24.0000,14.5702,9.7919,9.4298
2026-06-15 19:11:02,24.0000,14.5640,9.7851,9.4360
2026-06-15 19:11:04,24.0000,14.5375,9.7795,9.4625
2026-06-15 19:11:06,24.0000,14.5166,9.7691,9.4834
2026-06-15 19:11:08,24.0000,14.5884,9.7620,9.4116
2026-06-15 19:11:10,24.0000,14.5681,9.7838,9.4319
2026-06-15 19:11:12,24.0000,14.5573,9.7921,9.4427
2026-06-15 19:11:14,24.0000,14.6373,9.7610,9.3627
2026-06-15 19:11:16,24.0000,14.5956,9.8045,9.4044
2026-06-15 19:11:18,24.0000,14.5823,9.8026,9.4177
2026-06-15 19:11:20,24.0000,14.5511,9.8000,9.4489
2026-06-15 19:11:22,24.0000,14.5367,9.7919,9.4633
2026-06-15 19:11:24,24.0000,14.5328,9.7889,9.4672
2026-06-15 19:11:26,24.0000,14.5413,9.7899,9.4587
2026-06-15 19:11:28,24.0000,14.5428,9.7872,9.4572
2026-06-15 19:11:30,24.0000,14.5416,9.7568,9.4584
2026-06-15 19:11:32,24.0000,14.5257,9.7725,9.4743
2026-06-15 19:11:34,24.0000,14.5276,9.7859,9.4724
2026-06-15 19:11:36,24.0000,14.5282,9.7823,9.4718
2026-06-15 19:11:38,24.0000,14.5291,9.7773,9.4709
2026-06-15 19:11:40,24.0000,14.5342,9.7757,9.4658
2026-06-15 19:11:42,24.0000,14.5110,9.7628,9.4890
2026-06-15 19:11:44,24.0000,14.5127,9.7635,9.4873
2026-06-15 19:11:46,24.0000,14.5125,9.7653,9.4875
2026-06-15 19:11:48,24.0000,14.5045,9.7771,9.4955
2026-06-15 19:11:50,24.0000,14.5035,9.7600,9.4965
2026-06-15 19:11:52,24.0000,14.5694,9.7216,9.4306
2026-06-15 19:15:39,24.0000,14.8023,9.8591,9.1977
2026-06-15 19:15:41,24.0000,14.7933,9.8807,9.2067
2026-06-15 19:15:43,24.0000,14.7747,9.8779,9.2253
2026-06-15 19:15:45,24.0000,14.7778,9.8282,9.2222
2026-06-15 19:15:47,24.0000,14.6599,9.7681,9.3401
2026-06-15 19:15:49,24.0000,14.6289,9.7843,9.3711
2026-06-15 19:15:51,24.0000,14.6210,9.7702,9.3790
2026-06-15 19:15:53,24.0000,14.6199,9.7665,9.3801
2026-06-15 19:15:55,24.0000,14.5956,9.7654,9.4044
2026-06-15 19:15:57,24.0000,14.5720,9.7515,9.4280
2026-06-15 19:15:59,24.0000,14.5852,9.6949,9.4148
2026-06-15 19:17:36,24.0000,14.8467,9.8255,9.1533
2026-06-15 19:17:38,24.0000,14.8892,9.7920,9.1108
2026-06-15 19:17:40,24.0000,14.8586,9.8752,9.1414
2026-06-15 19:17:42,24.0000,14.8483,9.8734,9.1517
2026-06-15 19:17:44,24.0000,14.6944,9.7725,9.3056
2026-06-15 19:17:46,24.0000,14.7408,9.7671,9.2592
2026-06-15 19:17:48,24.0000,14.7081,9.7810,9.2919
2026-06-15 19:17:50,24.0000,14.6888,9.7810,9.3112
2026-06-15 19:17:52,24.0000,14.6747,9.7715,9.3253
2026-06-15 19:17:54,24.0000,14.6864,9.7704,9.3136
2026-06-15 19:17:56,24.0000,14.6637,9.7681,9.3363
2026-06-15 19:17:58,24.0000,14.6488,9.7622,9.3512
2026-06-15 19:20:59,24.0000,14.8577,9.8134,9.1423
2026-06-15 19:21:01,24.0000,14.8513,9.8736,9.1487
2026-06-15 19:21:03,24.0000,14.8270,9.8725,9.1730
2026-06-15 19:21:05,24.0000,14.8363,9.8650,9.1637
2026-06-15 19:21:07,24.0000,14.6769,9.7445,9.3231
2026-06-15 19:21:09,24.0000,14.6687,9.7904,9.3313
2026-06-15 19:21:11,24.0000,14.6587,9.7836,9.3413
2026-06-15 19:21:13,24.0000,14.6567,9.7807,9.3433
2026-06-15 19:21:15,24.0000,14.6646,9.7363,9.3354
2026-06-15 19:21:51,24.0000,14.8407,9.8319,9.1593
2026-06-15 19:21:53,24.0000,14.9119,9.8566,9.0881
2026-06-15 19:21:55,24.0000,14.8779,9.8686,9.1221
2026-06-15 19:21:57,24.0000,14.8773,9.8601,9.1227
2026-06-15 19:21:59,24.0000,14.7378,9.7556,9.2622
2026-06-15 19:22:01,24.0000,14.7895,9.7717,9.2105
2026-06-15 19:22:03,24.0000,14.7278,9.7937,9.2722
2026-06-15 19:22:05,24.0000,14.7343,9.7862,9.2657
2026-06-15 19:22:07,24.0000,14.7772,9.8164,9.2228
2026-06-15 19:22:09,24.0000,14.7480,9.8082,9.2520
2026-06-15 19:22:11,24.0000,14.7423,9.8009,9.2577
2026-06-15 19:22:13,24.0000,14.7422,9.8041,9.2578
2026-06-15 19:22:15,24.0000,14.7286,9.8071,9.2714
2026-06-15 19:22:17,24.0000,14.7085,9.8069,9.2915
2026-06-15 19:22:19,24.0000,14.7335,9.8014,9.2665
2026-06-15 19:22:21,24.0000,14.7222,9.7697,9.2778
2026-06-15 19:22:23,24.0000,14.7328,9.7879,9.2672
2026-06-15 19:22:25,24.0000,14.7211,9.7811,9.2789
2026-06-15 19:22:27,24.0000,14.7166,9.7939,9.2834
2026-06-15 19:22:29,24.0000,14.7103,9.7937,9.2897
2026-06-15 19:22:31,24.0000,14.7100,9.7789,9.2900
2026-06-15 19:22:33,24.0000,14.7023,9.7896,9.2977
2026-06-15 19:22:35,24.0000,14.7027,9.7894,9.2973
2026-06-15 19:22:37,24.0000,14.6928,9.7948,9.3072
2026-06-15 19:22:39,24.0000,14.7034,9.7915,9.2966
2026-06-15 19:22:41,24.0000,14.7045,9.7877,9.2955
2026-06-15 19:22:43,24.0000,14.6960,9.7886,9.3040
2026-06-15 19:22:45,24.0000,14.7062,9.7831,9.2938
2026-06-15 19:22:47,24.0000,14.7065,9.7820,9.2935
2026-06-15 19:22:49,24.0000,14.7072,9.7831,9.2928
2026-06-15 19:22:51,24.0000,14.7083,9.7536,9.2917
2026-06-15 19:22:53,24.0000,14.6865,9.7495,9.3135
2026-06-15 19:22:55,24.0000,14.6870,9.7876,9.3130
2026-06-15 19:22:57,24.0000,14.6875,9.7729,9.3125
2026-06-15 19:22:59,24.0000,14.6879,9.7710,9.3121
2026-06-15 19:23:01,24.0000,14.7118,9.7670,9.2882
2026-06-15 19:23:03,24.0000,14.6959,9.7858,9.3041
2026-06-15 19:23:05,24.0000,14.6792,9.7846,9.3208
2026-06-15 19:23:07,24.0000,14.6830,9.7846,9.3170
2026-06-15 19:23:09,24.0000,14.6966,9.7774,9.3034
2026-06-15 19:23:11,24.0000,14.6896,9.7755,9.3104
2026-06-15 19:23:13,24.0000,14.6877,9.7736,9.3123
2026-06-15 19:23:15,24.0000,14.6488,9.7126,9.3512
2026-06-15 19:23:20,24.0000,14.8776,9.8155,9.1224
2026-06-15 19:23:22,24.0000,14.8767,9.8478,9.1233
2026-06-15 19:23:24,24.0000,14.8458,9.8747,9.1542
2026-06-15 19:23:26,24.0000,14.8356,9.8721,9.1644
2026-06-15 19:23:28,24.0000,14.6904,9.7680,9.3096
2026-06-15 19:23:30,24.0000,14.6722,9.7934,9.3278
2026-06-15 19:24:13,24.0000,14.8729,9.8204,9.1271
2026-06-15 19:24:15,24.0000,14.9009,9.8705,9.0991
2026-06-15 19:24:17,24.0000,14.8556,9.8658,9.1444
2026-06-15 19:24:19,24.0000,14.8157,9.8698,9.1843
2026-06-15 19:24:21,24.0000,14.6933,9.7552,9.3067
2026-06-15 19:24:23,24.0000,14.6830,9.7897,9.3170
2026-06-15 19:24:25,24.0000,14.6797,9.7872,9.3203
2026-06-15 19:24:27,24.0000,14.6798,9.7857,9.3202
2026-06-15 19:24:29,24.0000,14.6719,9.7848,9.3281
2026-06-15 19:24:31,24.0000,14.6670,9.7841,9.3330
2026-06-15 19:24:33,24.0000,14.6539,9.7806,9.3461
2026-06-15 19:24:35,24.0000,14.6535,9.7805,9.3465
2026-06-15 19:24:37,24.0000,14.6532,9.7801,9.3468
2026-06-15 19:24:39,24.0000,14.6538,9.7798,9.3462
2026-06-15 19:24:41,24.0000,14.6538,9.7798,9.3462
2026-06-15 19:24:43,24.0000,14.6538,9.7356,9.3462
2026-06-15 19:24:45,24.0000,14.6394,9.7677,9.3606
2026-06-15 19:24:47,24.0000,14.6432,9.7667,9.3568
2026-06-15 19:24:49,24.0000,14.6555,9.7674,9.3445
2026-06-15 19:24:51,24.0000,14.6492,9.7712,9.3508
2026-06-15 19:24:53,24.0000,14.6572,9.7654,9.3428
2026-06-15 19:24:55,24.0000,14.6483,9.7217,9.3517
2026-06-15 19:24:57,24.0000,14.6354,9.7362,9.3646
2026-06-15 19:24:59,24.0000,14.6348,9.7474,9.3652
2026-06-15 19:25:01,24.0000,14.6323,9.7503,9.3677
2026-06-15 19:25:29,24.0000,15.0950,9.8788,8.9050
2026-06-15 19:25:31,24.0000,15.0844,9.8881,8.9156
2026-06-15 19:25:33,24.0000,15.0618,9.8784,8.9382
2026-06-15 19:25:35,24.0000,15.0896,9.8323,8.9104
2026-06-15 19:25:37,24.0000,14.9786,9.7591,9.0214
2026-06-15 19:25:39,24.0000,14.9446,9.8226,9.0554
2026-06-15 19:25:41,24.0000,14.9446,9.7811,9.0554
2026-06-15 19:25:43,24.0000,14.9520,9.7893,9.0480
2026-06-15 19:25:45,24.0000,14.9467,9.7874,9.0533
2026-06-15 19:25:47,24.0000,14.9292,9.7743,9.0708
2026-06-15 19:25:49,24.0000,14.9395,9.7537,9.0605
2026-06-15 19:25:51,24.0000,14.9214,9.7827,9.0786
2026-06-15 19:25:53,24.0000,14.9233,9.7849,9.0767
2026-06-15 19:25:55,24.0000,14.9333,9.7833,9.0667
2026-06-15 19:25:57,24.0000,14.9190,9.7731,9.0810
2026-06-15 19:25:59,24.0000,14.9113,9.7511,9.0887
2026-06-15 19:26:01,24.0000,14.9107,9.7604,9.0893
2026-06-15 19:26:07,24.0000,15.0729,9.8156,8.9271
2026-06-15 19:26:09,24.0000,15.1168,9.8075,8.8832
2026-06-15 19:26:11,24.0000,15.1129,9.8621,8.8871
2026-06-15 19:26:13,24.0000,15.1094,9.8549,8.8906
2026-06-15 19:26:15,24.0000,14.9761,9.7558,9.0239
2026-06-15 19:26:17,24.0000,14.9436,9.7954,9.0564
2026-06-15 19:26:19,24.0000,14.9145,9.7973,9.0855
2026-06-15 19:26:21,24.0000,14.8982,9.7966,9.1018
2026-06-15 19:26:23,24.0000,14.9204,9.7934,9.0796
2026-06-15 19:26:25,24.0000,14.9061,9.7961,9.0939
2026-06-15 19:26:27,24.0000,14.8622,9.7381,9.1378
2026-06-15 19:26:33,24.0000,15.0435,9.8139,8.9565
2026-06-15 19:26:35,24.0000,15.0266,9.8209,8.9734
2026-06-15 19:26:37,24.0000,15.0853,9.7741,8.9147
2026-06-15 19:26:39,24.0000,15.0985,9.8302,8.9015
2026-06-15 19:26:41,24.0000,14.9543,9.7428,9.0457
2026-06-15 19:26:43,24.0000,14.9239,9.7544,9.0761
2026-06-15 19:26:48,24.0000,15.0658,9.8190,8.9342
2026-06-15 19:26:50,24.0000,15.0854,9.7839,8.9146
2026-06-15 19:26:52,24.0000,15.0788,9.8322,8.9212
2026-06-15 19:26:54,24.0000,15.0656,9.8194,8.9344
2026-06-15 19:26:56,24.0000,14.9090,9.7444,9.0910
2026-06-15 19:26:58,24.0000,14.8622,9.7749,9.1378
2026-06-15 19:27:00,24.0000,14.8904,9.7323,9.1096
2026-06-15 19:27:02,24.0000,14.8764,9.7478,9.1236
2026-06-15 19:27:04,24.0000,14.8443,9.7453,9.1557
2026-06-15 19:27:06,24.0000,14.8423,9.7513,9.1577
2026-06-15 19:27:08,24.0000,14.8430,9.6922,9.1570
2026-06-15 19:27:10,24.0000,14.8227,9.6887,9.1773
2026-06-15 19:27:12,24.0000,14.8230,9.7026,9.1770
2026-06-15 19:27:14,24.0000,14.8225,9.7022,9.1775
2026-06-15 19:27:16,24.0000,14.8163,9.6960,9.1837
2026-06-15 19:27:18,24.0000,14.8908,9.7257,9.1092
2026-06-15 19:27:20,24.0000,14.8755,9.7279,9.1245
2026-06-15 19:27:22,24.0000,14.8938,9.7186,9.1062
2026-06-15 19:27:24,24.0000,14.9125,9.7658,9.0875
2026-06-15 19:27:26,24.0000,14.9394,9.7680,9.0606
2026-06-15 19:27:28,24.0000,14.9216,9.7712,9.0784
2026-06-15 19:27:30,24.0000,14.9200,9.7761,9.0800
2026-06-15 19:27:32,24.0000,14.9185,9.7757,9.0815
2026-06-15 19:27:34,24.0000,14.9006,9.7724,9.0994
2026-06-15 19:27:36,24.0000,14.9067,9.7496,9.0933
2026-06-15 19:27:38,24.0000,14.9059,9.7417,9.0941
2026-06-15 19:27:40,24.0000,14.8790,9.7714,9.1210
2026-06-15 19:27:42,24.0000,14.8930,9.7348,9.1070
2026-06-15 19:27:44,24.0000,14.8768,9.7362,9.1232
2026-06-15 19:27:46,24.0000,14.8929,9.7592,9.1071
2026-06-15 19:27:48,24.0000,14.8566,9.7209,9.1434
2026-06-15 19:27:50,24.0000,14.8292,9.7253,9.1708
2026-06-15 19:27:52,24.0000,14.8646,9.7133,9.1354
2026-06-15 19:27:54,24.0000,14.8517,9.7375,9.1483
2026-06-15 19:27:56,24.0000,14.8514,9.7389,9.1486
2026-06-15 19:27:58,24.0000,14.8547,9.7315,9.1453
2026-06-15 19:28:00,24.0000,14.8563,9.7452,9.1437
2026-06-15 19:28:02,24.0000,14.8624,9.7304,9.1376
2026-06-15 19:28:04,24.0000,14.8619,9.7288,9.1381
2026-06-15 19:28:06,24.0000,14.8618,9.7287,9.1382
2026-06-15 19:28:08,24.0000,14.8522,9.7356,9.1478
2026-06-15 19:28:10,24.0000,14.7954,9.6953,9.2046
2026-06-15 19:28:12,24.0000,14.7911,9.6928,9.2089
2026-06-15 19:28:14,24.0000,14.7833,9.7045,9.2167
2026-06-15 19:28:16,24.0000,14.7934,9.7004,9.2066
2026-06-15 19:28:18,24.0000,14.7678,9.6990,9.2322
2026-06-15 19:28:20,24.0000,14.7560,9.6921,9.2440
2026-06-15 19:28:22,24.0000,14.7565,9.6903,9.2435
2026-06-15 19:28:24,24.0000,14.7563,9.7076,9.2437
2026-06-15 19:28:26,24.0000,14.8031,9.6872,9.1969
2026-06-15 19:28:28,24.0000,14.8174,9.6978,9.1826
2026-06-15 19:28:30,24.0000,14.8136,9.7120,9.1864
2026-06-15 19:28:32,24.0000,14.8132,9.7152,9.1868
2026-06-15 19:28:34,24.0000,14.8197,9.7114,9.1803
2026-06-15 19:28:36,24.0000,14.8162,9.7148,9.1838
2026-06-15 19:28:43,24.0000,15.0569,9.8340,8.9431
2026-06-15 19:28:45,24.0000,15.0483,9.8356,8.9517
2026-06-15 19:28:47,24.0000,15.0435,9.7883,8.9565
2026-06-15 19:28:49,24.0000,15.0589,9.8380,8.9411
2026-06-15 19:28:51,24.0000,14.9106,9.7175,9.0894
2026-06-15 19:28:53,24.0000,14.8786,9.7357,9.1214
2026-06-15 19:28:55,24.0000,14.8699,9.7357,9.1301
2026-06-15 19:29:00,24.0000,15.1022,9.8275,8.8978
2026-06-15 19:29:02,24.0000,15.0775,9.8473,8.9225
2026-06-15 19:29:04,24.0000,15.0590,9.8389,8.9410
2026-06-15 19:29:06,24.0000,15.0500,9.8368,8.9500
2026-06-15 19:29:08,24.0000,14.8992,9.7230,9.1008
2026-06-15 19:29:10,24.0000,14.8672,9.7497,9.1328
2026-06-15 19:29:12,24.0000,14.8651,9.7490,9.1349
2026-06-15 19:29:14,24.0000,14.8790,9.7436,9.1210
2026-06-15 19:29:16,24.0000,14.8710,9.7272,9.1290
2026-06-15 19:29:18,24.0000,14.8766,9.7338,9.1234
2026-06-15 19:29:20,24.0000,14.9279,9.6873,9.0721
2026-06-15 19:29:22,24.0000,14.9171,9.7517,9.0829
2026-06-15 19:29:24,24.0000,14.9035,9.7588,9.0965
2026-06-15 19:29:26,24.0000,14.9032,9.7555,9.0968
2026-06-15 19:29:28,24.0000,14.9029,9.7546,9.0971
2026-06-15 19:29:30,24.0000,14.8958,9.7810,9.1042
2026-06-15 19:29:32,24.0000,14.8892,9.7510,9.1108
2026-06-15 19:29:34,24.0000,14.8354,9.7217,9.1646
2026-06-15 19:29:40,24.0000,15.0271,9.8073,8.9729
2026-06-15 19:29:42,24.0000,15.0252,9.8194,8.9748
2026-06-15 19:29:44,24.0000,15.0881,9.7692,8.9119
2026-06-15 19:29:46,24.0000,15.0681,9.8428,8.9319
2026-06-15 19:29:48,24.0000,14.9191,9.7228,9.0809
2026-06-15 19:29:50,24.0000,14.9318,9.7628,9.0682
2026-06-15 19:29:52,24.0000,14.8986,9.7510,9.1014
2026-06-15 19:29:54,24.0000,14.8788,9.7496,9.1212
2026-06-15 19:29:56,24.0000,14.9199,9.7429,9.0801
2026-06-15 19:29:58,24.0000,14.9053,9.7498,9.0947
2026-06-15 19:30:00,24.0000,14.8601,9.7319,9.1399
2026-06-15 19:30:02,24.0000,14.8595,9.7227,9.1405
2026-06-15 19:30:04,24.0000,14.8595,9.7329,9.1405
2026-06-15 19:30:06,24.0000,14.8479,9.7088,9.1521
2026-06-15 19:30:08,24.0000,14.8475,9.7119,9.1525
2026-06-15 19:30:10,24.0000,14.8373,9.6931,9.1627
2026-06-15 19:30:12,24.0000,14.8366,9.7084,9.1634
2026-06-15 19:30:14,24.0000,14.8362,9.7171,9.1638
2026-06-15 19:30:16,24.0000,14.8369,9.7128,9.1631
2026-06-15 19:30:18,24.0000,14.8357,9.7113,9.1643
2026-06-15 19:30:20,24.0000,14.8287,9.7083,9.1713
2026-06-15 19:30:22,24.0000,14.8235,9.7083,9.1765
2026-06-15 19:30:24,24.0000,14.7713,9.6871,9.2287
2026-06-15 19:30:26,24.0000,14.7778,9.6680,9.2222
2026-06-15 19:30:28,24.0000,14.7910,9.6900,9.2090
2026-06-15 19:30:30,24.0000,14.7592,9.6657,9.2408
2026-06-15 19:30:32,24.0000,14.7627,9.6915,9.2373
2026-06-15 19:30:34,24.0000,14.7735,9.6777,9.2265
2026-06-15 19:30:36,24.0000,14.7506,9.6670,9.2494
2026-06-15 19:30:38,24.0000,14.7648,9.6696,9.2352
2026-06-15 19:30:40,24.0000,14.7772,9.6784,9.2228
2026-06-15 19:30:42,24.0000,14.7683,9.6701,9.2317
2026-06-15 19:30:44,24.0000,14.7703,9.6765,9.2297
2026-06-15 19:30:46,24.0000,14.7599,9.6682,9.2401
2026-06-15 19:30:48,24.0000,14.7605,9.6678,9.2395
2026-06-15 19:30:50,24.0000,14.7602,9.6692,9.2398
2026-06-15 19:30:52,24.0000,14.7599,9.6775,9.2401
2026-06-15 19:30:54,24.0000,14.7597,9.6718,9.2403
2026-06-15 19:30:56,24.0000,14.7694,9.6787,9.2306
2026-06-15 19:30:58,24.0000,14.7505,9.6937,9.2495
2026-06-15 19:31:00,24.0000,14.8192,9.7157,9.1808
2026-06-15 19:31:02,24.0000,14.8302,9.7041,9.1698
2026-06-15 19:31:04,24.0000,14.8094,9.7175,9.1906
2026-06-15 19:31:06,24.0000,14.8163,9.7169,9.1837
2026-06-15 19:31:08,24.0000,14.8145,9.7151,9.1855
2026-06-15 19:31:10,24.0000,14.8006,9.7148,9.1994
2026-06-15 19:31:12,24.0000,14.7980,9.7262,9.2020
2026-06-15 19:31:14,24.0000,14.7898,9.7199,9.2102
2026-06-15 19:31:16,24.0000,14.7929,9.7103,9.2071
2026-06-15 19:31:18,24.0000,14.7812,9.7125,9.2188
2026-06-15 19:31:20,24.0000,14.7690,9.6653,9.2310
2026-06-15 19:31:22,24.0000,14.7679,9.6684,9.2321
2026-06-15 19:31:24,24.0000,14.8200,9.6909,9.1800
2026-06-15 19:31:26,24.0000,14.8110,9.7200,9.1890
2026-06-15 19:31:28,24.0000,14.8210,9.6997,9.1790
2026-06-15 19:31:30,24.0000,14.7938,9.7181,9.2062
2026-06-15 19:31:32,24.0000,14.7944,9.7152,9.2056
2026-06-15 19:31:34,24.0000,14.7883,9.7145,9.2117
2026-06-15 19:31:36,24.0000,14.7872,9.7053,9.2128
2026-06-15 19:31:38,24.0000,14.7793,9.7048,9.2207
2026-06-15 19:31:40,24.0000,14.7774,9.7045,9.2226
2026-06-15 19:31:42,24.0000,14.7785,9.7045,9.2215
2026-06-15 19:31:44,24.0000,14.7767,9.7043,9.2233
2026-06-15 19:31:46,24.0000,14.7734,9.7043,9.2266
2026-06-15 19:31:48,24.0000,14.7769,9.7041,9.2231
2026-06-15 19:31:50,24.0000,14.8203,9.7214,9.1797
2026-06-15 19:31:52,24.0000,14.8065,9.7200,9.1935
2026-06-15 19:31:54,24.0000,14.7963,9.7151,9.2037
2026-06-15 19:31:56,24.0000,14.7795,9.7115,9.2205
2026-06-15 19:31:58,24.0000,14.7919,9.6940,9.2081
2026-06-15 19:32:00,24.0000,14.7830,9.6948,9.2170
2026-06-15 19:32:02,24.0000,14.7772,9.6945,9.2228
2026-06-15 19:32:04,24.0000,14.7766,9.6929,9.2234
2026-06-15 19:32:06,24.0000,14.7809,9.6940,9.2191
2026-06-15 19:32:08,24.0000,14.7744,9.6723,9.2256
2026-06-15 19:32:10,24.0000,14.7732,9.6802,9.2268
2026-06-15 19:32:12,24.0000,14.8212,9.6862,9.1788
2026-06-15 19:32:14,24.0000,14.8290,9.6906,9.1710
2026-06-15 19:32:16,24.0000,14.8008,9.7208,9.1992
2026-06-15 19:32:18,24.0000,14.8019,9.7203,9.1981
2026-06-15 19:32:20,24.0000,14.7892,9.7173,9.2108
2026-06-15 19:32:22,24.0000,14.7719,9.6916,9.2281
2026-06-15 19:32:24,24.0000,14.7762,9.6712,9.2238
2026-06-15 19:32:26,24.0000,14.7682,9.6692,9.2318
2026-06-15 19:32:28,24.0000,14.7678,9.6690,9.2322
2026-06-15 19:32:30,24.0000,14.7655,9.7018,9.2345
2026-06-15 19:32:32,24.0000,14.8013,9.7060,9.1987
2026-06-15 19:32:34,24.0000,14.7901,9.7027,9.2099
2026-06-15 19:32:36,24.0000,14.8132,9.6970,9.1868
2026-06-15 19:32:38,24.0000,14.8201,9.7119,9.1799
2026-06-15 19:33:47,24.0000,15.0033,9.7850,8.9967
2026-06-15 19:33:49,24.0000,14.9920,9.7919,9.0080
2026-06-15 19:33:51,24.0000,14.9691,9.7833,9.0309
2026-06-15 19:33:53,24.0000,14.9740,9.7909,9.0260
2026-06-15 19:33:55,24.0000,14.8309,9.6792,9.1691
2026-06-15 19:35:27,24.0000,15.0377,9.8375,8.9623
2026-06-15 19:35:29,24.0000,15.0375,9.8397,8.9625
2026-06-15 19:35:31,24.0000,15.0253,9.8298,8.9747
2026-06-15 19:35:33,24.0000,15.0236,9.8299,8.9764
2026-06-15 19:35:35,24.0000,14.8801,9.7085,9.1199
2026-06-15 19:35:37,24.0000,14.8526,9.7298,9.1474
2026-06-15 19:35:39,24.0000,14.8432,9.7316,9.1568
2026-06-15 19:35:41,24.0000,14.8547,9.7316,9.1453
2026-06-15 19:35:43,24.0000,14.8439,9.7306,9.1561
2026-06-15 19:35:45,24.0000,14.8722,9.6900,9.1278
2026-06-15 19:35:47,24.0000,14.9152,9.6979,9.0848
2026-06-15 19:35:49,24.0000,14.8993,9.7487,9.1007
2026-06-15 19:35:51,24.0000,14.8884,9.7637,9.1116
2026-06-15 19:35:53,24.0000,14.8783,9.7522,9.1217
2026-06-15 19:35:55,24.0000,14.9506,9.7599,9.0494
2026-06-15 19:35:57,24.0000,14.9908,9.7734,9.0092
2026-06-15 19:35:59,24.0000,14.9734,9.7626,9.0266
2026-06-15 19:36:01,24.0000,14.9612,9.7588,9.0388
2026-06-15 19:36:03,24.0000,14.9366,9.7576,9.0634
2026-06-15 19:36:05,24.0000,14.9337,9.7573,9.0663
2026-06-15 19:36:07,24.0000,14.9467,9.7505,9.0533
2026-06-15 19:36:09,24.0000,14.9257,9.7681,9.0743
2026-06-15 19:36:11,24.0000,14.9137,9.7651,9.0863
2026-06-15 19:36:13,24.0000,14.9436,9.7569,9.0564
2026-06-15 19:36:15,24.0000,14.9429,9.7383,9.0571
2026-06-15 19:36:17,24.0000,14.9800,9.7528,9.0200
2026-06-15 19:36:19,24.0000,14.9540,9.7826,9.0460
2026-06-15 19:36:21,24.0000,14.9460,9.7811,9.0540
2026-06-15 19:36:23,24.0000,14.9956,9.7546,9.0044
2026-06-15 19:36:25,24.0000,14.9719,9.7668,9.0281
2026-06-15 19:36:27,24.0000,14.9610,9.7684,9.0390
2026-06-15 19:36:29,24.0000,14.9480,9.7783,9.0520
2026-06-15 19:36:31,24.0000,14.9441,9.7717,9.0559
2026-06-15 19:36:33,24.0000,14.9299,9.7550,9.0701
2026-06-15 19:36:35,24.0000,14.9276,9.7546,9.0724
2026-06-15 19:36:37,24.0000,14.9189,9.7457,9.0811
2026-06-15 19:36:39,24.0000,14.9823,9.7500,9.0177
2026-06-15 19:36:41,24.0000,14.9719,9.7718,9.0281
2026-06-15 19:36:43,24.0000,14.9592,9.7488,9.0408
2026-06-15 19:36:45,24.0000,14.9324,9.7755,9.0676
2026-06-15 19:36:47,24.0000,14.9328,9.7755,9.0672
2026-06-15 19:36:49,24.0000,14.8981,9.7408,9.1019
2026-06-15 19:36:56,24.0000,15.1195,9.8438,8.8805
2026-06-15 19:36:58,24.0000,15.1041,9.8609,8.8959
2026-06-15 19:37:00,24.0000,15.1696,9.8073,8.8304
2026-06-15 19:37:02,24.0000,15.1289,9.8662,8.8711
2026-06-15 19:37:04,24.0000,14.9855,9.7511,9.0145
2026-06-15 19:37:05,24.0000,14.9767,9.8120,9.0233
2026-06-15 19:37:07,24.0000,14.9636,9.8094,9.0364
2026-06-15 19:37:09,24.0000,14.9417,9.8047,9.0583
2026-06-15 19:37:11,24.0000,14.9270,9.8018,9.0730
2026-06-15 19:37:13,24.0000,14.9254,9.7778,9.0746
2026-06-15 19:37:15,24.0000,14.9077,9.7501,9.0923
2026-06-15 19:37:17,24.0000,14.8987,9.7525,9.1013
2026-06-15 19:37:23,24.0000,15.1240,9.8417,8.8760
2026-06-15 19:37:25,24.0000,15.1020,9.8652,8.8980
2026-06-15 19:37:27,24.0000,15.0786,9.8600,8.9214
2026-06-15 19:37:29,24.0000,15.0715,9.8595,8.9285
2026-06-15 19:37:31,24.0000,14.9252,9.7615,9.0748
2026-06-15 19:37:33,24.0000,14.9053,9.7588,9.0947
2026-06-15 19:37:35,24.0000,14.8970,9.7652,9.1030
2026-06-15 19:37:37,24.0000,14.9077,9.7642,9.0923
2026-06-15 19:37:39,24.0000,14.8995,9.7527,9.1005
2026-06-15 19:37:41,24.0000,14.9060,9.7749,9.0940
2026-06-15 19:37:43,24.0000,15.1020,9.9253,8.8980
2026-06-15 19:37:45,24.0000,15.0419,10.0340,8.9581
2026-06-15 19:37:47,24.0000,15.0034,10.0305,8.9966
2026-06-15 19:42:56,24.0000,15.0664,10.0038,8.9336
2026-06-15 19:42:58,24.0000,15.0570,9.9689,8.9430
2026-06-15 19:43:00,24.0000,15.0157,9.9594,8.9843
2026-06-15 19:43:02,24.0000,14.9945,9.9623,9.0055
2026-06-15 19:43:04,24.0000,14.9712,9.9622,9.0288
2026-06-15 19:43:06,24.0000,14.9549,9.9611,9.0451
2026-06-15 19:43:08,24.0000,14.9389,9.9597,9.0611
2026-06-15 19:43:34,24.0000,14.9010,9.9366,9.0990
2026-06-15 19:43:36,24.0000,14.8916,9.9353,9.1084
2026-06-15 19:43:38,24.0000,14.8855,9.9309,9.1145
2026-06-15 19:43:40,24.0000,14.8929,9.9328,9.1071
2026-06-15 19:43:42,24.0000,14.8919,9.9329,9.1081
2026-06-15 19:43:44,24.0000,14.8629,9.9189,9.1371
2026-06-15 19:43:46,24.0000,14.8631,9.9189,9.1369
2026-06-15 19:49:34,24.0000,14.8715,9.8896,9.1285
2026-06-15 19:49:36,24.0000,14.8617,9.8974,9.1383
2026-06-15 19:49:38,24.0000,14.8532,9.9162,9.1468
2026-06-15 19:49:40,24.0000,14.8427,9.9145,9.1573
2026-06-15 20:01:37,24.0000,15.0533,9.8730,8.9467
2026-06-15 20:01:39,24.0000,15.1743,9.7608,8.8257
2026-06-15 20:01:41,24.0000,15.1516,9.8144,8.8484
2026-06-15 20:01:43,24.0000,15.1264,9.8064,8.8736
2026-06-15 20:01:45,24.0000,15.1490,9.8099,8.8510
2026-06-15 20:01:47,24.0000,15.0992,9.8594,8.9008
2026-06-15 20:01:49,24.0000,15.0518,9.8352,8.9482
2026-06-15 20:01:51,24.0000,15.0318,9.8284,8.9682
2026-06-15 20:01:53,24.0000,15.0197,9.8244,8.9803
2026-06-15 20:01:55,24.0000,15.0202,9.8234,8.9798
2026-06-15 20:01:57,24.0000,15.0089,9.8194,8.9911
2026-06-15 20:01:59,24.0000,14.9969,9.8137,9.0031
2026-06-15 20:02:01,24.0000,14.9515,9.8134,9.0485
2026-06-15 20:02:03,24.0000,14.9413,9.8072,9.0587
2026-06-15 20:02:05,24.0000,14.9405,9.8044,9.0595
2026-06-15 20:02:07,24.0000,14.9431,9.8024,9.0569
2026-06-15 20:02:09,24.0000,14.9433,9.8024,9.0567
2026-06-15 20:02:11,24.0000,14.9436,9.8022,9.0564
2026-06-15 20:02:13,24.0000,14.9331,9.8067,9.0669
2026-06-15 20:02:15,24.0000,14.9411,9.8027,9.0589
2026-06-15 20:02:17,24.0000,14.9400,9.8054,9.0600
2026-06-15 20:02:19,24.0000,14.9314,9.8326,9.0686
2026-06-15 20:02:21,24.0000,14.9211,9.7998,9.0789
2026-06-15 20:02:23,24.0000,14.9106,9.7918,9.0894
2026-06-15 20:02:25,24.0000,14.9208,9.7881,9.0792
2026-06-15 20:02:27,24.0000,14.9143,9.7865,9.0857
2026-06-15 20:02:29,24.0000,14.9145,9.7863,9.0855
2026-06-15 20:02:31,24.0000,14.8965,9.7938,9.1035
2026-06-15 20:02:33,24.0000,14.8934,9.7910,9.1066
2026-06-15 20:02:35,24.0000,14.8938,9.7910,9.1062
2026-06-15 20:02:37,24.0000,14.8933,9.7900,9.1067
2026-06-15 20:02:39,24.0000,14.8933,9.7893,9.1067
2026-06-15 20:02:41,24.0000,14.8840,9.7897,9.1160
2026-06-15 20:02:43,24.0000,14.8939,9.7894,9.1061
2026-06-15 20:02:45,24.0000,14.8939,9.7899,9.1061
2026-06-15 20:02:47,24.0000,14.8951,9.7905,9.1049
2026-06-15 20:02:49,24.0000,14.9035,9.7907,9.0965
2026-06-15 20:02:51,24.0000,14.9072,9.7877,9.0928
2026-06-15 20:02:53,24.0000,14.9106,9.7894,9.0894
2026-06-15 20:02:55,24.0000,14.8982,9.7867,9.1018
2026-06-15 20:02:57,24.0000,14.8792,9.7755,9.1208
2026-06-15 20:02:59,24.0000,14.8832,9.7753,9.1168
2026-06-15 20:03:01,24.0000,14.8838,9.8025,9.1162
2026-06-15 20:03:03,24.0000,14.8797,9.7793,9.1203
2026-06-15 20:03:05,24.0000,14.8774,9.7775,9.1226
2026-06-15 20:03:07,24.0000,14.8672,9.7823,9.1328
2026-06-15 20:03:09,24.0000,14.8755,9.8071,9.1245
2026-06-15 20:03:11,24.0000,14.8689,9.8004,9.1311
2026-06-15 20:03:13,24.0000,14.8685,9.7884,9.1315
2026-06-15 20:03:15,24.0000,14.8782,9.7864,9.1218
2026-06-15 20:03:17,24.0000,14.8795,9.7864,9.1205
2026-06-15 20:03:19,24.0000,14.8791,9.7862,9.1209
2026-06-15 20:03:21,24.0000,14.8788,9.7519,9.1212
2026-06-15 20:03:23,24.0000,14.8784,9.7891,9.1216
2026-06-15 20:03:25,24.0000,14.8779,9.7550,9.1221
2026-06-15 20:03:27,24.0000,14.8800,9.7523,9.1200
2026-06-15 20:03:29,24.0000,14.8786,9.7893,9.1214
2026-06-15 20:03:31,24.0000,14.8786,9.7878,9.1214
2026-06-15 20:03:33,24.0000,14.8654,9.7952,9.1346
2026-06-15 20:03:35,24.0000,14.8748,9.7855,9.1252
2026-06-15 20:03:37,24.0000,14.8789,9.7896,9.1211
2026-06-15 20:03:39,24.0000,14.8696,9.7884,9.1304
2026-06-15 20:03:41,24.0000,14.8814,9.7637,9.1186
2026-06-15 20:03:43,24.0000,14.8819,9.7685,9.1181
2026-06-15 20:03:45,24.0000,14.8820,9.7809,9.1180
2026-06-15 20:03:47,24.0000,14.8823,9.7790,9.1177
2026-06-15 20:03:49,24.0000,14.8937,9.7883,9.1063
2026-06-15 20:03:51,24.0000,14.8939,9.7877,9.1061
2026-06-15 20:03:53,24.0000,14.8938,9.7946,9.1062
2026-06-15 20:03:55,24.0000,14.8915,9.7849,9.1085
2026-06-15 20:03:57,24.0000,14.8985,9.7814,9.1015
2026-06-15 20:03:59,24.0000,14.8985,9.8226,9.1015
2026-06-15 20:04:01,24.0000,14.8862,9.7868,9.1138
2026-06-15 20:04:03,24.0000,14.8887,9.7986,9.1113
2026-06-15 20:04:05,24.0000,14.8976,9.8247,9.1024
2026-06-15 20:04:07,24.0000,14.8968,9.7914,9.1032
2026-06-15 20:04:09,24.0000,14.9147,9.7861,9.0853
2026-06-15 20:04:11,24.0000,14.9151,9.7855,9.0849
2026-06-15 20:04:13,24.0000,14.9129,9.7851,9.0871
2026-06-15 20:04:15,24.0000,14.9142,9.7897,9.0858
2026-06-15 20:04:17,24.0000,14.9222,9.7879,9.0778
2026-06-15 20:04:19,24.0000,14.9521,9.7871,9.0479
2026-06-15 20:04:21,24.0000,14.9276,9.7872,9.0724
2026-06-15 20:04:22,24.0000,15.0147,9.8169,8.9853
2026-06-15 20:04:25,24.0000,15.0493,9.8092,8.9507
2026-06-15 20:04:27,24.0000,15.0279,9.8203,8.9721
2026-06-15 20:04:29,24.0000,15.0305,9.8158,8.9695
2026-06-15 20:04:31,24.0000,14.9968,9.7963,9.0032
2026-06-15 20:04:33,24.0000,14.9819,9.7994,9.0181
2026-06-15 20:04:35,24.0000,15.0137,9.7960,8.9863
2026-06-15 20:04:37,24.0000,15.0180,9.8071,8.9820
2026-06-15 20:04:39,24.0000,15.0079,9.8187,8.9921
2026-06-15 20:04:41,24.0000,15.0182,9.7939,8.9818
2026-06-15 20:04:43,24.0000,15.0163,9.8107,8.9837
2026-06-15 20:04:45,24.0000,15.0005,9.8173,8.9995
2026-06-15 20:04:47,24.0000,15.0155,9.8156,8.9845
2026-06-15 20:04:49,24.0000,15.0193,9.8127,8.9807
2026-06-15 20:04:51,24.0000,15.0098,9.8244,8.9902
2026-06-15 20:04:53,24.0000,14.9974,9.8242,9.0026
2026-06-15 20:04:55,24.0000,14.9851,9.8240,9.0149
2026-06-15 20:04:57,24.0000,15.0317,9.8185,8.9683
2026-06-15 20:04:59,24.0000,15.0248,9.8186,8.9752
2026-06-15 20:05:01,24.0000,15.0489,9.8144,8.9511
2026-06-15 20:05:03,24.0000,15.0526,9.8221,8.9474
2026-06-15 20:05:05,24.0000,15.0331,9.8134,8.9669
2026-06-15 20:05:07,24.0000,15.0240,9.8116,8.9760
2026-06-15 20:05:09,24.0000,15.1501,9.8094,8.8499
2026-06-15 20:05:11,24.0000,15.1376,9.8193,8.8624
2026-06-15 20:05:13,24.0000,15.1189,9.8202,8.8811
2026-06-15 20:05:15,24.0000,15.1190,9.8202,8.8810
2026-06-15 20:05:17,24.0000,15.1071,9.8346,8.8929
2026-06-15 20:05:19,24.0000,15.1003,9.8314,8.8997
2026-06-15 20:05:21,24.0000,15.1003,9.8269,8.8997
2026-06-15 20:05:23,24.0000,15.0898,9.8270,8.9102
2026-06-15 20:05:25,24.0000,15.0991,9.8244,8.9009
2026-06-15 20:05:27,24.0000,15.1012,9.7796,8.8988
2026-06-15 20:05:29,24.0000,15.1553,9.8128,8.8447
2026-06-15 20:05:31,24.0000,15.1263,9.8142,8.8737
2026-06-15 20:05:33,24.0000,15.1091,9.8235,8.8909
2026-06-15 20:05:35,24.0000,15.1019,9.8008,8.8981
2026-06-15 20:05:37,24.0000,15.0978,9.8271,8.9022
2026-06-15 20:05:39,24.0000,15.0947,9.7961,8.9053
2026-06-15 20:05:41,24.0000,15.0860,9.7943,8.9140
2026-06-15 20:05:43,24.0000,15.0840,9.7966,8.9160
2026-06-15 20:05:45,24.0000,15.0737,9.7969,8.9263
2026-06-15 20:05:47,24.0000,15.0842,9.7955,8.9158
2026-06-15 20:05:48,24.0000,15.1034,9.7968,8.8966
2026-06-15 20:05:50,24.0000,15.1094,9.7846,8.8906
2026-06-15 20:05:52,24.0000,15.1068,9.7977,8.8932
2026-06-15 20:05:54,24.0000,15.1071,9.7973,8.8929
2026-06-15 20:05:56,24.0000,15.1061,9.7969,8.8939
2026-06-15 20:05:58,24.0000,15.1058,9.7968,8.8942
2026-06-15 20:06:00,24.0000,15.1058,9.7967,8.8942
2026-06-15 20:06:02,24.0000,15.1093,9.7981,8.8907
2026-06-15 20:06:04,24.0000,15.1926,9.8201,8.8074
2026-06-15 20:06:07,24.0000,15.1952,9.8184,8.8048
2026-06-15 20:06:08,24.0000,15.1736,9.8344,8.8264
2026-06-15 20:06:11,24.0000,15.0725,9.8229,8.9275
2026-06-15 20:06:12,24.0000,15.0104,9.7838,8.9896
2026-06-15 20:06:15,24.0000,15.0107,9.8098,8.9893
2026-06-15 20:06:16,24.0000,14.9944,9.7910,9.0056
2026-06-15 20:06:18,24.0000,14.9937,9.7998,9.0063
2026-06-15 20:06:21,24.0000,14.9917,9.8128,9.0083
2026-06-15 20:06:22,24.0000,14.9929,9.8126,9.0071
2026-06-15 20:06:25,24.0000,14.9934,9.8125,9.0066
2026-06-15 20:06:26,24.0000,15.0429,9.8234,8.9571
2026-06-15 20:06:29,24.0000,15.0276,9.8312,8.9724
2026-06-15 20:06:31,24.0000,15.0086,9.8156,8.9914
2026-06-15 20:06:33,24.0000,15.0187,9.8156,8.9813
2026-06-15 20:06:35,24.0000,14.9822,9.8189,9.0178
2026-06-15 20:06:37,24.0000,14.9833,9.8139,9.0167
2026-06-15 20:06:38,24.0000,14.9805,9.8086,9.0195
2026-06-15 20:06:41,24.0000,15.0216,9.8075,8.9784
2026-06-15 20:06:43,24.0000,15.0202,9.8170,8.9798
2026-06-15 20:06:44,24.0000,15.0104,9.8152,8.9896
2026-06-15 20:06:47,24.0000,15.0040,9.8130,8.9960
2026-06-15 20:06:49,24.0000,14.9991,9.8128,9.0009
2026-06-15 20:06:51,24.0000,14.9922,9.8119,9.0078
2026-06-15 20:06:53,24.0000,14.9838,9.8093,9.0162
2026-06-15 20:06:55,24.0000,14.9727,9.8018,9.0273
2026-06-15 20:06:57,24.0000,14.9721,9.7794,9.0279
2026-06-15 20:06:59,24.0000,14.9757,9.7854,9.0243
2026-06-15 20:07:01,24.0000,14.9755,9.8020,9.0245
2026-06-15 20:07:03,24.0000,14.9658,9.8090,9.0342
2026-06-15 20:07:05,24.0000,14.9751,9.8006,9.0249
2026-06-15 20:07:07,24.0000,14.9758,9.8009,9.0242
2026-06-15 20:07:09,24.0000,14.9747,9.8009,9.0253
2026-06-15 20:07:11,24.0000,14.9763,9.8070,9.0237
2026-06-15 20:07:13,24.0000,14.9765,9.7892,9.0235
2026-06-15 20:07:14,24.0000,14.9801,9.7933,9.0199
2026-06-15 20:07:17,24.0000,14.9709,9.7804,9.0291
2026-06-15 20:07:18,24.0000,14.9719,9.8026,9.0281
2026-06-15 20:07:20,24.0000,14.9856,9.7945,9.0144
2026-06-15 20:07:23,24.0000,14.9926,9.8018,9.0074
2026-06-15 20:07:24,24.0000,14.9945,9.7995,9.0055
2026-06-15 20:07:27,24.0000,14.9920,9.7945,9.0080
2026-06-15 20:07:28,24.0000,14.9844,9.8151,9.0156
2026-06-15 20:07:31,24.0000,15.0262,9.8105,8.9738
2026-06-15 20:07:33,24.0000,15.0098,9.8103,8.9902
2026-06-15 20:07:35,24.0000,15.0071,9.8150,8.9929
2026-06-15 20:07:36,24.0000,15.0370,9.8205,8.9630
2026-06-15 20:07:38,24.0000,15.0042,9.8230,8.9958
2026-06-15 20:07:41,24.0000,15.0035,9.8227,8.9965
2026-06-15 20:07:43,24.0000,15.0033,9.8129,8.9967
2026-06-15 20:07:44,24.0000,15.0053,9.8108,8.9947
2026-06-15 20:07:46,24.0000,15.0041,9.8189,8.9959
2026-06-15 20:07:49,24.0000,15.0177,9.8188,8.9823
2026-06-15 20:07:51,24.0000,15.0175,9.8291,8.9825
2026-06-15 20:07:52,24.0000,15.0175,9.8320,8.9825
2026-06-15 20:07:54,24.0000,15.0386,9.8222,8.9614
2026-06-15 20:07:56,24.0000,15.0133,9.8155,8.9867
2026-06-15 20:07:58,24.0000,15.0131,9.8179,8.9869
2026-06-15 20:08:00,24.0000,15.0184,9.8175,8.9816
2026-06-15 20:09:10,24.0000,15.0625,9.8190,8.9375
2026-06-15 20:09:12,24.0000,15.0632,9.8231,8.9368
2026-06-15 20:09:14,24.0000,15.0369,9.8057,8.9631
2026-06-15 20:09:16,24.0000,15.0291,9.8044,8.9709
2026-06-15 20:09:18,24.0000,15.0836,9.7998,8.9164
2026-06-15 20:09:20,24.0000,15.0663,9.7955,8.9337
2026-06-15 20:10:06,24.0000,15.0682,9.7901,8.9318
2026-06-15 20:10:08,24.0000,15.0475,9.8117,8.9525
2026-06-15 20:10:10,24.0000,15.0331,9.7954,8.9669
2026-06-15 20:10:12,24.0000,15.0264,9.7939,8.9736
2026-06-15 20:10:14,24.0000,15.0728,9.7843,8.9272
2026-06-15 20:10:16,24.0000,15.0454,9.7894,8.9546
2026-06-15 20:10:18,24.0000,15.0418,9.7880,8.9582
2026-06-15 20:10:20,24.0000,15.0599,9.7907,8.9401
2026-06-15 20:10:22,24.0000,15.0630,9.7829,8.9370
2026-06-15 20:10:24,24.0000,15.0492,9.7869,8.9508
2026-06-15 20:10:26,24.0000,15.0420,9.7856,8.9580
2026-06-15 20:10:28,24.0000,15.0429,9.7908,8.9571
2026-06-15 20:10:30,24.0000,15.0431,9.7914,8.9569
2026-06-15 20:10:32,24.0000,15.0346,9.7826,8.9654
2026-06-15 20:10:34,24.0000,15.0129,9.7844,8.9871
2026-06-15 20:15:25,24.0000,15.0403,9.8037,8.9597
2026-06-15 20:15:27,24.0000,15.0385,9.8038,8.9615
2026-06-15 20:15:29,24.0000,15.0648,9.7565,8.9352
2026-06-15 20:15:31,24.0000,15.0526,9.7843,8.9474
2026-06-15 20:15:33,24.0000,15.0553,9.7641,8.9447
2026-06-15 20:15:35,24.0000,15.0637,9.7760,8.9363
2026-06-15 20:15:37,24.0000,15.1368,9.8418,8.8632
2026-06-15 20:15:39,24.0000,15.1108,9.8344,8.8892
2026-06-15 20:15:41,24.0000,15.1379,9.8485,8.8621
2026-06-15 20:15:43,24.0000,15.1090,9.8300,8.8910
2026-06-15 20:15:45,24.0000,15.0945,9.8259,8.9055
2026-06-15 20:15:47,24.0000,15.0955,9.8236,8.9045
2026-06-15 20:15:49,24.0000,15.1013,9.8163,8.8987
2026-06-15 20:15:51,24.0000,15.0621,9.8140,8.9379
2026-06-15 20:15:53,24.0000,15.0564,9.8137,8.9436
2026-06-15 20:15:55,24.0000,15.0690,9.7805,8.9310
2026-06-15 20:15:57,24.0000,15.0781,9.8058,8.9219
2026-06-15 20:15:59,24.0000,15.0686,9.8199,8.9314
2026-06-15 20:16:01,24.0000,15.0791,9.8161,8.9209
2026-06-15 20:16:03,24.0000,15.0773,9.8140,8.9227
2026-06-15 20:16:05,24.0000,15.0605,9.8092,8.9395
2026-06-15 20:16:07,24.0000,15.0442,9.7972,8.9558
2026-06-15 20:16:09,24.0000,15.0420,9.7969,8.9580
2026-06-15 20:16:11,24.0000,15.0441,9.7966,8.9559
2026-06-15 20:16:13,24.0000,15.0237,9.7856,8.9763
2026-06-15 20:16:15,24.0000,15.0094,9.7775,8.9906
2026-06-15 20:16:17,24.0000,15.0073,9.7603,8.9927
2026-06-15 20:16:19,24.0000,15.0180,9.7985,8.9820
2026-06-15 20:16:21,24.0000,15.0264,9.7734,8.9736
2026-06-15 20:16:23,24.0000,15.0086,9.7945,8.9914
2026-06-15 20:16:25,24.0000,15.0238,9.7746,8.9762
2026-06-15 20:16:27,24.0000,15.0204,9.7960,8.9796
2026-06-15 20:16:29,24.0000,15.0210,9.7883,8.9790
2026-06-15 20:16:31,24.0000,15.0222,9.7865,8.9778
2026-06-15 20:16:33,24.0000,15.0220,9.7894,8.9780
2026-06-15 20:16:35,24.0000,15.0219,9.7892,8.9781
2026-06-15 20:16:37,24.0000,15.0183,9.7870,8.9817
2026-06-15 20:16:39,24.0000,15.0192,9.7905,8.9808
2026-06-15 20:16:41,24.0000,15.0208,9.7892,8.9792
2026-06-15 20:16:43,24.0000,15.0207,9.7901,8.9793
2026-06-15 20:16:45,24.0000,15.0088,9.7939,8.9912
2026-06-15 20:16:47,24.0000,15.0213,9.7896,8.9787
2026-06-15 20:16:49,24.0000,15.0102,9.7944,8.9898
2026-06-15 20:16:51,24.0000,15.0878,9.8013,8.9122
2026-06-15 20:16:53,24.0000,15.0746,9.8157,8.9254
2026-06-15 20:16:55,24.0000,15.0626,9.8166,8.9374
2026-06-15 20:16:57,24.0000,15.0629,9.7990,8.9371
2026-06-15 20:16:59,24.0000,15.0616,9.8035,8.9384
2026-06-15 20:17:01,24.0000,15.0342,9.7926,8.9658
2026-06-15 20:17:03,24.0000,15.0377,9.8081,8.9623
2026-06-15 20:17:05,24.0000,15.0389,9.8045,8.9611
2026-06-15 20:17:07,24.0000,15.0383,9.8046,8.9617
2026-06-15 20:17:09,24.0000,15.0376,9.8043,8.9624
2026-06-15 20:17:11,24.0000,15.0266,9.8110,8.9734
2026-06-15 20:17:13,24.0000,15.0373,9.8082,8.9627
2026-06-15 20:17:20,24.0000,15.0577,9.7821,8.9423
2026-06-15 20:17:22,24.0000,15.0439,9.8030,8.9561
2026-06-15 20:17:24,24.0000,15.0209,9.7965,8.9791
2026-06-15 20:17:26,24.0000,15.0260,9.7992,8.9740
2026-06-15 20:17:28,24.0000,15.0781,9.7903,8.9219
2026-06-15 20:17:30,24.0000,15.0601,9.8026,8.9399
2026-06-15 20:17:32,24.0000,15.0475,9.8067,8.9525
2026-06-15 20:17:34,24.0000,15.0513,9.8030,8.9487
2026-06-15 20:17:36,24.0000,15.0651,9.8008,8.9349
2026-06-15 20:17:38,24.0000,15.0614,9.8094,8.9386
2026-06-15 20:17:40,24.0000,15.0641,9.7921,8.9359
2026-06-15 20:17:42,24.0000,15.1888,9.8426,8.8112
2026-06-15 20:17:44,24.0000,15.1937,9.8615,8.8063
2026-06-15 20:17:46,24.0000,15.1712,9.8616,8.8288
2026-06-15 20:17:48,24.0000,15.1544,9.8568,8.8456
2026-06-15 20:17:50,24.0000,15.1496,9.8543,8.8504
2026-06-15 20:17:52,24.0000,15.1498,9.8491,8.8502
2026-06-15 20:17:54,24.0000,15.1566,9.8217,8.8434
2026-06-15 20:17:56,24.0000,15.1570,9.8217,8.8430
2026-06-15 20:17:58,24.0000,15.1573,9.8327,8.8427
2026-06-15 20:18:00,24.0000,15.1785,9.8132,8.8215
2026-06-15 20:18:02,24.0000,15.1647,9.8065,8.8353
2026-06-15 20:18:04,24.0000,15.1348,9.8130,8.8652
2026-06-15 20:18:06,24.0000,15.1159,9.8008,8.8841
2026-06-15 20:18:08,24.0000,15.1024,9.8129,8.8976
2026-06-15 20:18:10,24.0000,15.0971,9.8111,8.9029
2026-06-15 20:18:12,24.0000,15.1008,9.8106,8.8992
2026-06-15 20:18:14,24.0000,15.1280,9.8052,8.8720
2026-06-15 20:18:16,24.0000,15.1257,9.8056,8.8743
2026-06-15 20:18:18,24.0000,15.1629,9.8042,8.8371
2026-06-15 20:18:20,24.0000,15.1514,9.8270,8.8486
2026-06-15 20:18:22,24.0000,15.1526,9.8049,8.8474
2026-06-15 20:18:24,24.0000,15.1505,9.8049,8.8495
2026-06-15 20:18:26,24.0000,15.1436,9.8046,8.8564
2026-06-15 20:18:28,24.0000,15.1162,9.7785,8.8838
2026-06-15 20:18:30,24.0000,15.1127,9.7746,8.8873
2026-06-15 20:18:32,24.0000,15.1142,9.7759,8.8858
2026-06-15 20:18:34,24.0000,15.1015,9.7863,8.8985
2026-06-15 20:18:36,24.0000,15.1054,9.7909,8.8946
2026-06-15 20:18:38,24.0000,15.1212,9.7887,8.8788
2026-06-15 20:18:40,24.0000,15.1633,9.7898,8.8367
2026-06-15 20:18:42,24.0000,15.1634,9.7887,8.8366
2026-06-15 20:18:44,24.0000,15.1678,9.7854,8.8322
2026-06-15 20:18:46,24.0000,15.1751,9.7852,8.8249
2026-06-15 20:18:48,24.0000,15.1874,9.7810,8.8126
2026-06-15 20:18:50,24.0000,15.1889,9.8076,8.8111
2026-06-15 20:18:52,24.0000,15.1884,9.8070,8.8116
2026-06-15 20:18:54,24.0000,15.1870,9.8050,8.8130
2026-06-15 20:18:56,24.0000,15.1824,9.8137,8.8176
2026-06-15 20:18:58,24.0000,15.1637,9.8139,8.8363
2026-06-15 20:19:00,24.0000,15.1668,9.8101,8.8332
2026-06-15 20:19:02,24.0000,15.1547,9.8101,8.8453
2026-06-15 20:19:04,24.0000,15.1595,9.8154,8.8405
2026-06-15 20:19:06,24.0000,15.1682,9.8101,8.8318
2026-06-15 20:19:08,24.0000,15.1679,9.8101,8.8321
2026-06-15 20:19:10,24.0000,15.1674,9.8047,8.8326
2026-06-15 20:19:12,24.0000,15.1680,9.7914,8.8320
2026-06-15 20:19:14,24.0000,15.1646,9.7968,8.8354
2026-06-15 20:19:16,24.0000,15.1644,9.8147,8.8356
2026-06-15 20:19:18,24.0000,15.1646,9.8146,8.8354
2026-06-15 20:19:20,24.0000,15.1637,9.8146,8.8363
2026-06-15 20:19:22,24.0000,15.1635,9.8147,8.8365
2026-06-15 20:19:24,24.0000,15.1497,9.8150,8.8503
2026-06-15 20:19:26,24.0000,15.1826,9.8129,8.8174
2026-06-15 20:19:28,24.0000,15.1955,9.8303,8.8045
2026-06-15 20:19:30,24.0000,15.1686,9.8175,8.8314
2026-06-15 20:19:32,24.0000,15.1675,9.8161,8.8325
2026-06-15 20:19:34,24.0000,15.1539,9.7998,8.8461
2026-06-15 20:19:36,24.0000,15.1482,9.8384,8.8518
2026-06-15 20:19:38,24.0000,15.1326,9.8111,8.8674
2026-06-15 20:19:40,24.0000,15.1207,9.8105,8.8793
2026-06-15 20:19:42,24.0000,15.1561,9.8076,8.8439
2026-06-15 20:19:44,24.0000,15.1545,9.8367,8.8455
2026-06-15 20:19:46,24.0000,15.1450,9.8366,8.8550
2026-06-15 20:19:48,24.0000,15.1436,9.8080,8.8564
2026-06-15 20:19:50,24.0000,15.1231,9.8175,8.8769
2026-06-15 20:19:52,24.0000,15.1498,9.8126,8.8502
2026-06-15 20:19:54,24.0000,15.1462,9.7991,8.8538
2026-06-15 20:19:56,24.0000,15.1271,9.8114,8.8729
2026-06-15 20:19:58,24.0000,15.1211,9.8320,8.8789
2026-06-15 20:20:00,24.0000,15.1151,9.8283,8.8849
2026-06-15 20:20:02,24.0000,15.1131,9.8281,8.8869
2026-06-15 20:20:04,24.0000,15.1062,9.8061,8.8938
2026-06-15 20:20:06,24.0000,15.1136,9.7991,8.8864
2026-06-15 20:20:08,24.0000,15.1073,9.8032,8.8927
2026-06-15 20:20:10,24.0000,15.1449,9.8044,8.8551
2026-06-15 20:20:12,24.0000,15.1469,9.8309,8.8531
2026-06-15 20:20:14,24.0000,15.1387,9.8212,8.8613
2026-06-15 20:20:16,24.0000,15.1361,9.8003,8.8639
2026-06-15 20:20:18,24.0000,15.1157,9.8134,8.8843
2026-06-15 20:20:20,24.0000,15.1296,9.8059,8.8704
2026-06-15 20:20:22,24.0000,15.1293,9.8223,8.8707
2026-06-15 20:20:24,24.0000,15.1227,9.8099,8.8773
2026-06-15 20:20:26,24.0000,15.1166,9.8098,8.8834
2026-06-15 20:20:28,24.0000,15.1009,9.7991,8.8991
2026-06-15 20:20:30,24.0000,15.0984,9.7990,8.9016
2026-06-15 20:20:32,24.0000,15.0909,9.7977,8.9091
2026-06-15 20:20:34,24.0000,15.0916,9.7842,8.9084
2026-06-15 20:20:36,24.0000,15.0780,9.7547,8.9220
2026-06-15 20:20:38,24.0000,15.1603,9.7940,8.8397
2026-06-15 20:20:40,24.0000,15.1454,9.8227,8.8546
2026-06-15 20:20:42,24.0000,15.1192,9.8278,8.8808
2026-06-15 20:20:44,24.0000,15.1143,9.8241,8.8857
2026-06-15 20:20:46,24.0000,15.1081,9.7976,8.8919
2026-06-15 20:20:48,24.0000,15.1106,9.8184,8.8894
2026-06-15 20:20:50,24.0000,15.1133,9.7899,8.8867
2026-06-15 20:20:52,24.0000,15.1322,9.8162,8.8678
2026-06-15 20:20:54,24.0000,15.1094,9.8173,8.8906
2026-06-15 20:20:56,24.0000,15.1018,9.8321,8.8982
2026-06-15 20:20:58,24.0000,15.0946,9.8308,8.9054
2026-06-15 20:21:00,24.0000,15.1071,9.8087,8.8929
2026-06-15 20:21:02,24.0000,15.0853,9.8126,8.9147
2026-06-15 20:21:04,24.0000,15.0867,9.8094,8.9133
2026-06-15 20:21:06,24.0000,15.0957,9.8080,8.9043
2026-06-15 20:21:08,24.0000,15.0827,9.8121,8.9173
2026-06-15 20:21:10,24.0000,15.0833,9.8136,8.9167
2026-06-15 20:21:12,24.0000,15.1342,9.7900,8.8658
2026-06-15 20:21:14,24.0000,15.0999,9.8136,8.9001
2026-06-15 20:21:16,24.0000,15.0956,9.8126,8.9044
2026-06-15 20:21:18,24.0000,15.0954,9.8096,8.9046
2026-06-15 20:21:20,24.0000,15.0946,9.8091,8.9054
2026-06-15 20:21:22,24.0000,15.0763,9.7965,8.9237
2026-06-15 20:21:24,24.0000,15.0721,9.7964,8.9279
2026-06-15 20:21:26,24.0000,15.0718,9.8024,8.9282
2026-06-15 20:21:28,24.0000,15.0717,9.7990,8.9283
2026-06-15 20:21:30,24.0000,15.0592,9.7607,8.9408
2026-06-15 20:21:32,24.0000,15.0580,9.7614,8.9420
2026-06-15 20:21:34,24.0000,15.0590,9.7742,8.9410
2026-06-15 20:21:36,24.0000,15.0740,9.7975,8.9260
2026-06-15 20:21:38,24.0000,15.0593,9.7977,8.9407
2026-06-15 20:21:40,24.0000,15.0468,9.7891,8.9532
2026-06-15 20:21:42,24.0000,15.0502,9.7791,8.9498
2026-06-15 20:21:44,24.0000,15.0462,9.7788,8.9538
2026-06-15 20:21:46,24.0000,15.0379,9.7774,8.9621
2026-06-15 20:21:48,24.0000,15.0374,9.7923,8.9626
2026-06-15 20:21:50,24.0000,15.0366,9.7919,8.9634
2026-06-15 20:21:52,24.0000,15.0344,9.7897,8.9656
2026-06-15 20:21:58,24.0000,15.2892,9.7975,8.7108
2026-06-15 20:22:00,24.0000,15.2721,9.8251,8.7279
2026-06-15 20:22:02,24.0000,15.2485,9.8091,8.7515
2026-06-15 20:22:04,24.0000,15.2314,9.8074,8.7686
2026-06-15 20:22:06,24.0000,15.0915,9.7065,8.9085
2026-06-15 20:22:08,24.0000,15.0698,9.7279,8.9302
2026-06-15 20:22:10,24.0000,15.0633,9.7250,8.9367
2026-06-15 20:22:12,24.0000,15.1075,9.7187,8.8925
2026-06-15 20:22:14,24.0000,15.1007,9.7240,8.8993
2026-06-15 20:22:16,24.0000,15.0859,9.7343,8.9141
2026-06-15 20:22:18,24.0000,15.0666,9.7301,8.9334
2026-06-15 20:22:20,24.0000,15.0659,9.7173,8.9341
2026-06-15 20:22:22,24.0000,15.0540,9.7185,8.9460
2026-06-15 20:22:24,24.0000,15.0477,9.7184,8.9523
2026-06-15 20:22:26,24.0000,15.0420,9.7181,8.9580
2026-06-15 20:22:28,24.0000,15.0272,9.7083,8.9728
2026-06-15 20:22:30,24.0000,15.0199,9.7086,8.9801
2026-06-15 20:22:32,24.0000,15.0199,9.7123,8.9801
2026-06-15 20:22:34,24.0000,15.0201,9.7105,8.9799
2026-06-15 20:22:36,24.0000,15.0104,9.7108,8.9896
2026-06-15 20:22:38,24.0000,15.0010,9.7084,8.9990
2026-06-15 20:22:40,24.0000,14.9824,9.6904,9.0176
2026-06-15 20:22:42,24.0000,14.9847,9.6916,9.0153
2026-06-15 20:22:44,24.0000,14.9855,9.7006,9.0145
2026-06-15 20:22:46,24.0000,14.9857,9.6981,9.0143
2026-06-15 20:22:48,24.0000,14.9854,9.6976,9.0146
2026-06-15 20:22:50,24.0000,15.0040,9.6976,8.9960
2026-06-15 20:22:52,24.0000,15.0032,9.6969,8.9968
2026-06-15 20:22:54,24.0000,15.0025,9.6969,8.9975
2026-06-15 20:22:56,24.0000,15.0040,9.7071,8.9960
2026-06-15 20:22:58,24.0000,15.0046,9.7066,8.9954
2026-06-15 20:23:00,24.0000,15.0050,9.7067,8.9950
2026-06-15 20:23:02,24.0000,15.0042,9.7112,8.9958
2026-06-15 20:23:04,24.0000,15.0049,9.7067,8.9951
2026-06-15 20:23:06,24.0000,14.9948,9.7071,9.0052
2026-06-15 20:23:08,24.0000,15.0837,9.6869,8.9163
2026-06-15 20:23:10,24.0000,15.1294,9.7370,8.8706
2026-06-15 20:23:12,24.0000,15.0631,9.7496,8.9369
2026-06-15 20:23:14,24.0000,15.0383,9.7503,8.9617
2026-06-15 20:23:16,24.0000,15.0295,9.7466,8.9705
2026-06-15 20:23:18,24.0000,15.0517,9.7456,8.9483
2026-06-15 20:23:20,24.0000,15.0531,9.7437,8.9469
2026-06-15 20:23:22,24.0000,15.0499,9.7443,8.9501
2026-06-15 20:23:24,24.0000,15.0422,9.7717,8.9578
2026-06-15 20:23:26,24.0000,15.0409,9.7764,8.9591
2026-06-15 20:23:28,24.0000,15.0403,9.7935,8.9597
2026-06-15 20:23:30,24.0000,15.0627,9.7584,8.9373
2026-06-15 20:23:32,24.0000,14.9844,9.7255,9.0156
2026-06-15 20:23:34,24.0000,14.9942,9.7357,9.0058
2026-06-15 20:23:36,24.0000,14.9949,9.6909,9.0051
2026-06-15 20:23:38,24.0000,15.0591,9.6954,8.9409
2026-06-15 20:23:40,24.0000,15.0473,9.7117,8.9527
2026-06-15 20:23:42,24.0000,15.0301,9.7233,8.9699
2026-06-15 20:23:44,24.0000,15.0573,9.7034,8.9427
2026-06-15 20:23:46,24.0000,15.0479,9.7490,8.9521
2026-06-15 20:23:48,24.0000,15.0422,9.7260,8.9578
2026-06-15 20:23:50,24.0000,15.0410,9.7308,8.9590
2026-06-15 20:23:52,24.0000,15.0333,9.7240,8.9667
2026-06-15 20:23:54,24.0000,15.0438,9.7428,8.9562
2026-06-15 20:23:56,24.0000,15.0437,9.7411,8.9563
2026-06-15 20:23:58,24.0000,15.0118,9.7414,8.9882
2026-06-15 20:24:00,24.0000,15.0226,9.7399,8.9774
2026-06-15 20:24:02,24.0000,15.0240,9.7348,8.9760
2026-06-15 20:24:04,24.0000,15.0257,9.7279,8.9743
2026-06-15 20:24:06,24.0000,15.0308,9.7045,8.9692
2026-06-15 20:24:08,24.0000,15.0306,9.7286,8.9694
2026-06-15 20:24:10,24.0000,15.0270,9.7362,8.9730
2026-06-15 20:24:12,24.0000,15.0302,9.7309,8.9698
2026-06-15 20:24:14,24.0000,15.0315,9.7050,8.9685
2026-06-15 20:24:16,24.0000,15.0299,9.7134,8.9701
2026-06-15 20:24:18,24.0000,15.0296,9.7695,8.9704
2026-06-15 20:24:20,24.0000,15.0295,9.7810,8.9705
2026-06-15 20:24:22,24.0000,15.0271,9.7398,8.9729
2026-06-15 20:24:24,24.0000,15.0200,9.7387,8.9800
2026-06-15 20:24:26,24.0000,15.0304,9.7062,8.9696
2026-06-15 20:24:28,24.0000,15.0328,9.7350,8.9672
2026-06-15 20:24:30,24.0000,15.0185,9.7345,8.9815
2026-06-15 20:24:32,24.0000,15.0205,9.7344,8.9795
2026-06-15 20:24:34,24.0000,15.0221,9.7378,8.9779
2026-06-15 20:24:36,24.0000,15.0177,9.7419,8.9823
2026-06-15 20:24:38,24.0000,15.0185,9.7525,8.9815
2026-06-15 20:24:40,24.0000,15.0385,9.7418,8.9615
2026-06-15 20:24:42,24.0000,15.0244,9.7158,8.9756
2026-06-15 20:24:44,24.0000,15.0234,9.7319,8.9766
2026-06-15 20:24:46,24.0000,15.0238,9.7325,8.9762
2026-06-15 20:24:48,24.0000,15.0434,9.7457,8.9566
2026-06-15 20:24:50,24.0000,15.0410,9.7546,8.9590
2026-06-15 20:24:52,24.0000,15.0406,9.7518,8.9594
2026-06-15 20:24:54,24.0000,15.0401,9.7762,8.9599
2026-06-15 20:24:56,24.0000,15.0398,9.7510,8.9602
2026-06-15 20:24:58,24.0000,15.0421,9.7466,8.9579
2026-06-15 20:25:00,24.0000,15.0407,9.7466,8.9593
2026-06-15 20:25:02,24.0000,15.0411,9.7469,8.9589
2026-06-15 20:25:04,24.0000,15.0640,9.7441,8.9360
2026-06-15 20:25:06,24.0000,15.0389,9.7425,8.9611
2026-06-15 20:25:08,24.0000,15.0428,9.7477,8.9572
2026-06-15 20:25:10,24.0000,15.0136,9.7047,8.9864
2026-06-15 20:25:12,24.0000,15.0123,9.7063,8.9877
2026-06-15 20:25:14,24.0000,15.0135,9.7236,8.9865
2026-06-15 20:25:16,24.0000,15.0095,9.7377,8.9905
2026-06-15 20:25:18,24.0000,14.9992,9.7609,9.0008
2026-06-15 20:25:20,24.0000,15.0084,9.7029,8.9916
2026-06-15 20:25:22,24.0000,15.0282,9.7111,8.9718
2026-06-15 20:25:24,24.0000,15.0082,9.7241,8.9918
2026-06-15 20:25:26,24.0000,15.0110,9.7191,8.9890
2026-06-15 20:25:28,24.0000,15.0069,9.7217,8.9931
2026-06-15 20:25:30,24.0000,15.0084,9.7212,8.9916
2026-06-15 20:25:32,24.0000,14.9919,9.7173,9.0081
2026-06-15 20:25:34,24.0000,15.0137,9.7109,8.9863
2026-06-15 20:25:36,24.0000,15.0156,9.7272,8.9844
2026-06-15 20:25:38,24.0000,15.0151,9.7090,8.9849
2026-06-15 20:25:40,24.0000,15.0144,9.7002,8.9856
2026-06-15 20:25:42,24.0000,15.0014,9.7432,8.9986
2026-06-15 20:25:44,24.0000,15.0149,9.7444,8.9851
2026-06-15 20:25:46,24.0000,15.0117,9.7406,8.9883
2026-06-15 20:25:48,24.0000,15.0043,9.7178,8.9957
2026-06-15 20:25:50,24.0000,15.0350,9.7276,8.9650
2026-06-15 20:25:52,24.0000,15.0105,9.7329,8.9895
2026-06-15 20:25:54,24.0000,15.0108,9.7343,8.9892
2026-06-15 20:25:56,24.0000,15.0105,9.7517,8.9895
2026-06-15 20:25:58,24.0000,15.0138,9.7332,8.9862
2026-06-15 20:26:00,24.0000,15.0224,9.7324,8.9776
2026-06-15 20:26:02,24.0000,15.0126,9.7320,8.9874
2026-06-15 20:26:04,24.0000,15.0077,9.7457,8.9923
2026-06-15 20:26:06,24.0000,15.0061,9.7535,8.9939
2026-06-15 20:26:08,24.0000,15.0022,9.7349,8.9978
2026-06-15 20:26:10,24.0000,15.0068,9.7345,8.9932
2026-06-15 20:26:12,24.0000,15.0099,9.6973,8.9901
2026-06-15 20:26:14,24.0000,14.9986,9.7384,9.0014
2026-06-15 20:26:16,24.0000,15.0127,9.7369,8.9873
2026-06-15 20:26:18,24.0000,15.0090,9.7355,8.9910
2026-06-15 20:26:20,24.0000,15.0287,9.7357,8.9713
2026-06-15 20:26:22,24.0000,15.0088,9.7395,8.9912
2026-06-15 20:26:24,24.0000,15.0090,9.7360,8.9910
2026-06-15 20:26:26,24.0000,15.0078,9.7359,8.9922
2026-06-15 20:26:28,24.0000,15.0083,9.7363,8.9917
2026-06-15 20:26:30,24.0000,15.0085,9.7358,8.9915
2026-06-15 20:26:32,24.0000,15.0093,9.7397,8.9907
2026-06-15 20:26:34,24.0000,14.9954,9.7434,9.0046
2026-06-15 20:26:36,24.0000,14.9990,9.7408,9.0010
2026-06-15 20:26:38,24.0000,15.0102,9.7187,8.9898
2026-06-15 20:26:40,24.0000,15.0067,9.7362,8.9933
2026-06-15 20:26:42,24.0000,15.0086,9.7247,8.9914
2026-06-15 20:26:44,24.0000,15.0072,9.7322,8.9928
2026-06-15 20:26:46,24.0000,15.0236,9.7325,8.9764
2026-06-15 20:26:48,24.0000,15.0107,9.7241,8.9893
2026-06-15 20:26:50,24.0000,15.0280,9.7375,8.9720
2026-06-15 20:26:52,24.0000,15.0272,9.7394,8.9728
2026-06-15 20:26:54,24.0000,15.0453,9.7322,8.9547
2026-06-15 20:26:56,24.0000,15.0251,9.7356,8.9749
2026-06-15 20:26:58,24.0000,15.0261,9.7543,8.9739
2026-06-15 20:27:00,24.0000,15.0265,9.7439,8.9735
2026-06-15 20:27:02,24.0000,15.0166,9.7490,8.9834
2026-06-15 20:27:04,24.0000,15.0251,9.7501,8.9749
2026-06-15 20:27:06,24.0000,15.0273,9.7343,8.9727
2026-06-15 20:27:08,24.0000,15.0173,9.7413,8.9827
2026-06-15 20:27:10,24.0000,15.0257,9.7489,8.9743
2026-06-15 20:27:12,24.0000,15.0250,9.7475,8.9750
2026-06-15 20:27:14,24.0000,15.0236,9.7459,8.9764
2026-06-15 20:27:16,24.0000,15.0223,9.7466,8.9777
2026-06-15 20:27:18,24.0000,15.0143,9.7596,8.9857
2026-06-15 20:27:20,24.0000,15.0141,9.7593,8.9859
2026-06-15 20:27:22,24.0000,15.0298,9.7541,8.9702
2026-06-15 20:27:24,24.0000,15.0302,9.7517,8.9698
2026-06-15 20:27:26,24.0000,15.0278,9.7524,8.9722
2026-06-15 20:27:28,24.0000,15.0170,9.7648,8.9830
2026-06-15 20:27:30,24.0000,15.0177,9.7489,8.9823
2026-06-15 20:27:32,24.0000,15.0219,9.7363,8.9781
2026-06-15 20:27:34,24.0000,15.0140,9.7473,8.9860
2026-06-15 20:27:36,24.0000,15.0272,9.7441,8.9728
2026-06-15 20:27:38,24.0000,15.0275,9.7425,8.9725
2026-06-15 20:27:40,24.0000,15.0258,9.7425,8.9742
2026-06-15 20:27:42,24.0000,15.0243,9.7417,8.9757
2026-06-15 20:27:44,24.0000,15.0267,9.7314,8.9733
2026-06-15 20:27:46,24.0000,15.1041,9.7264,8.8959
2026-06-15 20:27:48,24.0000,15.0890,9.7447,8.9110
2026-06-15 20:27:50,24.0000,15.0885,9.7313,8.9115
2026-06-15 20:27:52,24.0000,15.0686,9.7355,8.9314
2026-06-15 20:27:54,24.0000,15.0440,9.7608,8.9560
2026-06-15 20:27:56,24.0000,15.0393,9.7632,8.9607
2026-06-15 20:27:58,24.0000,15.0472,9.7619,8.9528
2026-06-15 20:28:00,24.0000,15.0229,9.7821,8.9771
2026-06-15 20:28:02,24.0000,15.0379,9.7503,8.9621
2026-06-15 20:28:04,24.0000,15.0356,9.7499,8.9644
2026-06-15 20:28:06,24.0000,15.0281,9.7424,8.9719
2026-06-15 20:28:08,24.0000,15.0296,9.7200,8.9704
2026-06-15 20:28:10,24.0000,15.0299,9.7077,8.9701
2026-06-15 20:28:12,24.0000,15.0273,9.7363,8.9727
2026-06-15 20:28:14,24.0000,15.0470,9.7106,8.9530
2026-06-15 20:28:16,24.0000,15.0272,9.7253,8.9728
2026-06-15 20:28:18,24.0000,15.0201,9.7327,8.9799
2026-06-15 20:28:20,24.0000,15.0352,9.7350,8.9648
2026-06-15 20:28:22,24.0000,15.0211,9.7495,8.9789
2026-06-15 20:28:24,24.0000,15.0243,9.7472,8.9757
2026-06-15 20:28:26,24.0000,15.0340,9.7492,8.9660
2026-06-15 20:28:28,24.0000,15.0291,9.7465,8.9709
2026-06-15 20:28:30,24.0000,15.0377,9.7272,8.9623
2026-06-15 20:28:32,24.0000,15.0249,9.7372,8.9751
2026-06-15 20:28:34,24.0000,15.0250,9.7372,8.9750
2026-06-15 20:28:36,24.0000,15.0246,9.7174,8.9754
2026-06-15 20:28:38,24.0000,15.0377,9.7133,8.9623
2026-06-15 20:28:40,24.0000,15.0246,9.7349,8.9754
2026-06-15 20:28:42,24.0000,15.0261,9.7095,8.9739
2026-06-15 20:28:44,24.0000,15.0267,9.7379,8.9733
2026-06-15 20:28:46,24.0000,15.0151,9.7517,8.9849
2026-06-15 20:28:48,24.0000,15.0260,9.7510,8.9740
2026-06-15 20:28:50,24.0000,15.0314,9.7600,8.9686
2026-06-15 20:28:52,24.0000,15.0349,9.7564,8.9651
2026-06-15 20:28:54,24.0000,15.0434,9.7540,8.9566
2026-06-15 20:28:56,24.0000,15.0425,9.7543,8.9575
2026-06-15 20:28:58,24.0000,15.0426,9.7536,8.9574
2026-06-15 20:29:00,24.0000,15.0987,9.7507,8.9013
2026-06-15 20:29:02,24.0000,15.2059,9.7664,8.7941
2026-06-15 20:29:04,24.0000,15.2153,9.7768,8.7847
2026-06-15 20:29:06,24.0000,15.2077,9.7357,8.7923
2026-06-15 20:29:08,24.0000,15.1770,9.7689,8.8230
2026-06-15 20:29:10,24.0000,15.1753,9.7682,8.8247
2026-06-15 20:29:12,24.0000,15.1290,9.7765,8.8710
2026-06-15 20:29:14,24.0000,15.0896,9.7420,8.9104
2026-06-15 20:29:16,24.0000,15.2021,9.7699,8.7979
2026-06-15 20:29:18,24.0000,15.1673,9.8013,8.8327
2026-06-15 20:29:20,24.0000,15.1889,9.7896,8.8111
2026-06-15 20:29:22,24.0000,15.2163,9.7944,8.7837
2026-06-15 20:29:24,24.0000,15.1984,9.8038,8.8016
2026-06-15 20:29:26,24.0000,15.1841,9.7897,8.8159
2026-06-15 20:29:28,24.0000,15.2227,9.7757,8.7773
2026-06-15 20:29:30,24.0000,15.1884,9.7821,8.8116
2026-06-15 20:29:32,24.0000,15.1659,9.7788,8.8341
2026-06-15 20:29:34,24.0000,15.1996,9.7760,8.8004
2026-06-15 20:29:36,24.0000,15.1740,9.7826,8.8260
2026-06-15 20:29:38,24.0000,15.1739,9.7860,8.8261
2026-06-15 20:29:40,24.0000,15.1496,9.7897,8.8504
2026-06-15 20:29:42,24.0000,15.1601,9.7609,8.8399
2026-06-15 20:29:44,24.0000,15.1232,9.7616,8.8768
2026-06-15 20:29:46,24.0000,15.1264,9.7516,8.8736
2026-06-15 20:29:48,24.0000,15.1254,9.7591,8.8746
2026-06-15 20:29:50,24.0000,15.1267,9.7599,8.8733
2026-06-15 20:29:52,24.0000,15.1270,9.7518,8.8730
2026-06-15 20:29:54,24.0000,15.1623,9.7750,8.8377
2026-06-15 20:29:56,24.0000,15.1324,9.7554,8.8676
2026-06-15 20:29:58,24.0000,15.1290,9.7628,8.8710
2026-06-15 20:30:00,24.0000,15.1240,9.7622,8.8760
2026-06-15 20:30:02,24.0000,15.1233,9.7462,8.8767
2026-06-15 20:30:04,24.0000,15.1026,9.7629,8.8974
2026-06-15 20:30:06,24.0000,15.0695,9.7616,8.9305
2026-06-15 20:30:08,24.0000,15.0768,9.8005,8.9232
2026-06-15 20:30:10,24.0000,15.0725,9.7753,8.9275
2026-06-15 20:30:12,24.0000,15.0827,9.7746,8.9173
2026-06-15 20:30:14,24.0000,15.0739,9.7580,8.9261
2026-06-15 20:30:16,24.0000,15.1354,9.7587,8.8646
2026-06-15 20:30:18,24.0000,15.0967,9.7769,8.9033
2026-06-15 20:30:20,24.0000,15.0860,9.7701,8.9140
2026-06-15 20:30:22,24.0000,15.1099,9.7634,8.8901
2026-06-15 20:30:24,24.0000,15.0997,9.7671,8.9003
2026-06-15 20:30:26,24.0000,15.0868,9.7750,8.9132
2026-06-15 20:30:28,24.0000,15.0940,9.7773,8.9060
2026-06-15 20:30:30,24.0000,15.0847,9.7626,8.9153
2026-06-15 20:30:32,24.0000,15.0641,9.7818,8.9359
2026-06-15 20:30:34,24.0000,15.0740,9.7652,8.9260
2026-06-15 20:30:36,24.0000,15.0779,9.7647,8.9221
2026-06-15 20:30:38,24.0000,15.1312,9.7774,8.8688
2026-06-15 20:30:40,24.0000,15.1142,9.7906,8.8858
2026-06-15 20:30:42,24.0000,15.1016,9.7828,8.8984
2026-06-15 20:30:44,24.0000,15.0934,9.7795,8.9066
2026-06-15 20:30:46,24.0000,15.1100,9.7599,8.8900
2026-06-15 20:30:48,24.0000,15.0839,9.7696,8.9161
2026-06-15 20:30:50,24.0000,15.0770,9.7790,8.9230
2026-06-15 20:30:52,24.0000,15.0783,9.7584,8.9217
2026-06-15 20:30:57,24.0000,15.2644,9.8676,8.7356
2026-06-15 20:30:59,24.0000,15.2997,9.8819,8.7003
2026-06-15 20:31:01,24.0000,15.2832,9.8817,8.7168
2026-06-15 20:31:03,24.0000,15.3002,9.8235,8.6998
2026-06-15 20:31:05,24.0000,15.1901,9.7373,8.8099
2026-06-15 20:31:07,24.0000,15.1622,9.7888,8.8378
2026-06-15 20:31:09,24.0000,15.1350,9.8096,8.8650
2026-06-15 20:31:11,24.0000,15.1166,9.8052,8.8834
2026-06-15 20:31:13,24.0000,15.1220,9.7703,8.8780
2026-06-15 20:31:15,24.0000,15.1063,9.7685,8.8937
2026-06-15 20:31:17,24.0000,15.0938,9.7650,8.9062
2026-06-15 20:31:19,24.0000,15.0943,9.7629,8.9057
2026-06-15 20:31:21,24.0000,15.0847,9.7460,8.9153
2026-06-15 20:31:23,24.0000,15.0947,9.7323,8.9053
2026-06-15 20:31:25,24.0000,15.0848,9.7624,8.9152
2026-06-15 20:31:27,24.0000,15.0979,9.7478,8.9021
2026-06-15 20:31:29,24.0000,15.0913,9.7588,8.9087
2026-06-15 20:31:31,24.0000,15.0992,9.7372,8.9008
2026-06-15 20:31:33,24.0000,15.0960,9.7409,8.9040
2026-06-15 20:31:35,24.0000,15.0937,9.7535,8.9063
2026-06-15 20:31:37,24.0000,15.0945,9.7544,8.9055
2026-06-15 20:31:39,24.0000,15.0828,9.7480,8.9172
2026-06-15 20:31:41,24.0000,15.0834,9.7103,8.9166
2026-06-15 20:31:43,24.0000,15.0889,9.7386,8.9111
2026-06-15 20:31:45,24.0000,15.0781,9.7319,8.9219
2026-06-15 20:31:47,24.0000,15.0468,9.7303,8.9532
2026-06-15 20:31:49,24.0000,15.0289,9.7203,8.9711
2026-06-15 20:31:51,24.0000,15.0333,9.7157,8.9667
2026-06-15 20:31:53,24.0000,15.0394,9.7297,8.9606
2026-06-15 20:31:55,24.0000,15.0426,9.7319,8.9574
2026-06-15 20:31:57,24.0000,15.1016,9.7169,8.8984
2026-06-15 20:31:59,24.0000,15.0788,9.7430,8.9212
2026-06-15 20:32:01,24.0000,15.0656,9.7429,8.9344
2026-06-15 20:32:03,24.0000,15.0618,9.7356,8.9382
2026-06-15 20:32:05,24.0000,15.0786,9.7433,8.9214
2026-06-15 20:32:07,24.0000,15.0661,9.7408,8.9339
2026-06-15 20:32:13,24.0000,15.2305,9.8557,8.7695
2026-06-15 20:32:15,24.0000,15.2636,9.8534,8.7364
2026-06-15 20:32:17,24.0000,15.2447,9.8521,8.7553
2026-06-15 20:32:19,24.0000,15.2522,9.8443,8.7478
2026-06-15 20:32:21,24.0000,15.1151,9.7228,8.8849
2026-06-15 20:32:23,24.0000,15.0890,9.7529,8.9110
2026-06-15 20:32:25,24.0000,15.0811,9.7504,8.9189
2026-06-15 20:33:19,24.0000,15.2332,9.8427,8.7668
2026-06-15 20:33:21,24.0000,15.2847,9.8445,8.7153
2026-06-15 20:33:23,24.0000,15.2638,9.8471,8.7362
2026-06-15 20:33:25,24.0000,15.2567,9.8455,8.7433
2026-06-15 20:33:27,24.0000,15.1126,9.7329,8.8874
2026-06-15 20:33:29,24.0000,15.1144,9.7662,8.8856
2026-06-15 20:33:31,24.0000,15.0920,9.7632,8.9080
2026-06-15 20:33:33,24.0000,15.0846,9.7621,8.9154
2026-06-15 20:33:35,24.0000,15.0598,9.7702,8.9402
2026-06-15 20:33:37,24.0000,15.0542,9.7648,8.9458
2026-06-15 20:33:39,24.0000,15.0566,9.7674,8.9434
2026-06-15 20:33:41,24.0000,15.0683,9.7618,8.9317
2026-06-15 20:33:43,24.0000,15.0871,9.7502,8.9129
2026-06-15 20:33:45,24.0000,15.0834,9.7573,8.9166
2026-06-15 20:33:47,24.0000,15.1007,9.7242,8.8993
2026-06-15 20:33:49,24.0000,15.1372,9.7728,8.8628
2026-06-15 20:33:51,24.0000,15.1322,9.7668,8.8678
2026-06-15 20:33:53,24.0000,15.1200,9.7759,8.8800
2026-06-15 20:33:55,24.0000,15.0759,9.7589,8.9241
2026-06-15 20:33:57,24.0000,15.0719,9.7570,8.9281
2026-06-15 20:33:59,24.0000,15.0612,9.7581,8.9388
2026-06-15 20:34:01,24.0000,15.0581,9.7585,8.9419
2026-06-15 20:34:03,24.0000,15.0489,9.7513,8.9511
2026-06-15 20:34:09,24.0000,15.2483,9.8061,8.7517
2026-06-15 20:34:11,24.0000,15.2420,9.8303,8.7580
2026-06-15 20:34:13,24.0000,15.2195,9.8255,8.7805
2026-06-15 20:34:15,24.0000,15.2442,9.7940,8.7558
2026-06-15 20:34:17,24.0000,15.1877,9.7632,8.8123
2026-06-15 20:34:19,24.0000,15.1404,9.8052,8.8596
2026-06-15 20:34:21,24.0000,15.1164,9.7986,8.8836
2026-06-15 20:34:23,24.0000,15.1036,9.7971,8.8964
2026-06-15 20:34:25,24.0000,15.1345,9.7906,8.8655
2026-06-15 20:34:27,24.0000,15.1216,9.7910,8.8784
2026-06-15 20:34:34,24.0000,15.2853,9.8366,8.7147
2026-06-15 20:34:36,24.0000,15.2665,9.8508,8.7335
2026-06-15 20:34:38,24.0000,15.2416,9.8427,8.7584
2026-06-15 20:34:40,24.0000,15.2424,9.8467,8.7576
2026-06-15 20:34:42,24.0000,15.0972,9.7334,8.9028
2026-06-15 20:34:44,24.0000,15.0746,9.7595,8.9254
2026-06-15 20:34:46,24.0000,15.0624,9.7506,8.9376
2026-06-15 20:34:48,24.0000,15.0546,9.7486,8.9454
2026-06-15 20:34:50,24.0000,15.0613,9.7442,8.9387
2026-06-15 20:34:52,24.0000,15.0447,9.7406,8.9553
2026-06-15 20:34:54,24.0000,15.0320,9.7522,8.9680
2026-06-15 20:34:56,24.0000,15.0331,9.7540,8.9669
2026-06-15 20:34:58,24.0000,15.0233,9.7631,8.9767
2026-06-15 20:35:00,24.0000,15.0356,9.7625,8.9644
2026-06-15 20:35:02,24.0000,15.1145,9.7101,8.8855
2026-06-15 20:35:04,24.0000,15.1116,9.7713,8.8884
2026-06-15 20:35:06,24.0000,15.0973,9.7719,8.9027
2026-06-15 20:35:08,24.0000,15.0902,9.7711,8.9098
2026-06-15 20:35:10,24.0000,15.0797,9.7718,8.9203
2026-06-15 20:35:12,24.0000,15.0677,9.7668,8.9323
2026-06-15 20:35:14,24.0000,15.0670,9.7630,8.9330
2026-06-15 20:35:16,24.0000,15.0679,9.7572,8.9321
2026-06-15 20:35:18,24.0000,15.0656,9.7670,8.9344
2026-06-15 20:35:20,24.0000,15.0668,9.7659,8.9332
2026-06-15 20:35:22,24.0000,15.0537,9.7869,8.9463
2026-06-15 20:35:24,24.0000,15.1152,9.7653,8.8848
2026-06-15 20:35:26,24.0000,15.1216,9.7726,8.8784
2026-06-15 20:35:28,24.0000,15.1350,9.7675,8.8650
2026-06-15 20:35:30,24.0000,15.1040,9.7406,8.8960
2026-06-15 20:35:32,24.0000,15.1042,9.7425,8.8958
2026-06-15 20:35:34,24.0000,15.0873,9.7449,8.9127
2026-06-15 20:35:36,24.0000,15.0909,9.7415,8.9091
2026-06-15 20:35:38,24.0000,15.0978,9.7427,8.9022
2026-06-15 20:35:40,24.0000,15.0812,9.7604,8.9188
2026-06-15 20:35:42,24.0000,15.0878,9.7466,8.9122
2026-06-15 20:35:44,24.0000,15.0724,9.7544,8.9276
2026-06-15 20:35:46,24.0000,15.0644,9.7525,8.9356
2026-06-15 20:35:48,24.0000,15.1023,9.7533,8.8977
2026-06-15 20:35:50,24.0000,15.1079,9.7420,8.8921
2026-06-15 20:35:55,24.0000,15.2844,9.8507,8.7156
2026-06-15 20:35:57,24.0000,15.2753,9.8603,8.7247
2026-06-15 20:35:59,24.0000,15.2604,9.8547,8.7396
2026-06-15 20:36:01,24.0000,15.2334,9.8526,8.7666
2026-06-15 20:36:03,24.0000,15.1035,9.7401,8.8965
2026-06-15 20:36:05,24.0000,15.0572,9.7751,8.9428
2026-06-15 20:36:07,24.0000,15.0436,9.7793,8.9564
2026-06-15 20:36:09,24.0000,15.1234,9.7196,8.8766
2026-06-15 20:36:11,24.0000,15.1389,9.7714,8.8611
2026-06-15 20:36:13,24.0000,15.1024,9.7972,8.8976
2026-06-15 20:36:15,24.0000,15.0979,9.7860,8.9021
2026-06-15 20:36:17,24.0000,15.0953,9.7845,8.9047
2026-06-15 20:36:19,24.0000,15.0760,9.7843,8.9240
2026-06-15 20:36:21,24.0000,15.1030,9.7725,8.8970
2026-06-15 20:36:23,24.0000,15.1014,9.7879,8.8986
2026-06-15 20:36:25,24.0000,15.1005,9.7546,8.8995
2026-06-15 20:36:27,24.0000,15.1001,9.7590,8.8999
2026-06-15 20:36:29,24.0000,15.1045,9.7904,8.8955
2026-06-15 20:36:31,24.0000,15.1560,9.7755,8.8440
2026-06-15 20:36:33,24.0000,15.1292,9.7936,8.8708
2026-06-15 20:36:35,24.0000,15.0954,9.7921,8.9046
2026-06-15 20:36:37,24.0000,15.0881,9.7851,8.9119
2026-06-15 20:36:39,24.0000,15.0823,9.7828,8.9177
2026-06-15 20:36:41,24.0000,15.0665,9.7957,8.9335
2026-06-15 20:36:43,24.0000,15.0681,9.7545,8.9319
2026-06-15 20:36:45,24.0000,15.0374,9.7499,8.9626
2026-06-15 20:36:47,24.0000,15.0446,9.7530,8.9554
2026-06-15 20:36:49,24.0000,15.0567,9.7560,8.9433
2026-06-15 20:36:51,24.0000,15.0568,9.7757,8.9432
2026-06-15 20:36:53,24.0000,15.0550,9.7562,8.9450
2026-06-15 20:36:59,24.0000,15.3093,9.8841,8.6907
2026-06-15 20:37:01,24.0000,15.2983,9.8866,8.7017
2026-06-15 20:37:03,24.0000,15.2710,9.8772,8.7290
2026-06-15 20:37:05,24.0000,15.2720,9.8830,8.7280
2026-06-15 20:37:07,24.0000,15.1276,9.7825,8.8724
2026-06-15 20:37:09,24.0000,15.0959,9.8079,8.9041
2026-06-15 20:37:11,24.0000,15.0943,9.8074,8.9057
2026-06-15 20:37:13,24.0000,15.1506,9.7477,8.8494
2026-06-15 20:37:15,24.0000,15.1408,9.8171,8.8592
2026-06-15 20:37:17,24.0000,15.1465,9.8129,8.8535
2026-06-15 20:37:19,24.0000,15.1225,9.8081,8.8775
2026-06-15 20:37:21,24.0000,15.1026,9.8002,8.8974
2026-06-15 20:37:23,24.0000,15.0624,9.7725,8.9376
2026-06-15 20:37:25,24.0000,15.0621,9.7826,8.9379
2026-06-15 20:37:27,24.0000,15.0664,9.7805,8.9336
2026-06-15 20:37:32,24.0000,15.3111,9.8543,8.6889
2026-06-15 20:37:34,24.0000,15.3576,9.8370,8.6424
2026-06-15 20:37:36,24.0000,15.3432,9.8912,8.6568
2026-06-15 20:37:38,24.0000,15.3375,9.9000,8.6625
2026-06-15 20:37:40,24.0000,15.1928,9.7934,8.8072
2026-06-15 20:37:42,24.0000,15.1523,9.7858,8.8477
2026-06-15 20:37:44,24.0000,15.1363,9.7796,8.8637
2026-06-15 20:37:46,24.0000,15.1188,9.7761,8.8812
2026-06-15 20:37:48,24.0000,15.1129,9.7818,8.8871
2026-06-15 20:37:50,24.0000,15.1076,9.7796,8.8924
2026-06-15 20:37:52,24.0000,15.0937,9.7761,8.9063
2026-06-15 20:37:54,24.0000,15.0941,9.7761,8.9059
2026-06-15 20:37:56,24.0000,15.0462,9.7523,8.9538
2026-06-15 20:37:58,24.0000,15.0484,9.7865,8.9516
2026-06-15 20:38:00,24.0000,15.0320,9.7809,8.9680
2026-06-15 20:38:02,24.0000,15.0556,9.7534,8.9444
2026-06-15 20:38:04,24.0000,15.0557,9.7889,8.9443
2026-06-15 20:38:06,24.0000,15.0316,9.7839,8.9684
2026-06-15 20:38:08,24.0000,15.0345,9.7799,8.9655
2026-06-15 20:38:10,24.0000,15.0345,9.7776,8.9655
2026-06-15 20:38:12,24.0000,15.0337,9.7779,8.9663
2026-06-15 20:38:14,24.0000,15.0352,9.7418,8.9648
2026-06-15 20:38:16,24.0000,15.0312,9.7441,8.9688
2026-06-15 20:38:18,24.0000,15.0318,9.7450,8.9682
2026-06-15 20:38:20,24.0000,15.0322,9.7408,8.9678
2026-06-15 20:38:22,24.0000,15.0649,9.7567,8.9351
2026-06-15 20:38:24,24.0000,15.0500,9.7490,8.9500
2026-06-15 20:38:26,24.0000,15.0473,9.7486,8.9527
2026-06-15 20:38:28,24.0000,15.0364,9.7477,8.9636
2026-06-15 20:38:30,24.0000,15.0468,9.7640,8.9532
2026-06-15 20:38:32,24.0000,15.0371,9.7565,8.9629
2026-06-15 20:38:34,24.0000,15.0282,9.7556,8.9718
2026-06-15 20:38:36,24.0000,15.0235,9.7555,8.9765
2026-06-15 20:38:38,24.0000,15.0214,9.7296,8.9786
2026-06-15 20:38:40,24.0000,15.0006,9.7067,8.9994
2026-06-15 20:38:42,24.0000,15.0008,9.7165,8.9992
2026-06-15 20:38:44,24.0000,14.9985,9.7224,9.0015
2026-06-15 20:38:46,24.0000,15.0004,9.7373,8.9996
2026-06-15 20:38:48,24.0000,15.0209,9.7124,8.9791
2026-06-15 20:38:50,24.0000,15.0223,9.7143,8.9777
2026-06-15 20:38:52,24.0000,15.0334,9.7429,8.9666
2026-06-15 20:38:54,24.0000,15.0300,9.7409,8.9700
2026-06-15 20:38:56,24.0000,15.0247,9.7256,8.9753
2026-06-15 20:38:58,24.0000,15.0305,9.7482,8.9695
2026-06-15 20:39:00,24.0000,15.0415,9.7480,8.9585
2026-06-15 20:39:02,24.0000,15.0388,9.7506,8.9612
2026-06-15 20:39:04,24.0000,15.0436,9.7498,8.9564
2026-06-15 20:39:06,24.0000,15.0433,9.7486,8.9567
2026-06-15 20:39:08,24.0000,15.0510,9.7542,8.9490
2026-06-15 20:39:10,24.0000,15.0458,9.7537,8.9542
2026-06-15 20:39:12,24.0000,15.0494,9.7519,8.9506
2026-06-15 20:39:14,24.0000,15.0488,9.7620,8.9512
2026-06-15 20:39:16,24.0000,15.0492,9.7579,8.9508
2026-06-15 20:39:18,24.0000,15.0504,9.7307,8.9496
2026-06-15 20:39:20,24.0000,15.0282,9.7163,8.9718
2026-06-15 20:39:22,24.0000,15.0155,9.7483,8.9845
2026-06-15 20:39:24,24.0000,15.0275,9.7167,8.9725
2026-06-15 20:39:26,24.0000,15.0129,9.7467,8.9871
2026-06-15 20:39:28,24.0000,15.0160,9.7509,8.9840
2026-06-15 20:39:30,24.0000,15.0148,9.7189,8.9852
2026-06-15 20:39:32,24.0000,15.0140,9.7295,8.9860
2026-06-15 20:39:34,24.0000,15.0095,9.7288,8.9905
2026-06-15 20:39:36,24.0000,15.0075,9.7699,8.9925
2026-06-15 20:39:38,24.0000,15.0089,9.7701,8.9911
2026-06-15 20:39:40,24.0000,15.0025,9.7641,8.9975
2026-06-15 20:39:42,24.0000,15.0023,9.7559,8.9977
2026-06-15 20:39:44,24.0000,15.0103,9.7410,8.9897
2026-06-15 20:39:46,24.0000,15.0087,9.7410,8.9913
2026-06-15 20:39:48,24.0000,14.9989,9.7813,9.0011
2026-06-15 20:39:50,24.0000,15.0646,9.7131,8.9354
2026-06-15 20:39:52,24.0000,15.0724,9.7600,8.9276
2026-06-15 20:39:54,24.0000,15.0620,9.7677,8.9380
2026-06-15 20:39:56,24.0000,15.0486,9.7649,8.9514
2026-06-15 20:39:58,24.0000,15.0384,9.7639,8.9616
2026-06-15 20:40:00,24.0000,15.0311,9.7282,8.9689
2026-06-15 20:40:02,24.0000,15.0322,9.7396,8.9678
2026-06-15 20:40:04,24.0000,15.0063,9.7294,8.9937
2026-06-15 20:40:06,24.0000,15.0086,9.7288,8.9914
2026-06-15 20:40:08,24.0000,15.0094,9.7184,8.9906
2026-06-15 20:40:10,24.0000,15.0700,9.7446,8.9300
2026-06-15 20:40:12,24.0000,15.0334,9.7329,8.9666
2026-06-15 20:40:14,24.0000,15.0299,9.7514,8.9701
2026-06-15 20:40:16,24.0000,15.0211,9.7435,8.9789
2026-06-15 20:40:18,24.0000,15.0103,9.7462,8.9897
2026-06-15 20:40:20,24.0000,15.0122,9.7478,8.9878
2026-06-15 20:40:22,24.0000,15.0323,9.7348,8.9677
2026-06-15 20:40:24,24.0000,15.0477,9.7359,8.9523
2026-06-15 20:40:26,24.0000,15.0573,9.7494,8.9427
2026-06-15 20:40:28,24.0000,15.1277,9.7565,8.8723
2026-06-15 20:40:30,24.0000,15.0877,9.7698,8.9123
2026-06-15 20:40:32,24.0000,15.0839,9.7689,8.9161
2026-06-15 20:40:34,24.0000,15.0762,9.8049,8.9238
2026-06-15 20:45:12,24.0000,15.3721,9.8736,8.6279
2026-06-15 20:45:14,24.0000,15.3738,9.8778,8.6262
2026-06-15 20:45:16,24.0000,15.3497,9.8772,8.6503
2026-06-15 20:45:19,24.0000,15.3345,9.8590,8.6655
2026-06-15 20:45:21,24.0000,15.1106,9.7212,8.8894
2026-06-15 20:45:23,24.0000,15.1723,9.7263,8.8277
2026-06-15 20:45:25,24.0000,15.1907,9.8073,8.8093
2026-06-15 20:45:27,24.0000,15.1191,9.7844,8.8809
2026-06-15 20:45:29,24.0000,15.1068,9.7831,8.8932
2026-06-15 20:45:31,24.0000,15.0946,9.7816,8.9054
2026-06-15 20:45:33,24.0000,15.0685,9.7776,8.9315
2026-06-15 20:45:35,24.0000,15.0577,9.7719,8.9423
2026-06-15 20:45:37,24.0000,15.0571,9.7716,8.9429
2026-06-15 20:45:39,24.0000,15.0542,9.7702,8.9458
2026-06-15 20:45:41,24.0000,15.0607,9.7700,8.9393
2026-06-15 20:45:43,24.0000,15.0661,9.7303,8.9339
2026-06-15 20:45:45,24.0000,15.0655,9.7337,8.9345
2026-06-15 20:45:47,24.0000,15.0620,9.7472,8.9380
2026-06-15 20:45:49,24.0000,15.0448,9.7370,8.9552
2026-06-15 20:45:51,24.0000,15.0496,9.7365,8.9504
2026-06-15 20:45:53,24.0000,15.0497,9.7645,8.9503
2026-06-15 20:45:55,24.0000,15.0386,9.7354,8.9614
2026-06-15 20:45:57,24.0000,15.0459,9.7366,8.9541
2026-06-15 20:45:59,24.0000,15.0465,9.7629,8.9535
2026-06-15 20:46:01,24.0000,15.0467,9.7366,8.9533
2026-06-15 20:46:03,24.0000,15.0111,9.7218,8.9889
2026-06-15 20:46:05,24.0000,15.0011,9.7399,8.9989
2026-06-15 20:46:07,24.0000,15.0042,9.7502,8.9958
2026-06-15 20:46:09,24.0000,15.0127,9.7309,8.9873
2026-06-15 20:46:11,24.0000,15.0059,9.7288,8.9941
2026-06-15 20:46:13,24.0000,15.0086,9.7214,8.9914
2026-06-15 20:46:15,24.0000,15.0149,9.7212,8.9851
2026-06-15 20:46:17,24.0000,15.0211,9.7212,8.9789
2026-06-15 20:46:19,24.0000,15.0094,9.7241,8.9906
2026-06-15 20:46:21,24.0000,15.0185,9.7651,8.9815
2026-06-15 20:46:23,24.0000,15.0135,9.7503,8.9865
2026-06-15 20:46:25,24.0000,15.0019,9.7204,8.9981
2026-06-15 20:46:27,24.0000,15.0079,9.7230,8.9921
2026-06-15 20:46:29,24.0000,15.0778,9.7137,8.9222
2026-06-15 20:46:31,24.0000,15.0442,9.7324,8.9558
2026-06-15 20:46:33,24.0000,15.0368,9.7275,8.9632
2026-06-15 20:46:35,24.0000,15.0310,9.7202,8.9690
2026-06-15 20:46:37,24.0000,15.0300,9.7216,8.9700
2026-06-15 20:46:39,24.0000,15.0724,9.7179,8.9276
2026-06-15 20:46:41,24.0000,15.0546,9.7438,8.9454
2026-06-15 20:46:43,24.0000,15.0755,9.7374,8.9245
2026-06-15 20:46:45,24.0000,15.0729,9.7372,8.9271
2026-06-15 20:46:47,24.0000,15.0721,9.7461,8.9279
2026-06-15 20:46:49,24.0000,15.0612,9.7438,8.9388
2026-06-15 20:46:51,24.0000,15.0734,9.7438,8.9266
2026-06-15 20:46:53,24.0000,15.0736,9.7439,8.9264
2026-06-15 20:46:55,24.0000,15.0736,9.7439,8.9264
2026-06-15 20:46:57,24.0000,15.0639,9.7441,8.9361
2026-06-15 20:46:59,24.0000,15.0524,9.7441,8.9476
2026-06-15 20:47:01,24.0000,15.0573,9.7302,8.9427
2026-06-15 20:47:03,24.0000,15.0493,9.7278,8.9507
2026-06-15 20:47:05,24.0000,15.0583,9.7218,8.9417
2026-06-15 20:47:07,24.0000,15.0580,9.7220,8.9420
2026-06-15 20:47:09,24.0000,15.0481,9.7379,8.9519
2026-06-15 20:47:11,24.0000,15.0193,9.7383,8.9807
2026-06-15 20:47:13,24.0000,15.0613,9.7225,8.9387
2026-06-15 20:47:15,24.0000,15.0437,9.7447,8.9563
2026-06-15 20:47:17,24.0000,15.0237,9.7796,8.9763
2026-06-15 20:47:19,24.0000,15.0385,9.7735,8.9615
2026-06-15 20:47:21,24.0000,15.0332,9.7735,8.9668
2026-06-15 20:47:23,24.0000,15.0119,9.7706,8.9881
2026-06-15 20:47:25,24.0000,15.0704,9.7319,8.9296
2026-06-15 20:47:27,24.0000,15.0641,9.7199,8.9359
2026-06-15 20:47:29,24.0000,15.0676,9.7408,8.9324
2026-06-15 20:47:31,24.0000,15.0543,9.7473,8.9457
2026-06-15 20:47:37,24.0000,15.2725,9.8453,8.7275
2026-06-15 20:47:39,24.0000,15.2368,9.8602,8.7632
2026-06-15 20:47:41,24.0000,15.2408,9.8224,8.7592
2026-06-15 20:47:43,24.0000,15.2695,9.8572,8.7305
2026-06-15 20:47:48,24.0000,15.3078,9.8637,8.6922
2026-06-15 20:47:50,24.0000,15.2894,9.8772,8.7106
2026-06-15 20:47:52,24.0000,15.2558,9.8613,8.7442
2026-06-15 20:47:54,24.0000,15.2432,9.8596,8.7568
2026-06-15 20:47:56,24.0000,15.1165,9.7225,8.8835
2026-06-15 20:47:58,24.0000,15.1370,9.7956,8.8630
2026-06-15 20:48:00,24.0000,15.1169,9.7950,8.8831
2026-06-15 20:48:02,24.0000,15.0852,9.7941,8.9148
2026-06-15 20:48:04,24.0000,15.0825,9.7911,8.9175
2026-06-15 20:48:06,24.0000,15.0684,9.7883,8.9316
2026-06-15 20:48:08,24.0000,15.0463,9.7859,8.9537
2026-06-15 20:48:10,24.0000,15.0560,9.7827,8.9440
2026-06-15 20:48:12,24.0000,15.0587,9.7426,8.9413
2026-06-15 20:48:14,24.0000,15.1278,9.7555,8.8722
2026-06-15 20:48:16,24.0000,15.1821,9.7437,8.8179
2026-06-15 20:48:18,24.0000,15.1614,9.7496,8.8386
2026-06-15 20:48:20,24.0000,15.1921,9.7475,8.8079
2026-06-15 20:48:22,24.0000,15.1742,9.7706,8.8258
2026-06-15 20:48:24,24.0000,15.1665,9.7703,8.8335
2026-06-15 20:48:26,24.0000,15.1617,9.7675,8.8383
2026-06-15 20:48:28,24.0000,15.1441,9.7731,8.8559
2026-06-15 20:48:30,24.0000,15.1314,9.7559,8.8686
2026-06-15 20:48:32,24.0000,15.1983,9.7502,8.8017
2026-06-15 20:48:34,24.0000,15.1833,9.7825,8.8167
2026-06-15 20:48:36,24.0000,15.2059,9.7823,8.7941
2026-06-15 20:48:38,24.0000,15.1734,9.7645,8.8266
2026-06-15 20:48:40,24.0000,15.1581,9.7580,8.8419
2026-06-15 20:48:42,24.0000,15.1626,9.7413,8.8374
2026-06-15 20:48:44,24.0000,15.1667,9.7514,8.8333
2026-06-15 20:48:50,24.0000,15.3391,9.8452,8.6609
2026-06-15 20:48:52,24.0000,15.3213,9.8672,8.6787
2026-06-15 20:48:54,24.0000,15.3686,9.7917,8.6314
2026-06-15 20:48:56,24.0000,15.3622,9.8660,8.6378
2026-06-15 20:48:58,24.0000,15.2312,9.7361,8.7688
2026-06-15 20:49:03,24.0000,15.3712,9.8360,8.6288
2026-06-15 20:49:05,24.0000,15.3519,9.8612,8.6481
2026-06-15 20:49:07,24.0000,15.3206,9.8483,8.6794
2026-06-15 20:49:09,24.0000,15.2938,9.8411,8.7062
2026-06-15 20:49:11,24.0000,15.1479,9.7233,8.8521
2026-06-15 20:49:13,24.0000,15.1238,9.7371,8.8762
2026-06-15 20:49:15,24.0000,15.1120,9.7368,8.8880
2026-06-15 20:49:17,24.0000,15.1025,9.7362,8.8975
2026-06-15 20:49:19,24.0000,15.1203,9.7228,8.8797
2026-06-15 20:49:21,24.0000,15.1057,9.7485,8.8943
2026-06-15 20:49:23,24.0000,15.0956,9.7371,8.9044
2026-06-15 20:49:25,24.0000,15.0822,9.7372,8.9178
2026-06-15 20:49:27,24.0000,15.1591,9.7049,8.8409
2026-06-15 20:49:29,24.0000,15.1771,9.7568,8.8229
2026-06-15 20:49:31,24.0000,15.1759,9.7549,8.8241
2026-06-15 20:49:37,24.0000,15.4135,9.8575,8.5865
2026-06-15 20:49:39,24.0000,15.4013,9.8568,8.5987
2026-06-15 20:49:41,24.0000,15.3980,9.7693,8.6020
2026-06-15 20:49:43,24.0000,15.4095,9.8238,8.5905
2026-06-15 20:49:49,24.0000,15.3933,9.8530,8.6067
2026-06-15 20:49:51,24.0000,15.3633,9.8655,8.6367
2026-06-15 20:49:53,24.0000,15.3101,9.8263,8.6899
2026-06-15 20:49:55,24.0000,15.4039,9.8518,8.5961
2026-06-15 20:49:57,24.0000,15.2092,9.6995,8.7908
2026-06-15 20:49:59,24.0000,15.1910,9.7220,8.8090
2026-06-15 20:50:01,24.0000,15.1773,9.7219,8.8227
2026-06-15 20:50:03,24.0000,15.1549,9.7130,8.8451
2026-06-15 20:50:05,24.0000,15.1458,9.6766,8.8542
2026-06-15 20:50:07,24.0000,15.0859,9.6715,8.9141
2026-06-15 20:50:13,24.0000,15.2910,9.8065,8.7090
2026-06-15 20:50:15,24.0000,15.2899,9.8076,8.7101
2026-06-15 20:50:17,24.0000,15.2540,9.7992,8.7460
2026-06-15 20:50:19,24.0000,15.3409,9.7639,8.6591
2026-06-15 20:50:26,24.0000,15.3313,9.8160,8.6687
2026-06-15 20:50:28,24.0000,15.3117,9.8135,8.6883
2026-06-15 20:50:30,24.0000,15.2619,9.7850,8.7381
2026-06-15 20:50:32,24.0000,15.3342,9.8161,8.6658
2026-06-15 20:50:37,24.0000,15.3316,9.8160,8.6684
2026-06-15 20:50:39,24.0000,15.2999,9.8234,8.7001
2026-06-15 20:50:41,24.0000,15.2831,9.8172,8.7169
2026-06-15 20:50:43,24.0000,15.2599,9.8149,8.7401
2026-06-15 20:50:45,24.0000,15.0995,9.7051,8.9005
2026-06-15 20:50:47,24.0000,15.1848,9.6811,8.8152
2026-06-15 20:50:49,24.0000,15.1573,9.7340,8.8427
2026-06-15 20:50:51,24.0000,15.1447,9.7325,8.8553
2026-06-15 20:50:53,24.0000,15.1212,9.7350,8.8788
2026-06-15 20:50:55,24.0000,15.1047,9.7347,8.8953
2026-06-15 20:50:57,24.0000,15.1426,9.7266,8.8574
2026-06-15 20:50:59,24.0000,15.1456,9.7266,8.8544
2026-06-15 20:51:01,24.0000,15.1279,9.7265,8.8721
2026-06-15 20:51:07,24.0000,15.3156,9.8100,8.6844
2026-06-15 20:51:09,24.0000,15.2870,9.8186,8.7130
2026-06-15 20:51:11,24.0000,15.3517,9.7780,8.6483
2026-06-15 20:51:13,24.0000,15.3387,9.8234,8.6613
2026-06-15 20:51:19,24.0000,15.3645,9.8257,8.6355
2026-06-15 20:51:21,24.0000,15.3414,9.8370,8.6586
2026-06-15 20:51:23,24.0000,15.3120,9.8233,8.6880
2026-06-15 20:51:25,24.0000,15.3130,9.8206,8.6870
2026-06-15 20:51:27,24.0000,15.1498,9.7173,8.8502
2026-06-15 20:51:29,24.0000,15.1591,9.7231,8.8409
2026-06-15 20:51:31,24.0000,15.1582,9.7208,8.8418
2026-06-15 20:51:33,24.0000,15.1211,9.7183,8.8789
2026-06-15 20:51:35,24.0000,15.1662,9.7193,8.8338
2026-06-15 20:51:37,24.0000,15.1762,9.6911,8.8238
2026-06-15 20:51:39,24.0000,15.1727,9.6837,8.8273
2026-06-15 20:51:41,24.0000,15.1605,9.7332,8.8395
2026-06-15 20:51:43,24.0000,15.1493,9.7426,8.8507
2026-06-15 20:51:45,24.0000,15.1779,9.7419,8.8221
2026-06-15 20:51:47,24.0000,15.2290,9.7288,8.7710
2026-06-15 20:51:49,24.0000,15.1945,9.7478,8.8055
2026-06-15 20:51:51,24.0000,15.1735,9.7495,8.8265
2026-06-15 20:51:53,24.0000,15.1983,9.7402,8.8017
2026-06-15 20:51:55,24.0000,15.1781,9.7502,8.8219
2026-06-15 20:51:57,24.0000,15.1567,9.7415,8.8433
2026-06-15 20:52:03,24.0000,15.3095,9.7855,8.6905
2026-06-15 20:52:05,24.0000,15.2939,9.8202,8.7061
2026-06-15 20:52:07,24.0000,15.2764,9.8107,8.7236
2026-06-15 20:52:09,24.0000,15.2309,9.7642,8.7691
2026-06-15 20:52:11,24.0000,15.1777,9.7105,8.8223
2026-06-15 20:52:13,24.0000,15.1598,9.7421,8.8402
2026-06-15 20:52:15,24.0000,15.1395,9.7411,8.8605
2026-06-15 20:52:17,24.0000,15.1150,9.7382,8.8850
2026-06-15 20:52:19,24.0000,15.1072,9.7373,8.8928
2026-06-15 20:52:21,24.0000,15.0885,9.7344,8.9115
2026-06-15 20:52:23,24.0000,15.0226,9.7283,8.9774
2026-06-15 20:52:25,24.0000,15.0341,9.6905,8.9659
2026-06-15 20:52:27,24.0000,15.0315,9.7019,8.9685
2026-06-15 20:52:29,24.0000,15.0200,9.7248,8.9800
2026-06-15 20:52:31,24.0000,15.0334,9.6992,8.9666
2026-06-15 20:52:33,24.0000,15.0285,9.6985,8.9715
2026-06-15 20:52:38,24.0000,15.2500,9.8134,8.7500
2026-06-15 20:52:40,24.0000,15.2395,9.8237,8.7605
2026-06-15 20:52:42,24.0000,15.2506,9.7889,8.7494
2026-06-15 20:52:44,24.0000,15.2805,9.8164,8.7195
2026-06-15 20:52:46,24.0000,15.1217,9.7233,8.8783
2026-06-15 20:52:48,24.0000,15.0900,9.7620,8.9100
2026-06-15 20:52:54,24.0000,15.2533,9.8236,8.7467
2026-06-15 20:52:56,24.0000,15.2501,9.8336,8.7499
2026-06-15 20:52:58,24.0000,15.2123,9.8241,8.7877
2026-06-15 20:53:00,24.0000,15.2515,9.7976,8.7485
2026-06-15 20:53:02,24.0000,15.1482,9.7397,8.8518
2026-06-15 20:53:04,24.0000,15.1178,9.7317,8.8822
2026-06-15 20:53:06,24.0000,15.0724,9.7286,8.9276
2026-06-15 20:53:08,24.0000,15.0571,9.7208,8.9429
2026-06-15 20:53:10,24.0000,15.0485,9.7212,8.9515
2026-06-15 20:53:12,24.0000,15.0362,9.7186,8.9638
2026-06-15 20:53:14,24.0000,15.0079,9.7149,8.9921
2026-06-15 20:53:21,24.0000,15.2572,9.8041,8.7428
2026-06-15 20:53:23,24.0000,15.2440,9.8205,8.7560
2026-06-15 20:53:25,24.0000,15.2596,9.7937,8.7404
2026-06-15 20:53:27,24.0000,15.2902,9.7842,8.7098
2026-06-15 20:53:29,24.0000,15.1278,9.7356,8.8722
2026-06-15 20:53:31,24.0000,15.1042,9.7568,8.8958
2026-06-15 20:53:33,24.0000,15.1431,9.7521,8.8569
2026-06-15 20:53:35,24.0000,15.1114,9.7590,8.8886
2026-06-15 20:53:37,24.0000,15.1231,9.7619,8.8769
2026-06-15 20:53:39,24.0000,15.1028,9.7599,8.8972
2026-06-15 20:53:41,24.0000,15.0681,9.7596,8.9319
2026-06-15 20:53:43,24.0000,15.0716,9.7312,8.9284
2026-06-15 20:53:45,24.0000,15.0686,9.7305,8.9314
2026-06-15 20:53:47,24.0000,15.0444,9.7271,8.9556
2026-06-15 20:53:49,24.0000,15.0477,9.7419,8.9523
2026-06-15 20:53:51,24.0000,15.0618,9.7244,8.9382
2026-06-15 20:53:53,24.0000,15.0512,9.7420,8.9488
2026-06-15 20:53:55,24.0000,15.0499,9.7251,8.9501
2026-06-15 20:53:57,24.0000,15.0518,9.7273,8.9482
2026-06-15 20:54:02,24.0000,15.2696,9.8217,8.7304
2026-06-15 20:54:04,24.0000,15.2521,9.8391,8.7479
2026-06-15 20:54:06,24.0000,15.2202,9.8351,8.7798
2026-06-15 20:54:08,24.0000,15.2166,9.8283,8.7834
2026-06-15 20:54:10,24.0000,15.0537,9.7193,8.9463
2026-06-15 20:54:12,24.0000,15.0365,9.7501,8.9635
2026-06-15 20:54:14,24.0000,15.0340,9.7493,8.9660
2026-06-15 20:54:16,24.0000,15.0606,9.7132,8.9394
2026-06-15 20:54:18,24.0000,15.1114,9.7346,8.8886
2026-06-15 20:54:20,24.0000,15.0803,9.7759,8.9197
2026-06-15 20:54:22,24.0000,15.0522,9.7741,8.9478
2026-06-15 20:54:24,24.0000,15.0442,9.7719,8.9558
2026-06-15 20:54:26,24.0000,15.0402,9.7720,8.9598
2026-06-15 20:54:28,24.0000,15.0297,9.7703,8.9703
2026-06-15 20:54:30,24.0000,15.0308,9.7750,8.9692
2026-06-15 20:54:32,24.0000,15.0355,9.7501,8.9645
2026-06-15 20:54:34,24.0000,15.0370,9.7555,8.9630
2026-06-15 20:54:36,24.0000,15.0299,9.7433,8.9701
2026-06-15 20:54:38,24.0000,15.0323,9.7437,8.9677
2026-06-15 20:54:40,24.0000,15.0426,9.7437,8.9574
2026-06-15 20:54:42,24.0000,15.0423,9.7438,8.9577
2026-06-15 20:54:44,24.0000,15.0325,9.7335,8.9675
2026-06-15 20:54:46,24.0000,15.0715,9.7420,8.9285
2026-06-15 20:54:48,24.0000,15.0746,9.7412,8.9254
2026-06-15 20:54:50,24.0000,15.0588,9.7404,8.9412
2026-06-15 20:54:52,24.0000,15.0530,9.7444,8.9470
2026-06-15 20:54:59,24.0000,15.2451,9.8205,8.7549
2026-06-15 20:55:01,24.0000,15.2469,9.8385,8.7531
2026-06-15 20:55:03,24.0000,15.2494,9.8081,8.7506
2026-06-15 20:55:05,24.0000,15.2846,9.8472,8.7154
2026-06-15 20:55:07,24.0000,15.0945,9.7303,8.9055
2026-06-15 20:55:13,24.0000,15.2858,9.8315,8.7142
2026-06-15 20:55:15,24.0000,15.2628,9.8532,8.7372
2026-06-15 20:55:17,24.0000,15.2273,9.8471,8.7727
2026-06-15 20:55:19,24.0000,15.2457,9.8073,8.7543
2026-06-15 20:55:21,24.0000,15.1398,9.7525,8.8602
2026-06-15 20:55:23,24.0000,15.1167,9.7668,8.8833
2026-06-15 20:55:25,24.0000,15.0927,9.7630,8.9073
2026-06-15 20:55:27,24.0000,15.0651,9.7415,8.9349
2026-06-15 20:55:29,24.0000,15.0690,9.7901,8.9310
2026-06-15 20:55:31,24.0000,15.0564,9.7355,8.9436
2026-06-15 20:55:33,24.0000,15.0518,9.7460,8.9482
2026-06-15 20:55:35,24.0000,15.0488,9.7342,8.9512
2026-06-15 20:55:37,24.0000,15.0920,9.7433,8.9080
2026-06-15 20:55:39,24.0000,15.0796,9.7504,8.9204
2026-06-15 20:55:44,24.0000,15.2922,9.8531,8.7078
2026-06-15 20:55:46,24.0000,15.2718,9.8481,8.7282
2026-06-15 20:55:48,24.0000,15.2371,9.8411,8.7629
2026-06-15 20:55:50,24.0000,15.3053,9.8095,8.6947
2026-06-15 20:55:52,24.0000,15.1521,9.7658,8.8479
2026-06-15 20:55:54,24.0000,15.1154,9.7853,8.8846
2026-06-15 20:55:56,24.0000,15.0866,9.7811,8.9134
2026-06-15 20:55:58,24.0000,15.0784,9.7809,8.9216
2026-06-15 20:56:04,24.0000,15.2491,9.8317,8.7509
2026-06-15 20:56:06,24.0000,15.2388,9.8223,8.7612
2026-06-15 20:56:08,24.0000,15.2198,9.8179,8.7802
2026-06-15 20:56:10,24.0000,15.2030,9.8160,8.7970
2026-06-15 20:56:12,24.0000,15.0557,9.7430,8.9443
2026-06-15 20:56:14,24.0000,15.0408,9.7403,8.9592
2026-06-15 20:56:16,24.0000,15.0167,9.7442,8.9833
2026-06-15 20:56:18,24.0000,15.0115,9.7429,8.9885
2026-06-15 20:56:20,24.0000,15.0858,9.7084,8.9142
2026-06-15 20:56:26,24.0000,15.2499,9.8159,8.7501
2026-06-15 20:56:28,24.0000,15.2415,9.8378,8.7585
2026-06-15 20:56:30,24.0000,15.2142,9.8298,8.7858
2026-06-15 20:56:32,24.0000,15.2078,9.8295,8.7922
2026-06-15 20:56:34,24.0000,15.0590,9.7321,8.9410
2026-06-15 20:56:36,24.0000,15.0387,9.7439,8.9613
2026-06-15 20:56:38,24.0000,15.0268,9.7425,8.9732
2026-06-15 20:56:40,24.0000,15.0173,9.7419,8.9827
2026-06-15 20:56:42,24.0000,15.0298,9.7320,8.9702
2026-06-15 20:56:44,24.0000,15.0967,9.7064,8.9033
2026-06-15 20:56:46,24.0000,15.0700,9.7521,8.9300
2026-06-15 20:56:48,24.0000,15.0947,9.7729,8.9053
2026-06-15 20:56:50,24.0000,15.0938,9.7663,8.9062
2026-06-15 20:56:52,24.0000,15.0663,9.7945,8.9337
2026-06-15 20:56:54,24.0000,15.0933,9.7519,8.9067
2026-06-15 20:56:59,24.0000,15.2675,9.8381,8.7325
2026-06-15 20:57:01,24.0000,15.2531,9.8536,8.7469
2026-06-15 20:57:03,24.0000,15.2322,9.8462,8.7678
2026-06-15 20:57:05,24.0000,15.3071,9.8080,8.6929
2026-06-15 20:57:07,24.0000,15.1399,9.7664,8.8601
2026-06-15 20:57:09,24.0000,15.1573,9.8006,8.8427
2026-06-15 20:57:11,24.0000,15.1476,9.7928,8.8524
2026-06-15 20:57:13,24.0000,15.1356,9.7846,8.8644
2026-06-15 20:57:15,24.0000,15.1192,9.7861,8.8808
2026-06-15 20:57:21,24.0000,15.2534,9.8452,8.7466
2026-06-15 20:57:23,24.0000,15.2486,9.8506,8.7514
2026-06-15 20:57:25,24.0000,15.2234,9.8454,8.7766
2026-06-15 20:57:27,24.0000,15.2151,9.8463,8.7849
2026-06-15 20:57:29,24.0000,15.1030,9.7150,8.8970
2026-06-15 20:57:31,24.0000,15.1179,9.7890,8.8821
2026-06-15 20:57:33,24.0000,15.0998,9.7862,8.9002
2026-06-15 20:57:35,24.0000,15.0812,9.7857,8.9188
2026-06-15 20:57:37,24.0000,15.0713,9.7859,8.9287
2026-06-15 20:57:39,24.0000,15.0688,9.7791,8.9312
2026-06-15 20:57:41,24.0000,15.0420,9.7706,8.9580
2026-06-15 20:57:43,24.0000,15.0536,9.7703,8.9464
2026-06-15 20:57:45,24.0000,15.0518,9.7701,8.9482
2026-06-15 20:57:47,24.0000,15.0454,9.7727,8.9546
2026-06-15 20:57:49,24.0000,15.0467,9.7724,8.9533
2026-06-15 20:57:51,24.0000,15.0260,9.7245,8.9740
2026-06-15 20:57:53,24.0000,15.0283,9.7297,8.9717
2026-06-15 20:57:55,24.0000,15.1041,9.7599,8.8959
2026-06-15 20:57:57,24.0000,15.1138,9.7521,8.8862
2026-06-15 20:57:59,24.0000,15.1136,9.7635,8.8864
2026-06-15 20:58:01,24.0000,15.0929,9.7710,8.9071
2026-06-15 20:58:03,24.0000,15.1330,9.7633,8.8670
2026-06-15 20:58:05,24.0000,15.1306,9.7739,8.8694
2026-06-15 20:58:07,24.0000,15.1002,9.7822,8.8998
2026-06-15 20:58:09,24.0000,15.1242,9.7736,8.8758
2026-06-15 20:58:11,24.0000,15.0863,9.7222,8.9137
2026-06-15 20:58:13,24.0000,15.0701,9.7393,8.9299
2026-06-15 20:58:15,24.0000,15.0614,9.7473,8.9386
2026-06-15 20:58:17,24.0000,15.0503,9.7647,8.9497
2026-06-15 20:58:19,24.0000,15.0187,9.7151,8.9813
2026-06-15 20:58:21,24.0000,15.0774,9.7328,8.9226
2026-06-15 20:58:23,24.0000,15.0672,9.7632,8.9328
2026-06-15 20:58:25,24.0000,15.1300,9.7589,8.8700
2026-06-15 20:58:27,24.0000,15.1305,9.7582,8.8695
2026-06-15 20:58:29,24.0000,15.1080,9.7739,8.8920
2026-06-15 20:58:31,24.0000,15.1008,9.7716,8.8992
2026-06-15 20:58:33,24.0000,15.0920,9.7500,8.9080
2026-06-15 20:58:35,24.0000,15.1024,9.7521,8.8976
2026-06-15 20:58:37,24.0000,15.0863,9.7460,8.9137
2026-06-15 20:58:39,24.0000,15.1366,9.7452,8.8634
2026-06-15 20:58:41,24.0000,15.1265,9.7498,8.8735
2026-06-15 20:58:47,24.0000,15.3140,9.8178,8.6860
2026-06-15 20:58:49,24.0000,15.3157,9.8516,8.6843
2026-06-15 20:58:51,24.0000,15.3617,9.8090,8.6383
2026-06-15 20:58:58,24.0000,15.3686,9.8867,8.6314
2026-06-15 20:59:00,24.0000,15.3440,9.8864,8.6560
2026-06-15 20:59:02,24.0000,15.3399,9.8322,8.6601
2026-06-15 20:59:04,24.0000,15.3750,9.8851,8.6250
2026-06-15 20:59:06,24.0000,15.2022,9.7087,8.7978
2026-06-15 20:59:08,24.0000,15.1809,9.7586,8.8191
2026-06-15 20:59:10,24.0000,15.2018,9.7489,8.7982
2026-06-15 20:59:15,24.0000,15.3448,9.8359,8.6552
2026-06-15 20:59:17,24.0000,15.3202,9.8380,8.6798
2026-06-15 20:59:19,24.0000,15.2934,9.8254,8.7066
2026-06-15 20:59:21,24.0000,15.3171,9.8043,8.6829
2026-06-15 20:59:23,24.0000,15.2133,9.7412,8.7867
2026-06-15 20:59:29,24.0000,15.3463,9.8580,8.6537
2026-06-15 20:59:31,24.0000,15.3471,9.8612,8.6529
2026-06-15 20:59:33,24.0000,15.3387,9.8518,8.6613
2026-06-15 20:59:35,24.0000,15.3891,9.8521,8.6109
2026-06-15 20:59:37,24.0000,15.2208,9.6808,8.7792
2026-06-15 20:59:39,24.0000,15.2915,9.7743,8.7085
2026-06-15 20:59:41,24.0000,15.2616,9.7930,8.7384
2026-06-15 20:59:43,24.0000,15.2375,9.7906,8.7625
2026-06-15 20:59:45,24.0000,15.2256,9.7902,8.7744
2026-06-15 20:59:47,24.0000,15.2056,9.7881,8.7944
2026-06-15 20:59:49,24.0000,15.1832,9.7607,8.8168
2026-06-15 20:59:51,24.0000,15.1734,9.7604,8.8266
2026-06-15 20:59:53,24.0000,15.1790,9.7588,8.8210
2026-06-15 20:59:55,24.0000,15.1787,9.7586,8.8213
2026-06-15 20:59:57,24.0000,15.1680,9.7559,8.8320
2026-06-15 20:59:59,24.0000,15.1779,9.7560,8.8221
2026-06-15 21:00:01,24.0000,15.1788,9.7568,8.8212
2026-06-15 21:00:03,24.0000,15.2236,9.7519,8.7764
2026-06-15 21:00:05,24.0000,15.2222,9.7638,8.7778
2026-06-15 21:00:07,24.0000,15.2106,9.7642,8.7894
2026-06-15 21:00:09,24.0000,15.1943,9.7574,8.8057
2026-06-15 21:00:11,24.0000,15.1779,9.7562,8.8221
2026-06-15 21:00:13,24.0000,15.1606,9.7503,8.8394
2026-06-15 21:00:15,24.0000,15.1688,9.7501,8.8312
2026-06-15 21:00:17,24.0000,15.1676,9.7624,8.8324
2026-06-15 21:00:19,24.0000,15.1627,9.7552,8.8373
2026-06-15 21:00:21,24.0000,15.1536,9.7455,8.8464
2026-06-15 21:00:23,24.0000,15.1432,9.7389,8.8568
2026-06-15 21:00:25,24.0000,15.1469,9.7443,8.8531
2026-06-15 21:00:27,24.0000,15.1450,9.7423,8.8550
2026-06-15 21:00:29,24.0000,15.1447,9.7419,8.8553
2026-06-15 21:00:31,24.0000,15.1438,9.7365,8.8562
2026-06-15 21:00:33,24.0000,15.1478,9.7364,8.8522
2026-06-15 21:00:35,24.0000,15.1471,9.7306,8.8529
2026-06-15 21:00:37,24.0000,15.1693,9.7304,8.8307
2026-06-15 21:00:39,24.0000,15.1504,9.7432,8.8496
2026-06-15 21:00:41,24.0000,15.1922,9.7496,8.8078
2026-06-15 21:00:43,24.0000,15.1709,9.7583,8.8291
2026-06-15 21:00:45,24.0000,15.1702,9.7576,8.8298
2026-06-15 21:00:47,24.0000,15.1526,9.7260,8.8474
2026-06-15 21:00:49,24.0000,15.1615,9.7312,8.8385
2026-06-15 21:00:51,24.0000,15.1301,9.7172,8.8699
2026-06-15 21:00:53,24.0000,15.1119,9.7329,8.8881
2026-06-15 21:00:55,24.0000,15.1188,9.7166,8.8812
2026-06-15 21:01:00,24.0000,15.3604,9.8213,8.6396
2026-06-15 21:01:02,24.0000,15.3540,9.8442,8.6460
2026-06-15 21:01:04,24.0000,15.4004,9.8023,8.5996
2026-06-15 21:01:06,24.0000,15.3797,9.8548,8.6203
2026-06-15 21:01:08,24.0000,15.2200,9.7636,8.7800
2026-06-15 21:01:10,24.0000,15.2073,9.7778,8.7927
2026-06-15 21:01:12,24.0000,15.1810,9.7819,8.8190
2026-06-15 21:01:14,24.0000,15.1650,9.7775,8.8350
2026-06-15 21:01:16,24.0000,15.2266,9.7719,8.7734
2026-06-15 21:01:18,24.0000,15.2023,9.7765,8.7977
2026-06-15 21:01:20,24.0000,15.1783,9.7577,8.8217
2026-06-15 21:01:22,24.0000,15.1722,9.7614,8.8278
2026-06-15 21:01:24,24.0000,15.1688,9.7593,8.8312
2026-06-15 21:01:26,24.0000,15.1412,9.7491,8.8588
2026-06-15 21:01:33,24.0000,15.3473,9.8387,8.6527
2026-06-15 21:01:35,24.0000,15.3325,9.8408,8.6675
2026-06-15 21:01:37,24.0000,15.3742,9.8094,8.6258
2026-06-15 21:01:39,24.0000,15.3861,9.8698,8.6139
2026-06-15 21:01:41,24.0000,15.3172,9.7337,8.6828
2026-06-15 21:01:43,24.0000,15.3014,9.7558,8.6986
2026-06-15 21:01:45,24.0000,15.2942,9.7545,8.7058
2026-06-15 21:01:47,24.0000,15.2501,9.7512,8.7499
2026-06-15 21:01:49,24.0000,15.2225,9.7423,8.7775
2026-06-15 21:01:51,24.0000,15.1850,9.7285,8.8150
2026-06-15 21:01:53,24.0000,15.2314,9.7305,8.7686
2026-06-15 21:01:55,24.0000,15.2290,9.7281,8.7710
2026-06-15 21:01:57,24.0000,15.2118,9.7165,8.7882
2026-06-15 21:01:59,24.0000,15.2096,9.7330,8.7904
2026-06-15 21:02:01,24.0000,15.2404,9.7343,8.7596
2026-06-15 21:02:03,24.0000,15.2228,9.7416,8.7772
2026-06-15 21:02:08,24.0000,15.3860,9.8116,8.6140
2026-06-15 21:02:10,24.0000,15.3848,9.8206,8.6152
2026-06-15 21:02:12,24.0000,15.3723,9.8188,8.6277
2026-06-15 21:02:14,24.0000,15.4096,9.8315,8.5904
2026-06-15 21:02:16,24.0000,15.3172,9.7449,8.6828
2026-06-15 21:02:18,24.0000,15.2867,9.7615,8.7133
2026-06-15 21:02:20,24.0000,15.2658,9.7525,8.7342
2026-06-15 21:02:22,24.0000,15.2528,9.7726,8.7472
2026-06-15 21:02:24,24.0000,15.2424,9.7722,8.7576
2026-06-15 21:02:26,24.0000,15.2864,9.7617,8.7136
2026-06-15 21:02:28,24.0000,15.2581,9.7670,8.7419
2026-06-15 21:02:33,24.0000,15.4420,9.8683,8.5580
2026-06-15 21:02:35,24.0000,15.4460,9.8637,8.5540
2026-06-15 21:02:37,24.0000,15.4154,9.8573,8.5846
2026-06-15 21:02:39,24.0000,15.4059,9.8564,8.5941
2026-06-15 21:02:41,24.0000,15.2568,9.7749,8.7432
2026-06-15 21:02:43,24.0000,15.2630,9.7343,8.7370
2026-06-15 21:02:45,24.0000,15.3180,9.7332,8.6820
2026-06-15 21:02:47,24.0000,15.3058,9.7728,8.6942
2026-06-15 21:02:49,24.0000,15.3156,9.7759,8.6844
2026-06-15 21:02:51,24.0000,15.2446,9.7758,8.7554
2026-06-15 21:02:53,24.0000,15.2382,9.7755,8.7618
2026-06-15 21:02:55,24.0000,15.2160,9.7757,8.7840
2026-06-15 21:02:57,24.0000,15.1974,9.7791,8.8026
2026-06-15 21:02:59,24.0000,15.1899,9.7782,8.8101
2026-06-15 21:03:01,24.0000,15.1936,9.7778,8.8064
2026-06-15 21:03:03,24.0000,15.1401,9.7290,8.8599
2026-06-15 21:03:05,24.0000,15.1290,9.7441,8.8710
2026-06-15 21:03:07,24.0000,15.1429,9.7449,8.8571
2026-06-15 21:03:09,24.0000,15.1935,9.7538,8.8065
2026-06-15 21:03:11,24.0000,15.1717,9.7489,8.8283
2026-06-15 21:03:13,24.0000,15.1657,9.7490,8.8343
2026-06-15 21:03:19,24.0000,15.3583,9.8221,8.6417
2026-06-15 21:03:21,24.0000,15.3439,9.8410,8.6561
2026-06-15 21:03:23,24.0000,15.3204,9.8333,8.6796
2026-06-15 21:03:25,24.0000,15.4026,9.8026,8.5974
2026-06-15 21:03:27,24.0000,15.2444,9.7871,8.7556
2026-06-15 21:03:29,24.0000,15.2191,9.7886,8.7809
2026-06-15 21:03:31,24.0000,15.1859,9.7798,8.8141
2026-06-15 21:03:33,24.0000,15.1734,9.7971,8.8266
2026-06-15 21:03:35,24.0000,15.2156,9.7926,8.7844
2026-06-15 21:03:37,24.0000,15.1957,9.7563,8.8043
2026-06-15 21:03:44,24.0000,15.3523,9.8540,8.6477
2026-06-15 21:03:46,24.0000,15.3324,9.8524,8.6676
2026-06-15 21:03:48,24.0000,15.3890,9.7980,8.6110
2026-06-15 21:03:50,24.0000,15.3731,9.8459,8.6269
2026-06-15 21:03:52,24.0000,15.2693,9.7489,8.7307
2026-06-15 21:03:54,24.0000,15.2204,9.7745,8.7796
2026-06-15 21:03:56,24.0000,15.1912,9.7554,8.8088
2026-06-15 21:03:58,24.0000,15.1854,9.7557,8.8146
2026-06-15 21:04:00,24.0000,15.1640,9.7532,8.8360
2026-06-15 21:04:02,24.0000,15.1463,9.7545,8.8537
2026-06-15 21:04:04,24.0000,15.1503,9.7519,8.8497
2026-06-15 21:04:06,24.0000,15.2116,9.7465,8.7884
2026-06-15 21:04:08,24.0000,15.1852,9.7557,8.8148
2026-06-15 21:04:10,24.0000,15.2109,9.7522,8.7891
2026-06-15 21:04:12,24.0000,15.1761,9.7478,8.8239
2026-06-15 21:04:14,24.0000,15.1655,9.7462,8.8345
2026-06-15 21:04:16,24.0000,15.1590,9.7455,8.8410
2026-06-15 21:04:18,24.0000,15.1603,9.7463,8.8397
2026-06-15 21:04:20,24.0000,15.1501,9.7468,8.8499
2026-06-15 21:04:22,24.0000,15.1458,9.7499,8.8542
2026-06-15 21:04:28,24.0000,15.3741,9.8420,8.6259
2026-06-15 21:04:30,24.0000,15.3499,9.8692,8.6501
2026-06-15 21:04:32,24.0000,15.3556,9.8318,8.6444
2026-06-15 21:04:34,24.0000,15.3751,9.8636,8.6249
2026-06-15 21:04:36,24.0000,15.2297,9.7790,8.7703
2026-06-15 21:04:38,24.0000,15.2148,9.7830,8.7852
2026-06-15 21:04:40,24.0000,15.1970,9.7795,8.8030
2026-06-15 21:04:42,24.0000,15.1641,9.7766,8.8359
2026-06-15 21:04:44,24.0000,15.1571,9.7760,8.8429
2026-06-15 21:04:46,24.0000,15.1409,9.7697,8.8591
2026-06-15 21:04:48,24.0000,15.1349,9.7717,8.8651
2026-06-15 21:04:50,24.0000,15.1358,9.7703,8.8642
2026-06-15 21:04:52,24.0000,15.1884,9.7690,8.8116
2026-06-15 21:04:54,24.0000,15.1529,9.7744,8.8471
2026-06-15 21:04:56,24.0000,15.1401,9.7741,8.8599
2026-06-15 21:04:58,24.0000,15.1400,9.7475,8.8600
2026-06-15 21:05:00,24.0000,15.1756,9.7529,8.8244
2026-06-15 21:05:02,24.0000,15.1678,9.7480,8.8322
2026-06-15 21:05:04,24.0000,15.1555,9.7480,8.8445
2026-06-15 21:05:06,24.0000,15.1793,9.7599,8.8207
2026-06-15 21:05:08,24.0000,15.1574,9.7644,8.8426
2026-06-15 21:05:10,24.0000,15.1419,9.7508,8.8581
2026-06-15 21:05:12,24.0000,15.1344,9.7505,8.8656
2026-06-15 21:05:14,24.0000,15.1329,9.7580,8.8671
2026-06-15 21:05:16,24.0000,15.1237,9.7561,8.8763
2026-06-15 21:05:18,24.0000,15.1737,9.7521,8.8263
2026-06-15 21:05:20,24.0000,15.1709,9.7492,8.8291
2026-06-15 21:05:22,24.0000,15.1323,9.7683,8.8677
2026-06-15 21:05:28,24.0000,15.3553,9.7898,8.6447
2026-06-15 21:05:30,24.0000,15.3571,9.8274,8.6429
2026-06-15 21:05:32,24.0000,15.3412,9.8188,8.6588
2026-06-15 21:05:34,24.0000,15.3302,9.8181,8.6698
2026-06-15 21:05:36,24.0000,15.2188,9.7135,8.7812
2026-06-15 21:05:38,24.0000,15.1851,9.7483,8.8149
2026-06-15 21:05:40,24.0000,15.1709,9.7444,8.8291
2026-06-15 21:05:42,24.0000,15.1515,9.7420,8.8485
2026-06-15 21:05:44,24.0000,15.1481,9.7399,8.8519
2026-06-15 21:05:46,24.0000,15.2033,9.7356,8.7967
2026-06-15 21:05:48,24.0000,15.1415,9.7329,8.8585
2026-06-15 21:05:50,24.0000,15.1675,9.7300,8.8325
2026-06-15 21:05:52,24.0000,15.1562,9.7299,8.8438
2026-06-15 21:05:54,24.0000,15.1578,9.7299,8.8422
2026-06-15 21:05:56,24.0000,15.1316,9.7287,8.8684
2026-06-15 21:05:58,24.0000,15.1288,9.6945,8.8712
2026-06-15 21:06:00,24.0000,15.1347,9.7149,8.8653
2026-06-15 21:06:02,24.0000,15.1764,9.7135,8.8236
2026-06-15 21:06:04,24.0000,15.1462,9.7122,8.8538
2026-06-15 21:06:06,24.0000,15.1633,9.7091,8.8367
2026-06-15 21:06:12,24.0000,15.3289,9.7894,8.6711
2026-06-15 21:06:14,24.0000,15.3088,9.8228,8.6912
2026-06-15 21:06:16,24.0000,15.2952,9.8161,8.7048
2026-06-15 21:06:18,24.0000,15.3212,9.7622,8.6788
2026-06-15 21:06:20,24.0000,15.1932,9.7192,8.8068
2026-06-15 21:06:22,24.0000,15.1873,9.7408,8.8127
2026-06-15 21:06:24,24.0000,15.1914,9.7398,8.8086
2026-06-15 21:06:26,24.0000,15.1645,9.7129,8.8355
2026-06-15 21:06:28,24.0000,15.1505,9.7159,8.8495
2026-06-15 21:06:30,24.0000,15.1386,9.7392,8.8614
2026-06-15 21:06:32,24.0000,15.1532,9.7343,8.8468
2026-06-15 21:06:34,24.0000,15.1366,9.7214,8.8634
2026-06-15 21:06:36,24.0000,15.1280,9.7212,8.8720
2026-06-15 21:06:38,24.0000,15.1302,9.7260,8.8698
2026-06-15 21:06:40,24.0000,15.1230,9.7259,8.8770
2026-06-15 21:06:42,24.0000,15.1118,9.7194,8.8882
2026-06-15 21:06:44,24.0000,15.1009,9.7222,8.8991
2026-06-15 21:06:46,24.0000,15.1114,9.7190,8.8886
2026-06-15 21:06:48,24.0000,15.1132,9.7189,8.8868
2026-06-15 21:06:50,24.0000,15.1114,9.7189,8.8886
2026-06-15 21:06:52,24.0000,15.1712,9.7187,8.8288
2026-06-15 21:06:54,24.0000,15.1395,9.7163,8.8605
2026-06-15 21:06:56,24.0000,15.1251,9.7174,8.8749
2026-06-15 21:06:58,24.0000,15.1189,9.7176,8.8811
2026-06-15 21:07:00,24.0000,15.1473,9.7238,8.8527
2026-06-15 21:07:02,24.0000,15.1524,9.7178,8.8476
2026-06-15 21:07:04,24.0000,15.1751,9.7154,8.8249
2026-06-15 21:07:06,24.0000,15.1311,9.7188,8.8689
2026-06-15 21:07:08,24.0000,15.1497,9.7154,8.8503
2026-06-15 21:07:10,24.0000,15.1401,9.7164,8.8599
2026-06-15 21:07:12,24.0000,15.1331,9.7277,8.8669
2026-06-15 21:07:14,24.0000,15.1080,9.7261,8.8920
2026-06-15 21:07:16,24.0000,15.1035,9.7233,8.8965
2026-06-15 21:07:18,24.0000,15.1104,9.7203,8.8896
2026-06-15 21:07:20,24.0000,15.1043,9.7203,8.8957
2026-06-15 21:07:22,24.0000,15.1272,9.7159,8.8728
2026-06-15 21:07:24,24.0000,15.1428,9.7151,8.8572
2026-06-15 21:07:30,24.0000,15.3347,9.8010,8.6653
2026-06-15 21:07:32,24.0000,15.3080,9.8259,8.6920
2026-06-15 21:07:34,24.0000,15.2839,9.8155,8.7161
2026-06-15 21:07:36,24.0000,15.2733,9.8147,8.7267
2026-06-15 21:07:38,24.0000,15.2011,9.6767,8.7989
2026-06-15 21:07:40,24.0000,15.1850,9.7595,8.8150
2026-06-15 21:07:42,24.0000,15.1597,9.7495,8.8403
2026-06-15 21:07:44,24.0000,15.1316,9.7454,8.8684
2026-06-15 21:07:46,24.0000,15.1327,9.7451,8.8673
2026-06-15 21:07:48,24.0000,15.1182,9.7448,8.8818
2026-06-15 21:07:50,24.0000,15.1212,9.7409,8.8788
2026-06-15 21:07:52,24.0000,15.1254,9.7409,8.8746
2026-06-15 21:07:54,24.0000,15.1032,9.7407,8.8968
2026-06-15 21:07:56,24.0000,15.1031,9.7449,8.8969
2026-06-15 21:07:58,24.0000,15.1067,9.7409,8.8933
2026-06-15 21:08:00,24.0000,15.1006,9.7016,8.8994
2026-06-15 21:08:02,24.0000,15.0991,9.7215,8.9009
2026-06-15 21:08:04,24.0000,15.0698,9.7143,8.9302
2026-06-15 21:08:06,24.0000,15.0807,9.7143,8.9193
2026-06-15 21:08:08,24.0000,15.0804,9.7142,8.9196
2026-06-15 21:08:10,24.0000,15.0699,9.7141,8.9301
2026-06-15 21:08:12,24.0000,15.0788,9.7111,8.9212
2026-06-15 21:08:14,24.0000,15.1105,9.7152,8.8895
2026-06-15 21:08:16,24.0000,15.0974,9.7149,8.9026
2026-06-15 21:08:18,24.0000,15.0928,9.7194,8.9072
2026-06-15 21:08:20,24.0000,15.0705,9.7138,8.9295
2026-06-15 21:08:22,24.0000,15.0857,9.7010,8.9143
2026-06-15 21:08:24,24.0000,15.0744,9.6782,8.9256
2026-06-15 21:08:26,24.0000,15.0596,9.6782,8.9404
2026-06-15 21:08:28,24.0000,15.0905,9.6862,8.9095
2026-06-15 21:08:30,24.0000,15.0707,9.7104,8.9293
2026-06-15 21:08:32,24.0000,15.0576,9.7073,8.9424
2026-06-15 21:08:34,24.0000,15.0755,9.6920,8.9245
2026-06-15 21:08:36,24.0000,15.0669,9.7084,8.9331
2026-06-15 21:08:38,24.0000,15.0676,9.7079,8.9324
2026-06-15 21:08:40,24.0000,15.0566,9.7051,8.9434
2026-06-15 21:08:42,24.0000,15.0558,9.6938,8.9442
2026-06-15 21:08:44,24.0000,15.0588,9.6938,8.9412
2026-06-15 21:08:46,24.0000,15.0621,9.7005,8.9379
2026-06-15 21:08:48,24.0000,15.0618,9.6964,8.9382
2026-06-15 21:08:50,24.0000,15.0708,9.6963,8.9292
2026-06-15 21:08:52,24.0000,15.0723,9.6933,8.9277
2026-06-15 21:08:54,24.0000,15.0706,9.7068,8.9294
2026-06-15 21:08:56,24.0000,15.0686,9.7101,8.9314
2026-06-15 21:08:58,24.0000,15.0692,9.6962,8.9308
2026-06-15 21:09:00,24.0000,15.0700,9.7052,8.9300
2026-06-15 21:09:02,24.0000,15.0806,9.7038,8.9194
2026-06-15 21:09:04,24.0000,15.0782,9.7063,8.9218
2026-06-15 21:09:06,24.0000,15.0862,9.7058,8.9138
2026-06-15 21:09:08,24.0000,15.0855,9.6939,8.9145
2026-06-15 21:09:10,24.0000,15.0830,9.6959,8.9170
2026-06-15 21:09:12,24.0000,15.0913,9.6952,8.9087
2026-06-15 21:09:14,24.0000,15.0977,9.6957,8.9023
2026-06-15 21:09:16,24.0000,15.0964,9.6991,8.9036
2026-06-15 21:09:18,24.0000,15.0891,9.6963,8.9109
2026-06-15 21:09:20,24.0000,15.0905,9.6994,8.9095
2026-06-15 21:09:22,24.0000,15.0900,9.7221,8.9100
2026-06-15 21:09:24,24.0000,15.0896,9.7089,8.9104
2026-06-15 21:09:26,24.0000,15.1246,9.7375,8.8754
2026-06-15 21:09:28,24.0000,15.1215,9.7334,8.8785
2026-06-15 21:09:30,24.0000,15.1107,9.7060,8.8893
2026-06-15 21:09:32,24.0000,15.0856,9.7024,8.9144
2026-06-15 21:09:34,24.0000,15.0875,9.7050,8.9125
2026-06-15 21:09:36,24.0000,15.0717,9.7025,8.9283
2026-06-15 21:09:38,24.0000,15.0731,9.6925,8.9269
2026-06-15 21:09:40,24.0000,15.0718,9.6957,8.9282
2026-06-15 21:09:42,24.0000,15.0692,9.6948,8.9308
2026-06-15 21:09:44,24.0000,15.0615,9.6915,8.9385
2026-06-15 21:09:50,24.0000,15.3378,9.8202,8.6622
2026-06-15 21:09:52,24.0000,15.3460,9.8062,8.6540
2026-06-15 21:09:54,24.0000,15.3736,9.7964,8.6264
2026-06-15 21:09:56,24.0000,15.3578,9.8503,8.6422
2026-06-15 21:09:58,24.0000,15.2115,9.7753,8.7885
2026-06-15 21:10:00,24.0000,15.1831,9.7856,8.8169
2026-06-15 21:10:02,24.0000,15.1785,9.7676,8.8215
2026-06-15 21:10:08,24.0000,15.3543,9.8340,8.6457
2026-06-15 21:10:10,24.0000,15.3285,9.8351,8.6715
2026-06-15 21:10:12,24.0000,15.3070,9.8272,8.6930
2026-06-15 21:10:14,24.0000,15.3798,9.7945,8.6202
2026-06-15 21:10:16,24.0000,15.2154,9.7533,8.7846
2026-06-15 21:10:18,24.0000,15.2120,9.7622,8.7880
2026-06-15 21:10:20,24.0000,15.1934,9.7733,8.8066
2026-06-15 21:10:22,24.0000,15.1802,9.7628,8.8198
2026-06-15 21:10:24,24.0000,15.1648,9.7664,8.8352
2026-06-15 21:10:26,24.0000,15.2019,9.7548,8.7981
2026-06-15 21:10:28,24.0000,15.1671,9.7566,8.8329
2026-06-15 21:10:30,24.0000,15.1548,9.7212,8.8452
2026-06-15 21:10:32,24.0000,15.1865,9.7225,8.8135
2026-06-15 21:10:34,24.0000,15.1787,9.7516,8.8213
2026-06-15 21:10:36,24.0000,15.1457,9.7321,8.8543
2026-06-15 21:10:38,24.0000,15.1294,9.7238,8.8706
2026-06-15 21:10:40,24.0000,15.1305,9.7278,8.8695
2026-06-15 21:10:42,24.0000,15.1168,9.7178,8.8832
2026-06-15 21:10:44,24.0000,15.1178,9.7195,8.8822
2026-06-15 21:10:46,24.0000,15.1082,9.7189,8.8918
2026-06-15 21:10:48,24.0000,15.1201,9.7383,8.8799
2026-06-15 21:10:50,24.0000,15.1126,9.7168,8.8874
2026-06-15 21:10:52,24.0000,15.1694,9.7192,8.8306
2026-06-15 21:10:54,24.0000,15.1655,9.7244,8.8345
2026-06-15 21:10:56,24.0000,15.1423,9.7206,8.8577
2026-06-15 21:10:58,24.0000,15.1482,9.7357,8.8518
2026-06-15 21:11:00,24.0000,15.1484,9.7142,8.8516
2026-06-15 21:11:02,24.0000,15.1351,9.7318,8.8649
2026-06-15 21:11:04,24.0000,15.1252,9.7153,8.8748
2026-06-15 21:11:06,24.0000,15.1180,9.7172,8.8820
2026-06-15 21:11:08,24.0000,15.1513,9.7107,8.8487
2026-06-15 21:11:10,24.0000,15.1497,9.7114,8.8503
2026-06-15 21:11:12,24.0000,15.1335,9.7216,8.8665
2026-06-15 21:11:14,24.0000,15.1134,9.7240,8.8866
2026-06-15 21:11:16,24.0000,15.1121,9.7349,8.8879
2026-06-15 21:11:18,24.0000,15.1144,9.7222,8.8856
2026-06-15 21:11:20,24.0000,15.0914,9.7122,8.9086
2026-06-15 21:11:22,24.0000,15.0971,9.7129,8.9029
2026-06-15 21:11:24,24.0000,15.0963,9.7483,8.9037
2026-06-15 21:11:26,24.0000,15.1067,9.7117,8.8933
2026-06-15 21:11:28,24.0000,15.1131,9.7078,8.8869
2026-06-15 21:11:30,24.0000,15.0995,9.7130,8.9005
2026-06-15 21:11:32,24.0000,15.0653,9.7052,8.9347
2026-06-15 21:11:34,24.0000,15.0679,9.7023,8.9321
2026-06-15 21:11:36,24.0000,15.0658,9.7011,8.9342
2026-06-15 21:11:38,24.0000,15.0675,9.7011,8.9325
2026-06-15 21:11:40,24.0000,15.0750,9.6961,8.9250
2026-06-15 21:11:42,24.0000,15.0561,9.7104,8.9439
2026-06-15 21:11:44,24.0000,15.0665,9.7137,8.9335
2026-06-15 21:11:46,24.0000,15.0663,9.7067,8.9337
2026-06-15 21:11:48,24.0000,15.0563,9.7117,8.9437
2026-06-15 21:11:50,24.0000,15.0668,9.7053,8.9332
2026-06-15 21:11:52,24.0000,15.0747,9.7039,8.9253
2026-06-15 21:11:58,24.0000,15.3141,9.7999,8.6859
2026-06-15 21:12:00,24.0000,15.3011,9.8153,8.6989
2026-06-15 21:12:02,24.0000,15.3660,9.7869,8.6340
2026-06-15 21:12:04,24.0000,15.3419,9.8556,8.6581
2026-06-15 21:12:06,24.0000,15.2032,9.7543,8.7968
2026-06-15 21:12:08,24.0000,15.1789,9.7643,8.8211
2026-06-15 21:12:14,24.0000,15.3642,9.8232,8.6358
2026-06-15 21:12:16,24.0000,15.3862,9.8117,8.6138
2026-06-15 21:12:18,24.0000,15.3925,9.8681,8.6075
2026-06-15 21:12:20,24.0000,15.3752,9.8630,8.6248
2026-06-15 21:12:22,24.0000,15.2542,9.7775,8.7458
2026-06-15 21:12:24,24.0000,15.2234,9.7831,8.7766
2026-06-15 21:12:26,24.0000,15.2025,9.7829,8.7975
2026-06-15 21:12:28,24.0000,15.2012,9.7831,8.7988
2026-06-15 21:12:34,24.0000,15.3841,9.8407,8.6159
2026-06-15 21:12:36,24.0000,15.3726,9.8754,8.6274
2026-06-15 21:12:38,24.0000,15.3436,9.8698,8.6564
2026-06-15 21:12:40,24.0000,15.3470,9.8746,8.6530
2026-06-15 21:12:42,24.0000,15.2046,9.7612,8.7954
2026-06-15 21:12:44,24.0000,15.1794,9.7599,8.8206
2026-06-15 21:12:46,24.0000,15.1675,9.7598,8.8325
2026-06-15 21:12:48,24.0000,15.1589,9.7594,8.8411
2026-06-15 21:12:50,24.0000,15.1982,9.7085,8.8018
2026-06-15 21:12:52,24.0000,15.1870,9.7393,8.8130
2026-06-15 21:12:54,24.0000,15.1573,9.7432,8.8427
2026-06-15 21:12:56,24.0000,15.1462,9.7385,8.8538
2026-06-15 21:12:58,24.0000,15.1394,9.7404,8.8606
2026-06-15 21:13:00,24.0000,15.1361,9.7467,8.8639
2026-06-15 21:13:02,24.0000,15.1279,9.7405,8.8721
2026-06-15 21:13:04,24.0000,15.1519,9.7588,8.8481
2026-06-15 21:13:06,24.0000,15.1712,9.7701,8.8288
2026-06-15 21:13:08,24.0000,15.1583,9.7505,8.8417
2026-06-15 21:13:10,24.0000,15.1530,9.7408,8.8470
2026-06-15 21:13:12,24.0000,15.1939,9.7409,8.8061
2026-06-15 21:13:14,24.0000,15.1650,9.7514,8.8350
2026-06-15 21:13:16,24.0000,15.1471,9.7444,8.8529
2026-06-15 21:13:18,24.0000,15.1391,9.7439,8.8609
2026-06-15 21:13:20,24.0000,15.1363,9.7284,8.8637
2026-06-15 21:13:22,24.0000,15.1347,9.7351,8.8653
2026-06-15 21:13:24,24.0000,15.1223,9.7310,8.8777
2026-06-15 21:13:26,24.0000,15.1168,9.7314,8.8832
2026-06-15 21:13:28,24.0000,15.1083,9.7443,8.8917
2026-06-15 21:13:30,24.0000,15.0853,9.7180,8.9147
2026-06-15 21:13:32,24.0000,15.0857,9.7145,8.9143
2026-06-15 21:13:34,24.0000,15.0769,9.7161,8.9231
2026-06-15 21:13:36,24.0000,15.0791,9.7161,8.9209
2026-06-15 21:13:38,24.0000,15.0759,9.7165,8.9241
2026-06-15 21:13:40,24.0000,15.0796,9.7211,8.9204
2026-06-15 21:13:42,24.0000,15.0781,9.7197,8.9219
2026-06-15 21:13:44,24.0000,15.0799,9.7188,8.9201
2026-06-15 21:13:46,24.0000,15.0775,9.7189,8.9225
2026-06-15 21:13:48,24.0000,15.0874,9.7189,8.9126
2026-06-15 21:13:50,24.0000,15.0785,9.7177,8.9215
2026-06-15 21:13:52,24.0000,15.0778,9.7173,8.9222
2026-06-15 21:13:54,24.0000,15.0606,9.7161,8.9394
2026-06-15 21:13:56,24.0000,15.0692,9.7209,8.9308
2026-06-15 21:13:58,24.0000,15.0596,9.7209,8.9404
2026-06-15 21:14:00,24.0000,15.0639,9.7189,8.9361
2026-06-15 21:14:02,24.0000,15.0678,9.7128,8.9322
2026-06-15 21:14:04,24.0000,15.0683,9.7128,8.9317
2026-06-15 21:14:06,24.0000,15.0680,9.7128,8.9320
2026-06-15 21:14:08,24.0000,15.0663,9.7116,8.9337
2026-06-15 21:14:13,24.0000,15.3195,9.8355,8.6805
2026-06-15 21:14:15,24.0000,15.3076,9.8442,8.6924
2026-06-15 21:14:17,24.0000,15.2843,9.8391,8.7157
2026-06-15 21:14:19,24.0000,15.2796,9.8387,8.7204
2026-06-15 21:14:21,24.0000,15.2271,9.7073,8.7729
2026-06-15 21:14:23,24.0000,15.1855,9.7896,8.8145
2026-06-15 21:14:25,24.0000,15.1610,9.7933,8.8390
2026-06-15 21:14:27,24.0000,15.1606,9.7875,8.8394
2026-06-15 21:14:29,24.0000,15.1482,9.7874,8.8518
2026-06-15 21:14:31,24.0000,15.1402,9.7874,8.8598
2026-06-15 21:14:33,24.0000,15.1186,9.7843,8.8814
2026-06-15 21:14:35,24.0000,15.1185,9.7843,8.8815
2026-06-15 21:14:37,24.0000,15.1186,9.7843,8.8814
2026-06-15 21:14:39,24.0000,15.1187,9.7843,8.8813
2026-06-15 21:14:41,24.0000,15.1178,9.7425,8.8822
2026-06-15 21:14:43,24.0000,15.1169,9.7427,8.8831
2026-06-15 21:14:45,24.0000,15.1169,9.7522,8.8831
2026-06-15 21:14:47,24.0000,15.0958,9.7609,8.9042
2026-06-15 21:14:49,24.0000,15.1085,9.7656,8.8915
2026-06-15 21:14:51,24.0000,15.1118,9.7618,8.8882
2026-06-15 21:14:53,24.0000,15.1095,9.7610,8.8905
2026-06-15 21:14:55,24.0000,15.1018,9.7595,8.8982
2026-06-15 21:14:57,24.0000,15.1020,9.7596,8.8980
2026-06-15 21:14:59,24.0000,15.1013,9.7587,8.8987
2026-06-15 21:15:01,24.0000,15.1103,9.7421,8.8897
2026-06-15 21:15:03,24.0000,15.1133,9.7449,8.8867
2026-06-15 21:15:05,24.0000,15.1096,9.7422,8.8904
2026-06-15 21:15:07,24.0000,15.1092,9.7422,8.8908
2026-06-15 21:15:09,24.0000,15.1087,9.7431,8.8913
2026-06-15 21:15:11,24.0000,15.0984,9.7431,8.9016
2026-06-15 21:15:13,24.0000,15.1113,9.7417,8.8887
2026-06-15 21:15:15,24.0000,15.0988,9.7381,8.9012
2026-06-15 21:15:17,24.0000,15.1044,9.7361,8.8956
2026-06-15 21:15:19,24.0000,15.1175,9.7361,8.8825
2026-06-15 21:15:21,24.0000,15.1149,9.7332,8.8851
2026-06-15 21:15:23,24.0000,15.1146,9.7346,8.8854
2026-06-15 21:15:25,24.0000,15.1186,9.7346,8.8814
2026-06-15 21:15:27,24.0000,15.1265,9.7346,8.8735
2026-06-15 21:15:29,24.0000,15.1286,9.7410,8.8714
2026-06-15 21:15:31,24.0000,15.1021,9.7311,8.8979
2026-06-15 21:15:33,24.0000,15.1022,9.7551,8.8978
2026-06-15 21:15:35,24.0000,15.0988,9.7311,8.9012
2026-06-15 21:15:37,24.0000,15.0861,9.7310,8.9139
2026-06-15 21:15:39,24.0000,15.1352,9.7342,8.8648
2026-06-15 21:15:46,24.0000,15.3453,9.8061,8.6547
2026-06-15 21:15:48,24.0000,15.3650,9.8034,8.6350
2026-06-15 21:15:50,24.0000,15.3959,9.8678,8.6041
2026-06-15 21:15:52,24.0000,15.3802,9.8587,8.6198
2026-06-15 21:15:54,24.0000,15.2321,9.7834,8.7679
2026-06-15 21:15:56,24.0000,15.2108,9.7488,8.7892
2026-06-15 21:15:58,24.0000,15.1929,9.7596,8.8071
2026-06-15 21:16:00,24.0000,15.1812,9.7548,8.8188
2026-06-15 21:16:02,24.0000,15.1531,9.7629,8.8469
2026-06-15 21:16:04,24.0000,15.1555,9.7639,8.8445
2026-06-15 21:16:06,24.0000,15.1332,9.8017,8.8668
2026-06-15 21:16:08,24.0000,15.1390,9.7658,8.8610
2026-06-15 21:16:10,24.0000,15.1462,9.7663,8.8538
2026-06-15 21:16:12,24.0000,15.1450,9.7961,8.8550
2026-06-15 21:16:14,24.0000,15.1379,9.7683,8.8621
2026-06-15 21:16:16,24.0000,15.1599,9.7553,8.8401
2026-06-15 21:16:18,24.0000,15.1472,9.7575,8.8528
2026-06-15 21:16:20,24.0000,15.1482,9.7574,8.8518
2026-06-15 21:16:22,24.0000,15.1515,9.7540,8.8485
2026-06-15 21:16:24,24.0000,15.1514,9.7541,8.8486
2026-06-15 21:16:26,24.0000,15.1422,9.7567,8.8578
2026-06-15 21:16:28,24.0000,15.1319,9.7519,8.8681
2026-06-15 21:16:30,24.0000,15.1330,9.7838,8.8670
2026-06-15 21:16:32,24.0000,15.1424,9.7865,8.8576
2026-06-15 21:16:34,24.0000,15.1441,9.7531,8.8559
2026-06-15 21:16:36,24.0000,15.1141,9.7517,8.8859
2026-06-15 21:16:38,24.0000,15.1167,9.7359,8.8833
2026-06-15 21:16:40,24.0000,15.1175,9.7360,8.8825
2026-06-15 21:16:42,24.0000,15.1701,9.7450,8.8299
2026-06-15 21:16:44,24.0000,15.1700,9.7487,8.8300
2026-06-15 21:16:46,24.0000,15.1639,9.7582,8.8361
2026-06-15 21:16:48,24.0000,15.1787,9.7582,8.8213
2026-06-15 21:16:50,24.0000,15.1804,9.7553,8.8196
2026-06-15 21:16:52,24.0000,15.1809,9.7451,8.8191
2026-06-15 21:16:58,24.0000,15.3881,9.8874,8.6119
2026-06-15 21:17:00,24.0000,15.3772,9.8845,8.6228
2026-06-15 21:17:02,24.0000,15.3587,9.8773,8.6413
2026-06-15 21:17:04,24.0000,15.4283,9.8353,8.5717
2026-06-15 21:17:06,24.0000,15.2725,9.7771,8.7275
2026-06-15 21:17:11,24.0000,15.4208,9.8873,8.5792
2026-06-15 21:17:13,24.0000,15.3996,9.8891,8.6004
2026-06-15 21:17:15,24.0000,15.3719,9.8837,8.6281
2026-06-15 21:17:17,24.0000,15.3366,9.8787,8.6634
2026-06-15 21:17:19,24.0000,15.1922,9.7756,8.8078
2026-06-15 21:17:21,24.0000,15.2711,9.7433,8.7289
2026-06-15 21:17:23,24.0000,15.2468,9.8307,8.7532
2026-06-15 21:17:25,24.0000,15.2320,9.8082,8.7680
2026-06-15 21:17:27,24.0000,15.2527,9.8049,8.7473
2026-06-15 21:17:29,24.0000,15.2321,9.8004,8.7679
2026-06-15 21:17:31,24.0000,15.2058,9.7600,8.7942
2026-06-15 21:17:33,24.0000,15.1997,9.7534,8.8003
2026-06-15 21:17:35,24.0000,15.1930,9.7798,8.8070
2026-06-15 21:17:37,24.0000,15.1820,9.7532,8.8180
2026-06-15 21:17:39,24.0000,15.1626,9.7520,8.8374
2026-06-15 21:17:41,24.0000,15.1771,9.7608,8.8229
2026-06-15 21:17:43,24.0000,15.1526,9.7448,8.8474
2026-06-15 21:17:45,24.0000,15.1134,9.7588,8.8866
2026-06-15 21:17:47,24.0000,15.1222,9.7598,8.8778
2026-06-15 21:17:49,24.0000,15.1222,9.7761,8.8778
2026-06-15 21:17:51,24.0000,15.1205,9.7735,8.8795
2026-06-15 21:17:53,24.0000,15.1109,9.7570,8.8891
2026-06-15 21:17:55,24.0000,15.1174,9.7568,8.8826
2026-06-15 21:17:57,24.0000,15.1488,9.7568,8.8512
2026-06-15 21:17:59,24.0000,15.1409,9.7568,8.8591
2026-06-15 21:18:01,24.0000,15.1252,9.7548,8.8748
2026-06-15 21:18:03,24.0000,15.1658,9.7517,8.8342
2026-06-15 21:18:05,24.0000,15.1586,9.7504,8.8414
2026-06-15 21:18:07,24.0000,15.1385,9.7286,8.8615
2026-06-15 21:18:09,24.0000,15.1178,9.7543,8.8822
2026-06-15 21:18:11,24.0000,15.1418,9.7530,8.8582
2026-06-15 21:18:13,24.0000,15.1220,9.7534,8.8780
2026-06-15 21:18:15,24.0000,15.1642,9.7347,8.8358
2026-06-15 21:18:17,24.0000,15.1596,9.7538,8.8404
2026-06-15 21:18:19,24.0000,15.1481,9.7521,8.8519
2026-06-15 21:18:21,24.0000,15.1394,9.7516,8.8606
2026-06-15 21:18:23,24.0000,15.1297,9.7512,8.8703
2026-06-15 21:18:25,24.0000,15.1370,9.7414,8.8630
2026-06-15 21:18:27,24.0000,15.1090,9.7382,8.8910
2026-06-15 21:18:29,24.0000,15.1068,9.7355,8.8932
2026-06-15 21:18:31,24.0000,15.0794,9.7346,8.9206
2026-06-15 21:18:33,24.0000,15.0730,9.7326,8.9270
2026-06-15 21:18:35,24.0000,15.0613,9.7545,8.9387
2026-06-15 21:18:37,24.0000,15.0635,9.7569,8.9365
2026-06-15 21:18:39,24.0000,15.0493,9.7611,8.9507
2026-06-15 21:18:41,24.0000,15.1196,9.7321,8.8804
2026-06-15 21:18:43,24.0000,15.1094,9.7333,8.8906
2026-06-15 21:18:45,24.0000,15.0993,9.7322,8.9007
2026-06-15 21:18:47,24.0000,15.0928,9.7370,8.9072
2026-06-15 21:18:49,24.0000,15.1057,9.7359,8.8943
2026-06-15 21:18:51,24.0000,15.1060,9.7343,8.8940
2026-06-15 21:18:53,24.0000,15.0937,9.7328,8.9063
2026-06-15 21:18:55,24.0000,15.1028,9.7328,8.8972
2026-06-15 21:18:57,24.0000,15.1049,9.7321,8.8951
2026-06-15 21:18:59,24.0000,15.1591,9.7320,8.8409
2026-06-15 21:19:01,24.0000,15.1242,9.7565,8.8758
2026-06-15 21:19:03,24.0000,15.1181,9.7564,8.8819
2026-06-15 21:19:05,24.0000,15.1211,9.7799,8.8789
2026-06-15 21:19:07,24.0000,15.1183,9.7535,8.8817
2026-06-15 21:19:09,24.0000,15.0986,9.7643,8.9014
2026-06-15 21:19:11,24.0000,15.0913,9.7474,8.9087
2026-06-15 21:19:13,24.0000,15.0904,9.7458,8.9096
2026-06-15 21:19:15,24.0000,15.1087,9.7458,8.8913
2026-06-15 21:19:17,24.0000,15.1470,9.7453,8.8530
2026-06-15 21:19:19,24.0000,15.1469,9.7508,8.8531
2026-06-15 21:19:21,24.0000,15.1458,9.7641,8.8542
2026-06-15 21:19:23,24.0000,15.1436,9.7602,8.8564
2026-06-15 21:19:25,24.0000,15.1435,9.7451,8.8565
2026-06-15 21:19:27,24.0000,15.1437,9.7449,8.8563
2026-06-15 21:19:29,24.0000,15.1821,9.7623,8.8179
2026-06-15 21:19:31,24.0000,15.1110,9.7411,8.8890
2026-06-15 21:19:33,24.0000,15.1160,9.7414,8.8840
2026-06-15 21:19:35,24.0000,15.1227,9.7484,8.8773
2026-06-15 21:19:37,24.0000,15.1383,9.7460,8.8617
2026-06-15 21:19:39,24.0000,15.1325,9.7459,8.8675
2026-06-15 21:19:41,24.0000,15.1233,9.7465,8.8767
2026-06-15 21:19:43,24.0000,15.1374,9.7465,8.8626
2026-06-15 21:19:45,24.0000,15.1201,9.7578,8.8799
2026-06-15 21:19:47,24.0000,15.1876,9.7401,8.8124
2026-06-15 21:19:49,24.0000,15.1795,9.7680,8.8205
2026-06-15 21:19:51,24.0000,15.1471,9.7593,8.8529
2026-06-15 21:19:53,24.0000,15.1446,9.7601,8.8554
2026-06-15 21:19:55,24.0000,15.1241,9.7563,8.8759
2026-06-15 21:19:57,24.0000,15.1220,9.7458,8.8780
2026-06-15 21:19:59,24.0000,15.1024,9.7452,8.8976
2026-06-15 21:20:01,24.0000,15.1651,9.7468,8.8349
2026-06-15 21:20:03,24.0000,15.1379,9.7596,8.8621
2026-06-15 21:20:05,24.0000,15.2669,9.8182,8.7331
2026-06-15 21:20:07,24.0000,15.0990,9.7453,8.9010
2026-06-15 21:20:09,24.0000,15.1002,9.7392,8.8998
2026-06-15 21:20:11,24.0000,15.0884,9.7340,8.9116
2026-06-15 21:20:13,24.0000,15.1356,9.7429,8.8644
2026-06-15 21:20:15,24.0000,15.1239,9.7510,8.8761
2026-06-15 21:20:17,24.0000,15.1145,9.7493,8.8855
2026-06-15 21:20:19,24.0000,15.1111,9.7485,8.8889
2026-06-15 21:20:21,24.0000,15.1133,9.7481,8.8867
2026-06-15 21:20:23,24.0000,15.1043,9.7446,8.8957
2026-06-15 21:20:25,24.0000,15.0907,9.7433,8.9093
2026-06-15 21:20:27,24.0000,15.1015,9.7433,8.8985
2026-06-15 21:20:29,24.0000,15.0880,9.7462,8.9120
2026-06-15 21:20:31,24.0000,15.0955,9.7461,8.9045
2026-06-15 21:20:33,24.0000,15.1054,9.7430,8.8946
2026-06-15 21:20:35,24.0000,15.1029,9.7431,8.8971
2026-06-15 21:20:37,24.0000,15.1054,9.7454,8.8946
2026-06-15 21:20:39,24.0000,15.1519,9.7506,8.8481
2026-06-15 21:20:41,24.0000,15.1482,9.7534,8.8518
2026-06-15 21:20:48,24.0000,15.3718,9.8047,8.6282
2026-06-15 21:20:50,24.0000,15.3564,9.8354,8.6436
2026-06-15 21:20:52,24.0000,15.3207,9.8357,8.6793
2026-06-15 21:20:54,24.0000,15.3142,9.8343,8.6858
2026-06-15 21:20:56,24.0000,15.1786,9.7432,8.8214
2026-06-15 21:20:58,24.0000,15.1576,9.7485,8.8424
2026-06-15 21:21:00,24.0000,15.1464,9.7484,8.8536
2026-06-15 21:21:02,24.0000,15.1399,9.7481,8.8601
2026-06-15 21:21:04,24.0000,15.2491,9.7186,8.7509
2026-06-15 21:21:06,24.0000,15.1982,9.7715,8.8018
2026-06-15 21:21:08,24.0000,15.1733,9.7611,8.8267
2026-06-15 21:21:10,24.0000,15.1640,9.7608,8.8360
2026-06-15 21:21:12,24.0000,15.1599,9.7604,8.8401
2026-06-15 21:21:14,24.0000,15.1549,9.7603,8.8451
2026-06-15 21:21:16,24.0000,15.1456,9.7588,8.8544
2026-06-15 21:21:18,24.0000,15.1349,9.7582,8.8651
2026-06-15 21:21:20,24.0000,15.1909,9.7590,8.8091
2026-06-15 21:21:22,24.0000,15.1993,9.7584,8.8007
2026-06-15 21:21:24,24.0000,15.2089,9.7509,8.7911
2026-06-15 21:21:26,24.0000,15.1956,9.7577,8.8044
2026-06-15 21:21:28,24.0000,15.1993,9.7562,8.8007
2026-06-15 21:21:30,24.0000,15.1765,9.7549,8.8235
2026-06-15 21:21:32,24.0000,15.1588,9.7521,8.8412
2026-06-15 21:21:34,24.0000,15.1419,9.7532,8.8581
2026-06-15 21:21:36,24.0000,15.1364,9.7533,8.8636
2026-06-15 21:21:38,24.0000,15.1107,9.7476,8.8893
2026-06-15 21:21:40,24.0000,15.1103,9.7461,8.8897
2026-06-15 21:21:42,24.0000,15.1114,9.7454,8.8886
2026-06-15 21:21:44,24.0000,15.1478,9.7403,8.8522
2026-06-15 21:21:46,24.0000,15.1550,9.7637,8.8450
2026-06-15 21:21:48,24.0000,15.1671,9.7400,8.8329
2026-06-15 21:21:50,24.0000,15.1488,9.7417,8.8512
2026-06-15 21:21:52,24.0000,15.1362,9.7430,8.8638
2026-06-15 21:21:54,24.0000,15.1291,9.7474,8.8709
2026-06-15 21:21:56,24.0000,15.1416,9.7505,8.8584
2026-06-15 21:21:58,24.0000,15.1498,9.7509,8.8502
2026-06-15 21:22:00,24.0000,15.1353,9.7486,8.8647
2026-06-15 21:22:02,24.0000,15.1298,9.7281,8.8702
2026-06-15 21:22:04,24.0000,15.1563,9.7186,8.8437
2026-06-15 21:22:06,24.0000,15.1457,9.7420,8.8543
2026-06-15 21:22:08,24.0000,15.1242,9.7401,8.8758
2026-06-15 21:22:10,24.0000,15.1237,9.7382,8.8763
2026-06-15 21:22:12,24.0000,15.1046,9.7383,8.8954
2026-06-15 21:22:14,24.0000,15.1449,9.7322,8.8551
2026-06-15 21:22:16,24.0000,15.1404,9.7320,8.8596
2026-06-15 21:22:23,24.0000,15.3393,9.7915,8.6607
2026-06-15 21:22:25,24.0000,15.3231,9.8185,8.6769
2026-06-15 21:22:27,24.0000,15.3673,9.7850,8.6327
2026-06-15 21:22:29,24.0000,15.3452,9.8278,8.6548
2026-06-15 21:22:31,24.0000,15.2032,9.7542,8.7968
2026-06-15 21:22:33,24.0000,15.1820,9.7623,8.8180
2026-06-15 21:22:35,24.0000,15.2030,9.7582,8.7970
2026-06-15 21:22:37,24.0000,15.1806,9.7650,8.8194
2026-06-15 21:22:39,24.0000,15.1706,9.7770,8.8294
2026-06-15 21:22:41,24.0000,15.1684,9.7765,8.8316
2026-06-15 21:22:43,24.0000,15.1392,9.7774,8.8608
2026-06-15 21:22:45,24.0000,15.1546,9.7723,8.8454
2026-06-15 21:22:47,24.0000,15.1501,9.7554,8.8499
2026-06-15 21:22:53,24.0000,15.3462,9.8201,8.6538
2026-06-15 21:22:55,24.0000,15.3655,9.8094,8.6345
2026-06-15 21:22:57,24.0000,15.3198,9.8065,8.6802
2026-06-15 21:22:59,24.0000,15.8301,9.7191,8.1699
2026-06-15 21:23:01,24.0000,15.5925,9.6357,8.4075
2026-06-15 21:23:03,24.0000,15.9243,9.6718,8.0757
2026-06-15 21:23:05,24.0000,16.0294,9.7379,7.9706
2026-06-15 21:23:07,24.0000,16.0463,9.6148,7.9537
2026-06-15 21:23:09,24.0000,16.0219,9.4331,7.9781
2026-06-15 21:23:11,24.0000,16.1116,9.5058,7.8884
2026-06-15 21:23:13,24.0000,16.1581,9.4080,7.8419
2026-06-15 21:23:15,24.0000,16.0341,9.3764,7.9659
2026-06-15 21:23:17,24.0000,16.0006,9.4122,7.9994
2026-06-15 21:23:19,24.0000,15.9511,9.4066,8.0489
2026-06-15 21:23:21,24.0000,15.9404,9.4059,8.0596
2026-06-15 21:23:23,24.0000,15.9356,9.4048,8.0644
2026-06-15 21:23:25,24.0000,15.9211,9.3696,8.0789
2026-06-15 21:23:27,24.0000,16.0108,9.4295,7.9892
2026-06-15 21:23:29,24.0000,16.1702,9.4776,7.8298
2026-06-15 21:23:31,24.0000,16.0064,9.4385,7.9936
2026-06-15 21:23:33,24.0000,16.0073,9.4371,7.9927
2026-06-15 21:23:35,24.0000,15.9840,9.4444,8.0160
2026-06-15 21:23:37,24.0000,16.0111,9.4217,7.9889
2026-06-15 21:23:39,24.0000,16.1476,9.4014,7.8524
2026-06-15 21:23:41,24.0000,16.0457,9.4318,7.9543
2026-06-15 21:23:43,24.0000,15.9996,9.4371,8.0004
2026-06-15 21:23:45,24.0000,16.0939,9.4405,7.9061
2026-06-15 21:23:47,24.0000,16.1198,9.4275,7.8802
2026-06-15 21:23:49,24.0000,16.1346,9.4948,7.8654
2026-06-15 21:23:51,24.0000,16.1223,9.4828,7.8777
2026-06-15 21:23:53,24.0000,16.1461,9.4606,7.8539
2026-06-15 21:23:55,24.0000,16.1330,9.4651,7.8670
2026-06-15 21:23:57,24.0000,16.2384,9.4708,7.7616
2026-06-15 21:23:59,24.0000,16.1592,9.4408,7.8408
2026-06-15 21:24:01,24.0000,16.2777,9.3688,7.7223
2026-06-15 21:24:03,24.0000,16.1734,9.4156,7.8266
2026-06-15 21:24:05,24.0000,16.2354,9.4397,7.7646
2026-06-15 21:24:07,24.0000,16.1596,9.4393,7.8404
2026-06-15 21:24:09,24.0000,16.1797,9.4381,7.8203
2026-06-15 21:24:11,24.0000,16.2549,9.4136,7.7451
2026-06-15 21:24:13,24.0000,16.2587,9.4034,7.7413
2026-06-15 21:24:15,24.0000,16.1693,9.4430,7.8307
2026-06-15 21:24:17,24.0000,16.1942,9.4328,7.8058
2026-06-15 21:24:19,24.0000,15.3608,9.0602,8.6392
2026-06-15 21:24:21,24.0000,15.5621,9.1642,8.4379
2026-06-15 21:24:23,24.0000,15.7842,9.2414,8.2158
2026-06-15 21:24:25,24.0000,16.3156,9.5128,7.6844
2026-06-15 21:24:27,24.0000,16.2776,9.3691,7.7224
2026-06-15 21:24:29,24.0000,16.2369,9.4631,7.7631
2026-06-15 21:24:31,24.0000,16.2724,9.4928,7.7276
2026-06-15 21:24:33,24.0000,16.1126,9.4076,7.8874
2026-06-15 21:24:35,24.0000,16.0884,9.4117,7.9116
2026-06-15 21:24:37,24.0000,16.0954,9.4213,7.9046
2026-06-15 21:24:39,24.0000,16.0625,9.3635,7.9375
2026-06-15 21:24:41,24.0000,16.1503,9.3648,7.8497
2026-06-15 21:24:43,24.0000,16.1626,9.5083,7.8374
2026-06-15 21:24:45,24.0000,16.1260,9.5079,7.8740
2026-06-15 21:24:47,24.0000,16.0125,9.5069,7.9875
2026-06-15 21:24:49,24.0000,16.0369,9.5060,7.9631
2026-06-15 21:24:51,24.0000,16.0220,9.5024,7.9780
2026-06-15 21:24:53,24.0000,15.9881,9.4756,8.0119
2026-06-15 21:24:55,24.0000,16.1024,9.3917,7.8976
2026-06-15 21:24:57,24.0000,16.0988,9.4321,7.9012
2026-06-15 21:24:59,24.0000,16.0797,9.4388,7.9203
2026-06-15 21:25:01,24.0000,16.0849,9.4309,7.9151
2026-06-15 21:25:03,24.0000,16.0898,9.4283,7.9102
2026-06-15 21:25:05,24.0000,16.0926,9.4411,7.9074
2026-06-15 21:25:07,24.0000,16.0701,9.4700,7.9299
2026-06-15 21:25:09,24.0000,16.1208,9.4312,7.8792
2026-06-15 21:25:11,24.0000,16.1103,9.4366,7.8897
2026-06-15 21:25:13,24.0000,16.0928,9.4309,7.9072
2026-06-15 21:25:15,24.0000,16.1684,9.4087,7.8316
2026-06-15 21:25:17,24.0000,16.1770,9.4406,7.8230
2026-06-15 21:25:19,24.0000,16.1572,9.5173,7.8428
2026-06-15 21:25:21,24.0000,16.1522,9.5132,7.8478
2026-06-15 21:25:23,24.0000,16.0546,9.5143,7.9454
2026-06-15 21:25:25,24.0000,16.0474,9.5139,7.9526
2026-06-15 21:25:27,24.0000,16.0355,9.4880,7.9645
2026-06-15 21:25:29,24.0000,16.0354,9.4878,7.9646
2026-06-15 21:25:31,24.0000,16.0175,9.4869,7.9825
2026-06-15 21:25:33,24.0000,16.0040,9.4869,7.9960
2026-06-15 21:25:35,24.0000,16.0058,9.4863,7.9942
2026-06-15 21:25:37,24.0000,16.0849,9.4825,7.9151
2026-06-15 21:25:39,24.0000,16.0988,9.4830,7.9012
2026-06-15 21:25:41,24.0000,16.1137,9.4817,7.8863
2026-06-15 21:25:43,24.0000,16.1158,9.4868,7.8842
2026-06-15 21:25:45,24.0000,16.1117,9.4902,7.8883
2026-06-15 21:25:47,24.0000,16.0612,9.4652,7.9388
2026-06-15 21:25:49,24.0000,16.0482,9.4810,7.9518
2026-06-15 21:25:51,24.0000,16.0423,9.4797,7.9577
2026-06-15 21:25:53,24.0000,16.0429,9.4795,7.9571
2026-06-15 21:25:55,24.0000,16.0447,9.4774,7.9553
2026-06-15 21:25:57,24.0000,16.1010,9.4893,7.8990
2026-06-15 21:25:59,24.0000,16.1088,9.5070,7.8912
2026-06-15 21:26:01,24.0000,16.0863,9.5061,7.9137
2026-06-15 21:26:03,24.0000,16.1354,9.5037,7.8646
2026-06-15 21:26:05,24.0000,16.1211,9.5106,7.8789
2026-06-15 21:26:07,24.0000,16.1193,9.5073,7.8807
2026-06-15 21:26:09,24.0000,16.1174,9.5070,7.8826
2026-06-15 21:26:11,24.0000,16.1211,9.5147,7.8789
2026-06-15 21:26:13,24.0000,16.1100,9.5101,7.8900
2026-06-15 21:26:15,24.0000,16.1044,9.5101,7.8956
2026-06-15 21:26:17,24.0000,16.1074,9.5172,7.8926
2026-06-15 21:26:19,24.0000,16.1074,9.5048,7.8926
2026-06-15 21:26:21,24.0000,16.1068,9.5051,7.8932
2026-06-15 21:26:23,24.0000,16.0862,9.5142,7.9138
2026-06-15 21:26:25,24.0000,16.1013,9.5141,7.8987
2026-06-15 21:26:27,24.0000,16.0857,9.5163,7.9143
2026-06-15 21:26:29,24.0000,16.1506,9.5056,7.8494
2026-06-15 21:26:31,24.0000,16.0990,9.4971,7.9010
2026-06-15 21:26:33,24.0000,16.0861,9.5048,7.9139
2026-06-15 21:26:35,24.0000,16.0798,9.5035,7.9202
2026-06-15 21:26:37,24.0000,16.1064,9.5023,7.8936
2026-06-15 21:26:39,24.0000,16.0997,9.5031,7.9003
2026-06-15 21:26:41,24.0000,16.0975,9.5033,7.9025
2026-06-15 21:26:43,24.0000,16.0912,9.5025,7.9088
2026-06-15 21:26:45,24.0000,16.0883,9.5091,7.9117
2026-06-15 21:26:47,24.0000,16.0914,9.4935,7.9086
2026-06-15 21:26:49,24.0000,16.1112,9.5073,7.8888
2026-06-15 21:26:51,24.0000,16.0938,9.5183,7.9062
2026-06-15 21:26:53,24.0000,16.1320,9.5110,7.8680
2026-06-15 21:26:55,24.0000,16.1349,9.5107,7.8651
2026-06-15 21:26:57,24.0000,16.1815,9.5404,7.8185
2026-06-15 21:26:59,24.0000,16.1815,9.5420,7.8185
2026-06-15 21:27:01,24.0000,16.1762,9.5566,7.8238
2026-06-15 21:27:03,24.0000,16.1674,9.5419,7.8326
2026-06-15 21:27:05,24.0000,16.1680,9.5419,7.8320
2026-06-15 21:27:07,24.0000,16.2324,9.5330,7.7676
2026-06-15 21:27:09,24.0000,16.1881,9.5512,7.8119
2026-06-15 21:27:11,24.0000,16.1869,9.5454,7.8131
2026-06-15 21:27:13,24.0000,16.1709,9.5450,7.8291
2026-06-15 21:27:15,24.0000,16.1655,9.5346,7.8345
2026-06-15 21:28:41,24.0000,16.1004,9.4575,7.8996
2026-06-15 21:28:43,24.0000,16.0762,9.4845,7.9238
2026-06-15 21:28:45,24.0000,16.0652,9.4713,7.9348
2026-06-15 21:28:47,24.0000,16.1466,9.4363,7.8534
2026-06-15 21:28:49,24.0000,15.9991,9.3760,8.0009
2026-06-15 21:28:51,24.0000,15.9767,9.4113,8.0233
2026-06-15 21:28:53,24.0000,16.0064,9.3919,7.9936
2026-06-15 21:28:55,24.0000,15.9912,9.3803,8.0088
2026-06-15 21:28:57,24.0000,16.0232,9.3748,7.9768
2026-06-15 21:28:59,24.0000,15.9903,9.4000,8.0097
2026-06-15 21:29:01,24.0000,16.0070,9.3255,7.9930
2026-06-15 21:29:03,24.0000,16.1015,9.5082,7.8985
2026-06-15 21:29:05,24.0000,16.0755,9.5027,7.9245
2026-06-15 21:29:07,24.0000,16.0252,9.5026,7.9748
2026-06-15 21:29:09,24.0000,16.0322,9.4913,7.9678
2026-06-15 21:29:11,24.0000,16.0241,9.4799,7.9759
2026-06-15 21:29:13,24.0000,15.9698,9.4687,8.0302
2026-06-15 21:29:15,24.0000,15.9591,9.4681,8.0409
2026-06-15 21:29:17,24.0000,15.9465,9.4671,8.0535
2026-06-15 21:29:19,24.0000,15.9881,9.4634,8.0119
2026-06-15 21:29:21,24.0000,15.9980,9.4673,8.0020
2026-06-15 21:29:23,24.0000,15.9602,9.4669,8.0398
2026-06-15 21:29:25,24.0000,15.9496,9.4541,8.0504
2026-06-15 21:29:27,24.0000,15.9422,9.4583,8.0578
2026-06-15 21:29:29,24.0000,15.9146,9.4031,8.0854
2026-06-15 21:29:31,24.0000,15.8837,9.4129,8.1163
2026-06-15 21:29:33,24.0000,15.8541,9.4155,8.1459
2026-06-15 21:29:35,24.0000,15.9011,9.3904,8.0989
2026-06-15 21:29:37,24.0000,15.9171,9.4186,8.0829
2026-06-15 21:29:39,24.0000,15.9151,9.4279,8.0849
2026-06-15 21:29:41,24.0000,15.9204,9.4074,8.0796
2026-06-15 21:29:43,24.0000,15.8974,9.4347,8.1026
2026-06-15 21:29:45,24.0000,15.8842,9.4327,8.1158
2026-06-15 21:29:51,24.0000,15.8819,9.4401,8.1181
2026-06-15 21:29:53,24.0000,15.8747,9.4450,8.1253
2026-06-15 21:29:55,24.0000,15.8375,9.4427,8.1625
2026-06-15 21:29:57,24.0000,15.8393,9.4398,8.1607
2026-06-15 21:29:59,24.0000,15.6808,9.3581,8.3192
2026-06-15 21:30:01,24.0000,15.6599,9.3800,8.3401
2026-06-15 21:30:03,24.0000,15.7741,9.3328,8.2259
2026-06-15 21:30:05,24.0000,15.7353,9.4598,8.2647
2026-06-15 21:30:11,24.0000,15.9019,9.4473,8.0981
2026-06-15 21:30:13,24.0000,15.8936,9.4467,8.1064
2026-06-15 21:30:15,24.0000,15.8977,9.3880,8.1023
2026-06-15 21:30:17,24.0000,14.6590,8.8169,9.3410
2026-06-15 21:30:19,24.0000,14.4776,8.7760,9.5224
2026-06-15 21:30:26,24.0000,14.6190,8.8372,9.3810
2026-06-15 21:30:28,24.0000,14.6209,8.8255,9.3791
2026-06-15 21:30:30,24.0000,14.5869,8.8085,9.4131
2026-06-15 21:30:32,24.0000,14.6204,8.8239,9.3796
2026-06-15 21:30:34,24.0000,14.4718,8.7133,9.5282
2026-06-15 21:30:36,24.0000,14.4390,8.7447,9.5610
2026-06-15 21:30:38,24.0000,14.5489,8.7391,9.4511
2026-06-15 21:30:40,24.0000,14.5107,8.7938,9.4893
2026-06-15 21:30:42,24.0000,14.4893,8.7938,9.5107
2026-06-15 21:30:44,24.0000,14.4749,8.7939,9.5251
2026-06-15 21:30:46,24.0000,14.4594,8.7911,9.5406
2026-06-15 21:30:52,24.0000,14.6283,8.8423,9.3717
2026-06-15 21:30:54,24.0000,14.6218,8.8315,9.3782
2026-06-15 21:30:56,24.0000,14.5936,8.8177,9.4064
2026-06-15 21:30:58,24.0000,14.5825,8.8111,9.4175
2026-06-15 21:31:00,24.0000,14.4451,8.6622,9.5549
2026-06-15 21:31:07,24.0000,14.6569,8.8480,9.3431
2026-06-15 21:31:09,24.0000,14.6396,8.8374,9.3604
2026-06-15 21:31:11,24.0000,14.6030,8.8375,9.3970
2026-06-15 21:31:13,24.0000,14.6597,8.8322,9.3403
2026-06-15 21:31:15,24.0000,14.5092,8.7940,9.4908
2026-06-15 21:31:17,24.0000,14.5241,8.8214,9.4759
2026-06-15 21:31:19,24.0000,14.5336,8.8236,9.4664
2026-06-15 21:31:21,24.0000,14.5104,8.8170,9.4896
2026-06-15 21:31:23,24.0000,14.4739,8.8165,9.5261
2026-06-15 21:31:25,24.0000,14.4518,8.8126,9.5482
2026-06-15 21:31:27,24.0000,14.4311,8.8116,9.5689
2026-06-15 21:31:29,24.0000,14.4610,8.8137,9.5390
2026-06-15 21:31:31,24.0000,14.4407,8.8322,9.5593
2026-06-15 21:31:33,24.0000,14.4300,8.7942,9.5700
2026-06-15 21:31:35,24.0000,14.4535,8.7923,9.5465
2026-06-15 21:31:37,24.0000,14.4581,8.8104,9.5419
2026-06-15 21:31:39,24.0000,14.4483,8.8126,9.5517
2026-06-15 21:31:41,24.0000,14.4604,8.8426,9.5396
2026-06-15 21:31:43,24.0000,14.4576,8.8278,9.5424
2026-06-15 21:31:45,24.0000,14.4424,8.8256,9.5576
2026-06-15 21:31:47,24.0000,14.4579,8.7940,9.5421
2026-06-15 21:31:49,24.0000,14.4464,8.7960,9.5536
2026-06-15 21:31:51,24.0000,14.4409,8.7916,9.5591
2026-06-15 21:31:53,24.0000,14.4499,8.7776,9.5501
2026-06-15 21:31:55,24.0000,14.4252,8.7731,9.5748
2026-06-15 21:31:57,24.0000,14.4141,8.7735,9.5859
2026-06-15 21:32:02,24.0000,14.6364,8.8412,9.3636
2026-06-15 21:32:04,24.0000,14.6167,8.8564,9.3833
2026-06-15 21:32:06,24.0000,14.6012,8.8370,9.3988
2026-06-15 21:32:08,24.0000,14.5800,8.8332,9.4200
2026-06-15 21:32:10,24.0000,14.4587,8.7463,9.5413
2026-06-15 21:32:12,24.0000,14.5261,8.7744,9.4739
2026-06-15 21:32:14,24.0000,14.4866,8.8350,9.5134
2026-06-15 21:32:16,24.0000,14.4609,8.8311,9.5391
2026-06-15 21:32:18,24.0000,14.4458,8.8144,9.5542
2026-06-15 21:32:20,24.0000,14.4253,8.7967,9.5747
2026-06-15 21:32:22,24.0000,14.4070,8.7878,9.5930
2026-06-15 21:32:24,24.0000,14.4026,8.7773,9.5974
2026-06-15 21:32:26,24.0000,14.3995,8.7842,9.6005
2026-06-15 21:32:28,24.0000,14.4017,8.7831,9.5983
2026-06-15 21:32:30,24.0000,14.3960,8.7807,9.6040
2026-06-15 21:32:32,24.0000,14.3981,8.7706,9.6019
2026-06-15 21:32:38,24.0000,14.6731,8.8591,9.3269
2026-06-15 21:32:40,24.0000,14.6479,8.8716,9.3521
2026-06-15 21:32:42,24.0000,14.6324,8.8598,9.3676
2026-06-15 21:32:44,24.0000,14.7221,8.8159,9.2779
2026-06-15 21:32:46,24.0000,14.5467,8.8060,9.4533
2026-06-15 21:32:51,24.0000,14.7030,8.8770,9.2970
2026-06-15 21:32:53,24.0000,14.6874,8.8691,9.3126
2026-06-15 21:32:55,24.0000,14.6604,8.8623,9.3396
2026-06-15 21:32:57,24.0000,14.6390,8.8517,9.3610
2026-06-15 21:32:59,24.0000,14.5677,8.7042,9.4323
2026-06-15 21:33:01,24.0000,14.5320,8.8536,9.4680
2026-06-15 21:33:03,24.0000,14.4928,8.8575,9.5072
2026-06-15 21:33:05,24.0000,14.4723,8.8545,9.5277
2026-06-15 21:33:07,24.0000,14.4660,8.8477,9.5340
2026-06-15 21:33:09,24.0000,14.4483,8.8442,9.5517
2026-06-15 21:33:11,24.0000,14.4303,8.8385,9.5697
2026-06-15 21:33:13,24.0000,14.4281,8.8379,9.5719
2026-06-15 21:33:15,24.0000,14.4419,8.8374,9.5581
2026-06-15 21:33:17,24.0000,14.4264,8.8133,9.5736
2026-06-15 21:33:19,24.0000,14.4261,8.8133,9.5739
2026-06-15 21:33:21,24.0000,14.4208,8.7770,9.5792
2026-06-15 21:33:23,24.0000,14.4241,8.8120,9.5759
2026-06-15 21:33:25,24.0000,14.4230,8.8087,9.5770
2026-06-15 21:33:27,24.0000,14.4226,8.8058,9.5774
2026-06-15 21:33:29,24.0000,14.4101,8.8119,9.5899
2026-06-15 21:33:31,24.0000,14.4136,8.8001,9.5864
2026-06-15 21:33:33,24.0000,14.4239,8.8008,9.5761
2026-06-15 21:33:35,24.0000,14.4360,8.7862,9.5640
2026-06-15 21:33:37,24.0000,14.4296,8.7981,9.5704
2026-06-15 21:33:39,24.0000,14.4184,8.8002,9.5816
2026-06-15 21:33:41,24.0000,14.3921,8.7850,9.6079
2026-06-15 21:33:43,24.0000,14.3713,8.7540,9.6287
2026-06-15 21:33:45,24.0000,14.3677,8.7510,9.6323
2026-06-15 21:33:47,24.0000,14.3378,8.7352,9.6622
2026-06-15 21:33:49,24.0000,14.3354,8.7392,9.6646
2026-06-15 21:33:51,24.0000,14.3337,8.7340,9.6663
2026-06-15 21:33:53,24.0000,14.3434,8.7644,9.6566
2026-06-15 21:33:59,24.0000,14.6353,8.8680,9.3647
2026-06-15 21:34:01,24.0000,14.6385,8.8541,9.3615
2026-06-15 21:34:03,24.0000,14.6017,8.8351,9.3983
2026-06-15 21:34:05,24.0000,14.5939,8.8347,9.4061
2026-06-15 21:34:07,24.0000,14.4684,8.7295,9.5316
2026-06-15 21:34:09,24.0000,14.4464,8.7586,9.5536
2026-06-15 21:34:11,24.0000,14.4304,8.7503,9.5696
2026-06-15 21:34:13,24.0000,14.5236,8.7710,9.4764
2026-06-15 21:34:15,24.0000,14.4818,8.8353,9.5182
2026-06-15 21:34:17,24.0000,14.4517,8.8315,9.5483
2026-06-15 21:34:19,24.0000,14.4130,8.8313,9.5870
2026-06-15 21:34:21,24.0000,14.4025,8.8237,9.5975
2026-06-15 21:34:23,24.0000,14.3936,8.8150,9.6064
2026-06-15 21:34:25,24.0000,14.3829,8.8107,9.6171
2026-06-15 21:34:27,24.0000,14.3859,8.7874,9.6141
2026-06-15 21:34:33,24.0000,14.6547,8.8518,9.3453
2026-06-15 21:34:35,24.0000,14.6463,8.8565,9.3537
2026-06-15 21:34:37,24.0000,14.6210,8.8471,9.3790
2026-06-15 21:34:39,24.0000,14.6127,8.8470,9.3873
2026-06-15 21:34:41,24.0000,14.4660,8.7334,9.5340
2026-06-15 21:34:43,24.0000,14.4310,8.7679,9.5690
2026-06-15 21:34:45,24.0000,14.4288,8.7588,9.5712
2026-06-15 21:34:47,24.0000,14.4050,8.7558,9.5950
2026-06-15 21:34:49,24.0000,14.4240,8.7487,9.5760
2026-06-15 21:34:51,24.0000,14.4151,8.6967,9.5849
2026-06-15 21:34:53,24.0000,14.4726,8.8424,9.5274
2026-06-15 21:34:55,24.0000,14.4530,8.8019,9.5470
2026-06-15 21:34:57,24.0000,14.4367,8.8123,9.5633
2026-06-15 21:34:59,24.0000,14.4265,8.8097,9.5735
2026-06-15 21:35:01,24.0000,14.4137,8.8141,9.5863
2026-06-15 21:35:03,24.0000,14.4069,8.8121,9.5931
2026-06-15 21:35:05,24.0000,14.4063,8.8121,9.5937
2026-06-15 21:35:07,24.0000,14.4061,8.7999,9.5939
2026-06-15 21:35:09,24.0000,14.3967,8.7990,9.6033
2026-06-15 21:35:11,24.0000,14.4115,8.7959,9.5885
2026-06-15 21:35:17,24.0000,14.6671,8.8668,9.3329
2026-06-15 21:35:19,24.0000,14.6572,8.8626,9.3428
2026-06-15 21:35:21,24.0000,14.6353,8.8541,9.3647
2026-06-15 21:35:23,24.0000,14.6028,8.8362,9.3972
2026-06-15 21:35:25,24.0000,14.5524,8.7670,9.4476
2026-06-15 21:35:27,24.0000,14.5031,8.8469,9.4969
2026-06-15 21:35:29,24.0000,14.4749,8.8438,9.5251
2026-06-15 21:35:35,24.0000,14.6653,8.8796,9.3347
2026-06-15 21:35:37,24.0000,14.6568,8.8819,9.3432
2026-06-15 21:35:39,24.0000,14.6434,8.8663,9.3566
2026-06-15 21:35:41,24.0000,14.6310,8.8571,9.3690
2026-06-15 21:35:43,24.0000,14.4951,8.7016,9.5049
2026-06-15 21:35:45,24.0000,14.5427,8.8664,9.4573
2026-06-15 21:35:47,24.0000,14.5049,8.8629,9.4951
2026-06-15 21:35:49,24.0000,14.4774,8.8620,9.5226
2026-06-15 21:35:51,24.0000,14.4583,8.8577,9.5417
2026-06-15 21:35:53,24.0000,14.4415,8.8528,9.5585
2026-06-15 21:35:55,24.0000,14.4072,8.8452,9.5928
2026-06-15 21:36:01,24.0000,14.6543,8.8806,9.3457
2026-06-15 21:36:03,24.0000,14.6489,8.8787,9.3511
2026-06-15 21:36:05,24.0000,14.6366,8.8592,9.3634
2026-06-15 21:36:07,24.0000,14.6425,8.8227,9.3575
2026-06-15 21:36:09,24.0000,14.5347,8.8145,9.4653
2026-06-15 21:36:11,24.0000,14.5009,8.8609,9.4991
2026-06-15 21:36:13,24.0000,14.4772,8.8577,9.5228
2026-06-15 21:36:15,24.0000,14.4603,8.8209,9.5397
2026-06-15 21:36:17,24.0000,14.4535,8.8225,9.5465
2026-06-15 21:36:19,24.0000,14.4319,8.8162,9.5681
2026-06-15 21:36:24,24.0000,14.6810,8.8716,9.3190
2026-06-15 21:36:26,24.0000,14.6542,8.8811,9.3458
2026-06-15 21:36:28,24.0000,14.6428,8.8774,9.3572
2026-06-15 21:36:30,24.0000,14.6436,8.8172,9.3564
2026-06-15 21:36:32,24.0000,14.5620,8.8378,9.4380
2026-06-15 21:36:34,24.0000,14.5208,8.8491,9.4792
2026-06-15 21:36:36,24.0000,14.4988,8.8509,9.5012
2026-06-15 21:36:38,24.0000,14.5324,8.8576,9.4676
2026-06-15 21:36:40,24.0000,14.5728,8.8963,9.4272
2026-06-15 21:36:42,24.0000,14.5498,8.8858,9.4502
2026-06-15 21:36:44,24.0000,14.6182,8.8766,9.3818
2026-06-15 21:36:46,24.0000,14.5576,8.8853,9.4424
2026-06-15 21:36:48,24.0000,14.5457,8.8888,9.4543
2026-06-15 21:36:50,24.0000,14.5423,8.8793,9.4577
2026-06-15 21:36:52,24.0000,14.5257,8.8909,9.4743
2026-06-15 21:36:54,24.0000,14.5310,8.8684,9.4690
2026-06-15 21:36:56,24.0000,14.5076,8.8668,9.4924
2026-06-15 21:36:58,24.0000,14.5087,8.8789,9.4913
2026-06-15 21:37:00,24.0000,14.5076,8.8783,9.4924
2026-06-15 21:37:02,24.0000,14.5070,8.8756,9.4930
2026-06-15 21:37:04,24.0000,14.5058,8.8756,9.4942
2026-06-15 21:37:06,24.0000,14.4923,8.8652,9.5077
2026-06-15 21:37:08,24.0000,14.4969,8.8652,9.5031
2026-06-15 21:37:10,24.0000,14.4923,8.8651,9.5077
2026-06-15 21:37:12,24.0000,14.5473,8.8817,9.4527
2026-06-15 21:37:14,24.0000,14.5365,8.8580,9.4635
2026-06-15 21:37:16,24.0000,14.5107,8.8671,9.4893
2026-06-15 21:37:18,24.0000,14.5039,8.8610,9.4961
2026-06-15 21:37:20,24.0000,14.5116,8.8865,9.4884
2026-06-15 21:37:22,24.0000,14.5199,8.8659,9.4801
2026-06-15 21:37:24,24.0000,14.5024,8.8743,9.4976
2026-06-15 21:37:26,24.0000,14.5224,8.8295,9.4776
2026-06-15 21:37:32,24.0000,14.7090,8.9064,9.2910
2026-06-15 21:37:34,24.0000,14.7017,8.9122,9.2983
2026-06-15 21:37:36,24.0000,14.6850,8.9044,9.3150
2026-06-15 21:37:38,24.0000,14.7528,8.9177,9.2472
2026-06-15 21:37:40,24.0000,14.5861,8.8975,9.4139
2026-06-15 21:37:42,24.0000,14.5573,8.9138,9.4427
2026-06-15 21:37:44,24.0000,14.5494,8.8818,9.4506
2026-06-15 21:37:46,24.0000,14.5078,8.8963,9.4922
2026-06-15 21:37:48,24.0000,14.4922,8.8907,9.5078
2026-06-15 21:37:50,24.0000,14.5144,8.8777,9.4856
2026-06-15 21:37:52,24.0000,14.4890,8.8613,9.5110
2026-06-15 21:37:54,24.0000,14.4920,8.8625,9.5080
2026-06-15 21:37:56,24.0000,14.4762,8.8586,9.5238
2026-06-15 21:37:58,24.0000,14.5178,8.8708,9.4822
2026-06-15 21:38:00,24.0000,14.4828,8.8633,9.5172
2026-06-15 21:38:02,24.0000,14.5004,8.8383,9.4996
2026-06-15 21:38:04,24.0000,14.4895,8.8607,9.5105
2026-06-15 21:38:06,24.0000,14.4700,8.8545,9.5300
2026-06-15 21:38:08,24.0000,14.4937,8.8398,9.5063
2026-06-15 21:38:10,24.0000,14.4744,8.8708,9.5256
2026-06-15 21:38:12,24.0000,14.4513,8.8659,9.5487
2026-06-15 21:38:17,24.0000,14.7010,8.9287,9.2990
2026-06-15 21:38:19,24.0000,14.6983,8.9181,9.3017
2026-06-15 21:38:21,24.0000,14.7042,8.8661,9.2958
2026-06-15 21:38:23,24.0000,14.7528,8.9619,9.2472
2026-06-15 21:39:11,24.0000,14.6945,8.9133,9.3055
2026-06-15 21:39:13,24.0000,14.6784,8.9104,9.3216
2026-06-15 21:39:15,24.0000,14.6551,8.9053,9.3449
2026-06-15 21:39:17,24.0000,14.7254,8.8479,9.2746
2026-06-15 21:39:19,24.0000,14.5726,8.8762,9.4274
2026-06-15 21:39:21,24.0000,14.5403,8.8970,9.4597
2026-06-15 21:39:23,24.0000,14.5128,8.9123,9.4872
2026-06-15 21:39:25,24.0000,14.5420,8.8813,9.4580
2026-06-15 21:39:27,24.0000,14.5086,8.8801,9.4914
2026-06-15 21:39:29,24.0000,14.4981,8.8795,9.5019
2026-06-15 21:39:31,24.0000,14.4964,8.8772,9.5036
2026-06-15 21:39:33,24.0000,14.4681,8.8777,9.5319
2026-06-15 21:39:35,24.0000,14.4888,8.8746,9.5112
2026-06-15 21:39:37,24.0000,14.5083,8.8797,9.4917
2026-06-15 21:39:39,24.0000,14.5054,8.8664,9.4946
2026-06-15 21:39:41,24.0000,14.5255,8.8582,9.4745
2026-06-15 21:39:43,24.0000,14.5074,8.8516,9.4926
2026-06-15 21:39:45,24.0000,14.4927,8.8810,9.5073
2026-06-15 21:39:47,24.0000,14.5095,8.8694,9.4905
2026-06-15 21:39:49,24.0000,14.4919,8.8758,9.5081
2026-06-15 21:48:06,24.0000,14.9141,9.0523,9.0859
2026-06-15 21:48:08,24.0000,14.9184,9.0908,9.0816
2026-06-15 21:51:44,24.0000,14.6886,8.9950,9.3114
2026-06-15 21:51:46,24.0000,14.7152,9.0654,9.2848
2026-06-15 21:51:48,24.0000,14.6952,9.0511,9.3048
2026-06-15 21:51:50,24.0000,14.7127,9.0520,9.2873
2026-06-15 21:51:52,24.0000,14.5566,8.9572,9.4434
2026-06-15 21:51:57,24.0000,14.7437,9.0509,9.2563
2026-06-15 21:51:59,24.0000,14.7240,9.0732,9.2760
2026-06-15 21:52:01,24.0000,14.6937,9.0573,9.3063
2026-06-15 21:52:29,24.0000,14.6597,9.0263,9.3403
2026-06-15 21:52:31,24.0000,14.6494,9.0369,9.3506
2026-06-15 21:52:33,24.0000,14.6260,9.0273,9.3740
2026-06-15 21:52:35,24.0000,14.6201,9.0265,9.3799
2026-06-15 21:52:37,24.0000,14.4775,8.9196,9.5225
2026-06-15 21:52:39,24.0000,14.4496,8.9294,9.5504
2026-06-15 21:52:41,24.0000,14.4402,8.9308,9.5598
2026-06-15 21:52:43,24.0000,14.4312,8.9384,9.5688
2026-06-15 21:52:45,24.0000,14.4365,8.9178,9.5635
2026-06-15 21:52:47,24.0000,14.4276,8.9163,9.5724
2026-06-15 21:52:49,24.0000,14.4225,8.9286,9.5775
2026-06-15 21:52:51,24.0000,14.4373,8.8782,9.5627
2026-06-15 21:52:53,24.0000,14.4438,8.8838,9.5562
2026-06-15 21:52:55,24.0000,14.4867,8.9437,9.5133
2026-06-15 21:52:57,24.0000,14.4751,8.9413,9.5249
2026-06-15 21:52:59,24.0000,14.4668,8.9377,9.5332
2026-06-15 21:53:01,24.0000,14.4609,8.9466,9.5391
2026-06-15 21:53:03,24.0000,14.4567,8.9451,9.5433
2026-06-15 21:53:05,24.0000,14.4473,8.9335,9.5527
2026-06-15 21:53:07,24.0000,14.4383,8.9368,9.5617
2026-06-15 21:53:09,24.0000,14.4321,8.9434,9.5679
2026-06-15 21:53:11,24.0000,13.3129,8.3815,10.6871
2026-06-15 21:53:13,24.0000,13.3132,8.3706,10.6868
2026-06-15 21:53:15,24.0000,13.3031,8.3563,10.6969
2026-06-15 21:53:17,24.0000,13.3127,8.3621,10.6873
2026-06-15 21:53:19,24.0000,13.2839,8.3485,10.7161
2026-06-15 21:53:21,24.0000,13.2794,8.3453,10.7206
2026-06-15 21:53:23,24.0000,13.2759,8.3415,10.7241
2026-06-15 21:53:25,24.0000,13.2766,8.3421,10.7234
2026-06-15 21:53:27,24.0000,13.2954,8.3545,10.7046
2026-06-15 21:53:29,24.0000,13.3013,8.3561,10.6987
2026-06-15 21:53:31,24.0000,13.2926,8.3554,10.7074
2026-06-15 21:53:33,24.0000,13.3360,8.3634,10.6640
2026-06-15 21:53:35,24.0000,13.2787,8.3652,10.7213
2026-06-15 21:53:37,24.0000,13.2936,8.3630,10.7064
2026-06-15 21:53:39,24.0000,13.2929,8.3649,10.7071
2026-06-15 21:53:41,24.0000,13.2864,8.3556,10.7136
2026-06-15 21:53:43,24.0000,13.2975,8.3526,10.7025
2026-06-15 21:53:45,24.0000,13.2992,8.3546,10.7008
2026-06-15 21:53:47,24.0000,13.3022,8.3531,10.6978
2026-06-15 21:53:49,24.0000,13.2993,8.3542,10.7007
2026-06-15 21:53:51,24.0000,13.2983,8.3537,10.7017
2026-06-15 21:53:53,24.0000,13.3017,8.3550,10.6983
2026-06-15 21:53:59,24.0000,13.5444,8.4895,10.4556
2026-06-15 21:54:01,24.0000,13.5371,8.4885,10.4629
2026-06-15 21:54:03,24.0000,13.5113,8.4744,10.4887
2026-06-15 21:54:05,24.0000,13.4899,8.4748,10.5101
2026-06-15 21:54:07,24.0000,13.4512,8.3222,10.5488
2026-06-15 21:54:09,24.0000,13.4125,8.4261,10.5875
2026-06-15 21:54:11,24.0000,13.3947,8.4179,10.6053
2026-06-15 21:54:13,24.0000,13.3737,8.4136,10.6263
2026-06-15 21:54:15,24.0000,13.3661,8.4134,10.6339
2026-06-15 21:54:17,24.0000,13.3481,8.4073,10.6519
2026-06-15 21:54:19,24.0000,13.3349,8.3945,10.6651
2026-06-15 21:54:21,24.0000,13.3386,8.3943,10.6614
2026-06-15 21:54:23,24.0000,13.3355,8.3947,10.6645
2026-06-15 21:54:25,24.0000,13.3353,8.4032,10.6647
2026-06-15 21:54:27,24.0000,13.3259,8.3866,10.6741
2026-06-15 21:54:29,24.0000,13.3384,8.3642,10.6616
2026-06-15 21:54:31,24.0000,13.3158,8.3907,10.6842
2026-06-15 21:54:33,24.0000,13.3250,8.3902,10.6750
2026-06-15 21:54:35,24.0000,13.3255,8.3930,10.6745
2026-06-15 21:54:37,24.0000,13.3257,8.3954,10.6743
2026-06-15 21:54:39,24.0000,13.3259,8.3954,10.6741
2026-06-15 21:54:41,24.0000,13.2859,8.3698,10.7141
2026-06-15 21:54:43,24.0000,13.2998,8.3695,10.7002
2026-06-15 21:54:45,24.0000,13.3021,8.3658,10.6979
2026-06-15 21:54:47,24.0000,13.3459,8.3851,10.6541
2026-06-15 21:54:49,24.0000,13.3130,8.3693,10.6870
2026-06-15 21:54:51,24.0000,13.2983,8.3760,10.7017
2026-06-15 21:54:53,24.0000,13.2861,8.3724,10.7139
2026-06-15 21:54:55,24.0000,13.2945,8.3701,10.7055
2026-06-15 21:54:57,24.0000,13.2858,8.3681,10.7142
2026-06-15 21:54:59,24.0000,13.2838,8.3676,10.7162
2026-06-15 21:55:01,24.0000,13.2861,8.3683,10.7139
2026-06-15 21:55:03,24.0000,13.3340,8.3491,10.6660
2026-06-15 21:55:05,24.0000,13.3167,8.3727,10.6833
2026-06-15 21:55:07,24.0000,13.3401,8.3677,10.6599
2026-06-15 21:55:09,24.0000,13.3326,8.3748,10.6674
2026-06-15 21:55:11,24.0000,13.3459,8.3839,10.6541
2026-06-15 21:55:13,24.0000,13.3279,8.3778,10.6721
2026-06-15 21:55:15,24.0000,13.3200,8.3508,10.6800
2026-06-15 21:55:17,24.0000,13.3141,8.3572,10.6859
2026-06-15 21:55:19,24.0000,13.3097,8.3667,10.6903
2026-06-15 21:55:21,24.0000,13.2898,8.3796,10.7102
2026-06-15 21:55:23,24.0000,13.2847,8.3816,10.7153
2026-06-15 21:55:25,24.0000,13.2751,8.4012,10.7249
2026-06-15 21:55:27,24.0000,13.2973,8.3757,10.7027
2026-06-15 21:55:29,24.0000,13.2942,8.3412,10.7058
2026-06-15 21:55:31,24.0000,13.2969,8.3612,10.7031
2026-06-15 21:55:33,24.0000,13.2961,8.3589,10.7039
2026-06-15 21:55:35,24.0000,13.2965,8.3509,10.7035
2026-06-15 21:55:37,24.0000,13.3036,8.3764,10.6964
2026-06-15 21:55:39,24.0000,13.3353,8.3577,10.6647
2026-06-15 21:55:41,24.0000,13.3203,8.3756,10.6797
2026-06-15 21:55:43,24.0000,13.3293,8.3752,10.6707
2026-06-15 21:55:45,24.0000,13.3091,8.3747,10.6909
2026-06-15 21:56:58,24.0000,13.5467,8.4647,10.4533
2026-06-15 21:57:00,24.0000,13.5239,8.4792,10.4761
2026-06-15 21:57:02,24.0000,13.5788,8.4284,10.4212
2026-06-15 21:57:04,24.0000,13.5698,8.4989,10.4302
2026-06-15 21:57:06,24.0000,13.4133,8.3898,10.5867
2026-06-15 21:57:08,24.0000,13.3912,8.4120,10.6088
2026-06-15 21:57:10,24.0000,13.4271,8.4076,10.5729
2026-06-15 21:57:12,24.0000,13.4066,8.4109,10.5934
2026-06-15 21:57:14,24.0000,13.3745,8.4195,10.6255
2026-06-15 21:57:16,24.0000,13.4097,8.4079,10.5903
2026-06-15 21:57:18,24.0000,13.3667,8.4185,10.6333
2026-06-15 21:57:20,24.0000,13.3563,8.4179,10.6437
2026-06-15 21:57:22,24.0000,13.3468,8.4168,10.6532
2026-06-15 21:57:24,24.0000,13.3400,8.4165,10.6600
2026-06-15 21:57:26,24.0000,13.3460,8.4149,10.6540
2026-06-15 21:57:28,24.0000,13.3235,8.3729,10.6765
2026-06-15 21:57:30,24.0000,13.3235,8.3756,10.6765
2026-06-15 21:57:32,24.0000,13.3278,8.3782,10.6722
2026-06-15 21:57:34,24.0000,13.3278,8.3808,10.6722
2026-06-15 21:57:36,24.0000,13.3262,8.3814,10.6738
2026-06-15 21:57:38,24.0000,13.3357,8.3879,10.6643
2026-06-15 21:57:40,24.0000,13.3157,8.3796,10.6843
2026-06-15 21:57:42,24.0000,13.3085,8.3889,10.6915
2026-06-15 21:57:44,24.0000,13.3143,8.3939,10.6857
2026-06-15 21:57:46,24.0000,13.3162,8.3891,10.6838
2026-06-15 21:57:48,24.0000,13.2840,8.3738,10.7160
2026-06-15 21:57:50,24.0000,13.2885,8.3677,10.7115
2026-06-15 21:57:52,24.0000,13.2884,8.3766,10.7116
2026-06-15 21:57:54,24.0000,13.2863,8.3671,10.7137
2026-06-15 21:57:56,24.0000,13.3466,8.3592,10.6534
2026-06-15 21:57:58,24.0000,13.3472,8.3904,10.6528
2026-06-15 21:58:00,24.0000,13.3707,8.3844,10.6293
2026-06-15 21:58:02,24.0000,13.3465,8.3868,10.6535
2026-06-15 21:58:04,24.0000,13.3529,8.3868,10.6471
2026-06-15 21:58:06,24.0000,13.3356,8.3835,10.6644
2026-06-15 21:58:11,24.0000,13.5378,8.4664,10.4622
2026-06-15 21:58:13,24.0000,13.5232,8.4916,10.4768
2026-06-15 21:58:15,24.0000,13.4887,8.4788,10.5113
2026-06-15 21:58:17,24.0000,13.5766,8.4281,10.4234
2026-06-15 21:58:19,24.0000,13.4254,8.3938,10.5746
2026-06-15 21:58:26,24.0000,13.5598,8.4893,10.4402
2026-06-15 21:58:28,24.0000,13.5419,8.4904,10.4581
2026-06-15 21:58:30,24.0000,13.5433,8.4464,10.4567
2026-06-15 21:58:32,24.0000,13.5846,8.4417,10.4154
2026-06-15 21:58:34,24.0000,13.4487,8.3936,10.5513
2026-06-15 21:58:40,24.0000,13.5685,8.4976,10.4315
2026-06-15 21:58:42,24.0000,13.5419,8.5034,10.4581
2026-06-15 21:58:44,24.0000,13.5574,8.4788,10.4426
2026-06-15 21:58:46,24.0000,13.5871,8.4831,10.4129
2026-06-15 21:58:48,24.0000,13.4401,8.3806,10.5599
2026-06-15 21:58:50,24.0000,13.4124,8.4249,10.5876
2026-06-15 21:58:52,24.0000,13.4144,8.4086,10.5856
2026-06-15 21:58:56,24.0000,13.5597,8.4781,10.4403
2026-06-15 21:58:58,24.0000,13.5301,8.4952,10.4699
2026-06-15 21:59:00,24.0000,13.5095,8.4882,10.4905
2026-06-15 21:59:02,24.0000,13.4850,8.4847,10.5150
2026-06-15 21:59:04,24.0000,13.3399,8.3825,10.6601
2026-06-15 21:59:06,24.0000,13.3364,8.3929,10.6636
2026-06-15 21:59:08,24.0000,13.3622,8.3635,10.6378
2026-06-15 21:59:10,24.0000,13.4119,8.3925,10.5881
2026-06-15 21:59:12,24.0000,13.3805,8.4338,10.6195
2026-06-15 21:59:14,24.0000,13.3704,8.4113,10.6296
2026-06-15 21:59:16,24.0000,13.3486,8.4105,10.6514
2026-06-15 21:59:18,24.0000,13.3481,8.4102,10.6519
2026-06-15 21:59:20,24.0000,13.3374,8.4068,10.6626
2026-06-15 21:59:22,24.0000,13.3369,8.3994,10.6631
2026-06-15 21:59:24,24.0000,13.3389,8.3991,10.6611
2026-06-15 21:59:26,24.0000,13.3539,8.3800,10.6461
2026-06-15 21:59:28,24.0000,13.3251,8.3956,10.6749
2026-06-15 21:59:30,24.0000,13.3293,8.4003,10.6707
2026-06-15 21:59:32,24.0000,13.3380,8.3980,10.6620
2026-06-15 21:59:34,24.0000,13.3410,8.3991,10.6590
2026-06-15 21:59:36,24.0000,13.3397,8.3991,10.6603
2026-06-15 21:59:38,24.0000,13.3339,8.3882,10.6661
2026-06-15 21:59:40,24.0000,13.3336,8.3861,10.6664
2026-06-15 21:59:42,24.0000,13.3326,8.3906,10.6674
2026-06-15 21:59:44,24.0000,13.3337,8.3871,10.6663
2026-06-15 21:59:46,24.0000,13.3039,8.3675,10.6961
2026-06-15 21:59:48,24.0000,13.2883,8.3781,10.7117
2026-06-15 21:59:50,24.0000,13.2884,8.3964,10.7116
2026-06-15 21:59:52,24.0000,13.2784,8.3764,10.7216
2026-06-15 21:59:54,24.0000,13.2950,8.3770,10.7050
2026-06-15 21:59:56,24.0000,13.2762,8.3787,10.7238
2026-06-15 21:59:58,24.0000,13.2987,8.3569,10.7013
2026-06-15 22:00:00,24.0000,13.3046,8.3504,10.6954
2026-06-15 22:00:02,24.0000,13.3682,8.3904,10.6318
2026-06-15 22:00:08,24.0000,13.5659,8.5097,10.4341
2026-06-15 22:00:10,24.0000,13.5499,8.5235,10.4501
2026-06-15 22:00:12,24.0000,13.5206,8.5127,10.4794
2026-06-15 22:00:14,24.0000,13.5040,8.5104,10.4960
2026-06-15 22:00:16,24.0000,13.3711,8.4061,10.6289
2026-06-15 22:00:18,24.0000,13.3511,8.4272,10.6489
2026-06-15 22:00:20,24.0000,13.3727,8.3943,10.6273
2026-06-15 22:00:22,24.0000,13.4136,8.3917,10.5864
2026-06-15 22:00:24,24.0000,13.3985,8.4543,10.6015
2026-06-15 22:00:26,24.0000,13.3872,8.4213,10.6128
2026-06-15 22:00:28,24.0000,13.3656,8.4182,10.6344
2026-06-15 22:00:30,24.0000,13.3716,8.4177,10.6284
2026-06-15 22:00:32,24.0000,13.3627,8.4159,10.6373
2026-06-15 22:00:34,24.0000,13.3507,8.4195,10.6493
2026-06-15 22:00:36,24.0000,13.3445,8.4132,10.6555
2026-06-15 22:00:38,24.0000,13.3469,8.4023,10.6531
2026-06-15 22:00:40,24.0000,13.3450,8.4241,10.6550
2026-06-15 22:00:42,24.0000,13.3444,8.4242,10.6556
2026-06-15 22:00:44,24.0000,13.3417,8.4042,10.6583
2026-06-15 22:00:46,24.0000,13.3422,8.4192,10.6578
2026-06-15 22:00:48,24.0000,13.3321,8.4239,10.6679
2026-06-15 22:00:50,24.0000,13.3320,8.4026,10.6680
2026-06-15 22:00:52,24.0000,13.3274,8.4157,10.6726
2026-06-15 22:00:54,24.0000,13.3332,8.4059,10.6668
2026-06-15 22:00:56,24.0000,13.3337,8.4143,10.6663
2026-06-15 22:00:58,24.0000,13.3470,8.4089,10.6530
2026-06-15 22:01:00,24.0000,13.3432,8.4114,10.6568
2026-06-15 22:01:02,24.0000,13.3424,8.4242,10.6576
2026-06-15 22:01:04,24.0000,13.3422,8.4225,10.6578
2026-06-15 22:01:06,24.0000,13.3358,8.4242,10.6642
2026-06-15 22:01:08,24.0000,13.3099,8.4074,10.6901
2026-06-15 22:01:10,24.0000,13.2923,8.3787,10.7077
2026-06-15 22:01:12,24.0000,13.2908,8.3874,10.7092
2026-06-15 22:01:14,24.0000,13.2766,8.3860,10.7234
2026-06-15 22:01:16,24.0000,13.2908,8.3842,10.7092
2026-06-15 22:01:18,24.0000,13.2783,8.3942,10.7217
2026-06-15 22:01:24,24.0000,13.5315,8.5198,10.4685
2026-06-15 22:01:26,24.0000,13.5208,8.5098,10.4792
2026-06-15 22:01:28,24.0000,13.4980,8.5052,10.5020
2026-06-15 22:01:30,24.0000,13.4901,8.5042,10.5099
2026-06-15 22:01:32,24.0000,13.3613,8.4073,10.6387
2026-06-15 22:01:34,24.0000,13.3351,8.4179,10.6649
2026-06-15 22:01:36,24.0000,13.4203,8.3789,10.5797
2026-06-15 22:01:38,24.0000,13.3883,8.4566,10.6117
2026-06-15 22:01:40,24.0000,13.3847,8.4553,10.6153
2026-06-15 22:01:42,24.0000,13.3508,8.4500,10.6492
2026-06-15 22:01:44,24.0000,13.3508,8.4388,10.6492
2026-06-15 22:01:46,24.0000,13.3551,8.4190,10.6449
2026-06-15 22:01:48,24.0000,13.3480,8.4257,10.6520
2026-06-15 22:01:50,24.0000,13.3551,8.4172,10.6449
2026-06-15 22:01:52,24.0000,13.3393,8.4142,10.6607
2026-06-15 22:01:54,24.0000,13.3400,8.4025,10.6600
2026-06-15 22:01:56,24.0000,13.3404,8.4058,10.6596
2026-06-15 22:01:58,24.0000,13.3393,8.4075,10.6607
2026-06-15 22:02:00,24.0000,13.3406,8.4088,10.6594
2026-06-15 22:02:02,24.0000,13.3394,8.4222,10.6606
2026-06-15 22:02:04,24.0000,13.3300,8.4240,10.6700
2026-06-15 22:02:06,24.0000,13.3277,8.4027,10.6723
2026-06-15 22:02:08,24.0000,13.3151,8.4146,10.6849
2026-06-15 22:02:10,24.0000,13.3164,8.4181,10.6836
2026-06-15 22:02:12,24.0000,13.3805,8.4080,10.6195
2026-06-15 22:02:14,24.0000,13.3367,8.4044,10.6633
2026-06-15 22:02:16,24.0000,13.3265,8.4134,10.6735
2026-06-15 22:02:18,24.0000,13.3200,8.4097,10.6800
2026-06-15 22:02:20,24.0000,13.3186,8.4069,10.6814
2026-06-15 22:02:22,24.0000,13.3060,8.4035,10.6940
2026-06-15 22:02:24,24.0000,13.3040,8.4021,10.6960
2026-06-15 22:02:26,24.0000,13.3233,8.3922,10.6767
2026-06-15 22:02:28,24.0000,13.3285,8.4027,10.6715
2026-06-15 22:02:30,24.0000,13.3195,8.4201,10.6805
2026-06-15 22:02:32,24.0000,13.3169,8.4056,10.6831
2026-06-15 22:02:34,24.0000,13.3043,8.4111,10.6957
2026-06-15 22:02:36,24.0000,13.3069,8.4131,10.6931
2026-06-15 22:02:38,24.0000,13.3146,8.4108,10.6854
2026-06-15 22:02:40,24.0000,13.3148,8.4084,10.6852
2026-06-15 22:02:42,24.0000,13.3142,8.4084,10.6858
2026-06-15 22:02:44,24.0000,13.3152,8.4067,10.6848
2026-06-15 22:02:46,24.0000,13.3171,8.4094,10.6829
2026-06-15 22:02:48,24.0000,13.2829,8.3831,10.7171
2026-06-15 22:02:50,24.0000,13.2841,8.3817,10.7159
2026-06-15 22:02:52,24.0000,13.2820,8.3823,10.7180
2026-06-15 22:02:54,24.0000,13.2810,8.3944,10.7190
2026-06-15 22:02:56,24.0000,13.2941,8.4166,10.7059
2026-06-15 22:02:58,24.0000,13.3055,8.4116,10.6945
2026-06-15 22:03:00,24.0000,13.3473,8.4040,10.6527
2026-06-15 22:03:02,24.0000,13.3398,8.4302,10.6602
2026-06-15 22:03:04,24.0000,13.3679,8.4025,10.6321
2026-06-15 22:03:10,24.0000,13.5510,8.4939,10.4490
2026-06-15 22:03:12,24.0000,13.5283,8.5047,10.4717
2026-06-15 22:03:14,24.0000,13.5364,8.4705,10.4636
2026-06-15 22:03:16,24.0000,13.5732,8.5024,10.4268
2026-06-15 22:03:18,24.0000,13.4323,8.4254,10.5677
2026-06-15 22:03:20,24.0000,13.4377,8.4563,10.5623
2026-06-15 22:03:22,24.0000,13.3986,8.4616,10.6014
2026-06-15 22:03:24,24.0000,13.3909,8.4568,10.6091
2026-06-15 22:03:26,24.0000,13.4114,8.4342,10.5886
2026-06-15 22:03:33,24.0000,13.5605,8.5098,10.4395
2026-06-15 22:03:35,24.0000,13.5477,8.5175,10.4523
2026-06-15 22:03:37,24.0000,13.5228,8.5108,10.4772
2026-06-15 22:03:39,24.0000,13.5501,8.4806,10.4499
2026-06-15 22:03:41,24.0000,13.4504,8.4374,10.5496
2026-06-15 22:03:43,24.0000,13.4304,8.4685,10.5696
2026-06-15 22:03:45,24.0000,13.4046,8.4602,10.5954
2026-06-15 22:03:47,24.0000,13.3891,8.4529,10.6109
2026-06-15 22:03:49,24.0000,13.3759,8.4516,10.6241
2026-06-15 22:03:51,24.0000,13.3536,8.4412,10.6464
2026-06-15 22:03:53,24.0000,13.3453,8.4350,10.6547
2026-06-15 22:03:55,24.0000,13.3445,8.4347,10.6555
2026-06-15 22:03:57,24.0000,13.3445,8.4346,10.6555
2026-06-15 22:03:59,24.0000,13.3409,8.3906,10.6591
2026-06-15 22:04:01,24.0000,13.3414,8.3917,10.6586
2026-06-15 22:04:03,24.0000,13.3560,8.4041,10.6440
2026-06-15 22:04:05,24.0000,13.3431,8.4276,10.6569
2026-06-15 22:04:07,24.0000,13.3428,8.4134,10.6572
2026-06-15 22:04:09,24.0000,13.3432,8.4193,10.6568
2026-06-15 22:04:11,24.0000,13.3595,8.4160,10.6405
2026-06-15 22:04:13,24.0000,13.3405,8.4285,10.6595
2026-06-15 22:04:15,24.0000,13.3288,8.4254,10.6712
2026-06-15 22:04:17,24.0000,13.3371,8.4127,10.6629
2026-06-15 22:04:19,24.0000,13.3351,8.4135,10.6649
2026-06-15 22:04:21,24.0000,13.3272,8.4328,10.6728
2026-06-15 22:04:23,24.0000,13.3029,8.4253,10.6971
2026-06-15 22:04:25,24.0000,13.2898,8.4229,10.7102
2026-06-15 22:04:27,24.0000,13.3192,8.4069,10.6808
2026-06-15 22:04:29,24.0000,13.3157,8.4207,10.6843
2026-06-15 22:04:31,24.0000,13.3158,8.4159,10.6842
2026-06-15 22:04:33,24.0000,13.3075,8.4208,10.6925
2026-06-15 22:04:35,24.0000,13.3087,8.4138,10.6913
2026-06-15 22:04:37,24.0000,13.3092,8.4105,10.6908
2026-06-15 22:04:39,24.0000,13.3119,8.3988,10.6881
2026-06-15 22:04:41,24.0000,13.3015,8.4168,10.6985
2026-06-15 22:04:43,24.0000,13.3108,8.4221,10.6892
2026-06-15 22:04:45,24.0000,13.3038,8.3985,10.6962
2026-06-15 22:04:47,24.0000,13.2988,8.4081,10.7012
2026-06-15 22:04:49,24.0000,13.3104,8.4122,10.6896
2026-06-15 22:04:51,24.0000,13.3058,8.4078,10.6942
2026-06-15 22:04:53,24.0000,13.3116,8.4130,10.6884
2026-06-15 22:04:55,24.0000,13.3131,8.4210,10.6869
2026-06-15 22:04:57,24.0000,13.3136,8.3983,10.6864
2026-06-15 22:04:59,24.0000,13.3445,8.4198,10.6555
2026-06-15 22:05:01,24.0000,13.3464,8.4205,10.6536
2026-06-15 22:05:03,24.0000,13.3583,8.3974,10.6417
2026-06-15 22:05:05,24.0000,13.3580,8.3950,10.6420
2026-06-15 22:05:07,24.0000,13.3626,8.3889,10.6374
2026-06-15 22:05:09,24.0000,13.3257,8.4271,10.6743
2026-06-15 22:05:11,24.0000,13.3010,8.4121,10.6990
2026-06-15 22:05:13,24.0000,13.2833,8.4093,10.7167
2026-06-15 22:05:15,24.0000,13.2860,8.4072,10.7140
2026-06-15 22:05:17,24.0000,13.2848,8.4070,10.7152
2026-06-15 22:05:19,24.0000,13.2757,8.4032,10.7243
2026-06-15 22:05:21,24.0000,13.3104,8.4032,10.6896
2026-06-15 22:05:23,24.0000,13.3018,8.4028,10.6982
2026-06-15 22:05:25,24.0000,13.2993,8.4017,10.7007
2026-06-15 22:05:27,24.0000,13.3078,8.4015,10.6922
2026-06-15 22:05:29,24.0000,13.2943,8.4016,10.7057
2026-06-15 22:05:31,24.0000,13.2961,8.3990,10.7039
2026-06-15 22:05:33,24.0000,13.2779,8.3969,10.7221
2026-06-15 22:05:35,24.0000,13.2667,8.4035,10.7333
2026-06-15 22:05:37,24.0000,13.2722,8.4320,10.7278
2026-06-15 22:05:39,24.0000,13.3243,8.3815,10.6757
2026-06-15 22:05:41,24.0000,13.2945,8.4166,10.7055
2026-06-15 22:05:43,24.0000,13.3254,8.4035,10.6746
2026-06-15 22:05:45,24.0000,13.3124,8.4072,10.6876
2026-06-15 22:05:47,24.0000,13.3219,8.4053,10.6781
2026-06-15 22:05:49,24.0000,13.3301,8.4250,10.6699
2026-06-15 22:05:51,24.0000,13.3179,8.3907,10.6821
2026-06-15 22:05:53,24.0000,13.3210,8.3724,10.6790
2026-06-15 22:05:55,24.0000,13.3052,8.3848,10.6948
2026-06-15 22:05:57,24.0000,13.2951,8.4104,10.7049
2026-06-15 22:05:59,24.0000,13.2877,8.4058,10.7123
2026-06-15 22:06:01,24.0000,13.2756,8.4085,10.7244
2026-06-15 22:06:03,24.0000,13.3428,8.4006,10.6572
2026-06-15 22:06:05,24.0000,13.3397,8.4158,10.6603
2026-06-15 22:06:07,24.0000,13.3157,8.4016,10.6843
2026-06-15 22:06:09,24.0000,13.3084,8.4067,10.6916
2026-06-15 22:06:11,24.0000,13.2960,8.3984,10.7040
2026-06-15 22:06:13,24.0000,13.2877,8.4051,10.7123
2026-06-15 22:06:15,24.0000,13.2888,8.3993,10.7112
2026-06-15 22:06:17,24.0000,13.2755,8.3900,10.7245
2026-06-15 22:06:19,24.0000,13.2757,8.3914,10.7243
2026-06-15 22:06:21,24.0000,13.2793,8.3978,10.7207
2026-06-15 22:06:23,24.0000,13.2754,8.3955,10.7246
2026-06-15 22:06:25,24.0000,13.2870,8.3957,10.7130
2026-06-15 22:06:27,24.0000,13.2947,8.3975,10.7053
2026-06-15 22:06:29,24.0000,13.2927,8.4055,10.7073
2026-06-15 22:06:31,24.0000,13.2961,8.4043,10.7039
2026-06-15 22:06:33,24.0000,13.2890,8.4022,10.7110
2026-06-15 22:06:35,24.0000,13.3462,8.3998,10.6538
2026-06-15 22:06:37,24.0000,13.3198,8.4121,10.6802
2026-06-15 22:06:39,24.0000,13.3103,8.4119,10.6897
2026-06-15 22:06:41,24.0000,13.3406,8.4000,10.6594
2026-06-15 22:06:43,24.0000,13.3187,8.4114,10.6813
2026-06-15 22:06:45,24.0000,13.3356,8.4190,10.6644
2026-06-15 22:06:47,24.0000,13.3233,8.4159,10.6767
2026-06-15 22:06:49,24.0000,13.3165,8.4246,10.6835
2026-06-15 22:06:51,24.0000,13.3266,8.4164,10.6734
2026-06-15 22:06:53,24.0000,13.3077,8.4160,10.6923
2026-06-15 22:06:55,24.0000,13.3011,8.4147,10.6989
2026-06-15 22:06:57,24.0000,13.3450,8.4122,10.6550
2026-06-15 22:06:59,24.0000,13.3277,8.4300,10.6723
2026-06-15 22:07:01,24.0000,13.3074,8.4322,10.6926
2026-06-15 22:07:03,24.0000,13.3114,8.4290,10.6886
2026-06-15 22:07:05,24.0000,13.3101,8.4288,10.6899
2026-06-15 22:07:07,24.0000,13.2941,8.4258,10.7059
2026-06-15 22:07:09,24.0000,13.2775,8.4120,10.7225
2026-06-15 22:07:11,24.0000,13.3176,8.4106,10.6824
2026-06-15 22:07:13,24.0000,13.3405,8.4133,10.6595
2026-06-15 22:07:15,24.0000,13.3101,8.4224,10.6899
2026-06-15 22:07:17,24.0000,13.2979,8.4247,10.7021
2026-06-15 22:07:19,24.0000,13.2910,8.4342,10.7090
2026-06-15 22:07:21,24.0000,13.2813,8.4366,10.7187
2026-06-15 22:07:23,24.0000,13.2669,8.4428,10.7331
2026-06-15 22:07:25,24.0000,13.2665,8.4125,10.7335
2026-06-15 22:07:27,24.0000,13.2828,8.4122,10.7172
2026-06-15 22:07:29,24.0000,13.2815,8.3850,10.7185
2026-06-15 22:07:31,24.0000,13.2937,8.4086,10.7063
2026-06-15 22:07:33,24.0000,13.2844,8.3935,10.7156
2026-06-15 22:07:35,24.0000,13.2847,8.3930,10.7153
2026-06-15 22:07:37,24.0000,13.2848,8.3934,10.7152
2026-06-15 22:07:39,24.0000,13.2890,8.3941,10.7110
2026-06-15 22:07:41,24.0000,13.4325,8.4159,10.5675
2026-06-15 22:07:43,24.0000,13.4666,8.4267,10.5334
2026-06-15 22:07:45,24.0000,13.4526,8.4385,10.5474
2026-06-15 22:07:47,24.0000,13.4324,8.4331,10.5676
2026-06-15 22:07:49,24.0000,13.4541,8.4251,10.5459
2026-06-15 22:07:51,24.0000,13.4426,8.4362,10.5574
2026-06-15 22:07:53,24.0000,13.4259,8.4496,10.5741
2026-06-15 22:07:55,24.0000,13.4239,8.4724,10.5761
2026-06-15 22:07:57,24.0000,13.4066,8.4726,10.5934
2026-06-15 22:07:59,24.0000,13.4142,8.4723,10.5858
2026-06-15 22:08:01,24.0000,13.4378,8.4398,10.5622
2026-06-15 22:08:03,24.0000,13.4200,8.4614,10.5800
2026-06-15 22:08:05,24.0000,13.4107,8.4712,10.5893
2026-06-15 22:08:07,24.0000,13.4432,8.4314,10.5568
2026-06-15 22:08:09,24.0000,13.4329,8.4405,10.5671
2026-06-15 22:08:11,24.0000,13.4303,8.4457,10.5697
2026-06-15 22:08:13,24.0000,13.4930,8.4480,10.5070
2026-06-15 22:08:15,24.0000,13.4689,8.4798,10.5311
2026-06-15 22:08:17,24.0000,13.4596,8.4787,10.5404
2026-06-15 22:08:19,24.0000,13.4537,8.4700,10.5463
2026-06-15 22:08:21,24.0000,13.4309,8.4684,10.5691
2026-06-15 22:08:23,24.0000,13.4305,8.4529,10.5695
2026-06-15 22:08:25,24.0000,13.4290,8.4550,10.5710
2026-06-15 22:08:27,24.0000,13.4940,8.4493,10.5060
2026-06-15 22:08:29,24.0000,13.4892,8.4710,10.5108
2026-06-15 22:08:31,24.0000,13.4961,8.4725,10.5039
2026-06-15 22:08:33,24.0000,13.4777,8.4927,10.5223
2026-06-15 22:08:35,24.0000,13.4774,8.4728,10.5226
2026-06-15 22:08:37,24.0000,13.4794,8.4866,10.5206
2026-06-15 22:08:39,24.0000,13.5063,8.4709,10.4937
2026-06-15 22:08:41,24.0000,13.4907,8.4888,10.5093
2026-06-15 22:08:43,24.0000,13.4660,8.4887,10.5340
2026-06-15 22:08:45,24.0000,13.4720,8.4881,10.5280
2026-06-15 22:08:47,24.0000,13.4700,8.4879,10.5300
2026-06-15 22:08:49,24.0000,13.4524,8.4863,10.5476
2026-06-15 22:08:51,24.0000,13.4577,8.4513,10.5423
2026-06-15 22:08:53,24.0000,13.4588,8.4500,10.5412
2026-06-15 22:08:55,24.0000,13.4484,8.4528,10.5516
2026-06-15 22:08:57,24.0000,13.4399,8.4507,10.5601
2026-06-15 22:08:59,24.0000,13.4562,8.4533,10.5438
2026-06-15 22:09:01,24.0000,13.4406,8.4733,10.5594
2026-06-15 22:09:03,24.0000,13.4050,8.4528,10.5950
2026-06-15 22:09:05,24.0000,13.3837,8.4592,10.6163
2026-06-15 22:09:07,24.0000,13.3909,8.4595,10.6091
2026-06-15 22:09:09,24.0000,13.3472,8.4375,10.6528
2026-06-15 22:09:11,24.0000,13.3531,8.4461,10.6469
2026-06-15 22:09:13,24.0000,13.3614,8.4437,10.6386
2026-06-15 22:09:15,24.0000,13.3591,8.4458,10.6409
2026-06-15 22:09:17,24.0000,13.3578,8.4394,10.6422
2026-06-15 22:09:19,24.0000,13.3577,8.4430,10.6423
2026-06-15 22:09:21,24.0000,13.3740,8.4395,10.6260
2026-06-15 22:09:23,24.0000,13.3503,8.4375,10.6497
2026-06-15 22:09:25,24.0000,13.3493,8.4358,10.6507
2026-06-15 22:09:27,24.0000,13.3502,8.4358,10.6498
2026-06-15 22:09:29,24.0000,13.3506,8.4434,10.6494
2026-06-15 22:09:31,24.0000,13.3398,8.4411,10.6602
2026-06-15 22:09:33,24.0000,13.3538,8.4429,10.6462
2026-06-15 22:09:35,24.0000,13.3395,8.4423,10.6605
2026-06-15 22:09:37,24.0000,13.3536,8.4397,10.6464
2026-06-15 22:09:39,24.0000,13.3437,8.4254,10.6563
2026-06-15 22:09:41,24.0000,13.3300,8.4108,10.6700
2026-06-15 22:09:43,24.0000,13.3261,8.4111,10.6739
2026-06-15 22:09:45,24.0000,13.3281,8.4110,10.6719
2026-06-15 22:09:47,24.0000,13.3296,8.4128,10.6704
2026-06-15 22:09:49,24.0000,13.3291,8.4183,10.6709
2026-06-15 22:09:51,24.0000,13.3286,8.4249,10.6714
2026-06-15 22:09:53,24.0000,13.3358,8.4197,10.6642
2026-06-15 22:09:55,24.0000,13.3261,8.4197,10.6739
2026-06-15 22:09:57,24.0000,13.3194,8.4272,10.6806
2026-06-15 22:09:59,24.0000,13.3296,8.4254,10.6704
2026-06-15 22:10:01,24.0000,13.3167,8.4272,10.6833
2026-06-15 22:11:01,24.0000,13.6392,8.5649,10.3608
2026-06-15 22:11:03,24.0000,13.6417,8.5813,10.3583
2026-06-15 22:14:21,24.0000,13.7411,9.2624,10.2589
2026-06-15 22:14:23,24.0000,13.7233,9.3657,10.2767
2026-06-15 22:14:25,24.0000,13.6202,9.3452,10.3798
2026-06-15 22:14:27,24.0000,13.6737,9.2892,10.3263
2026-06-15 22:14:29,24.0000,13.4760,9.2101,10.5240
2026-06-15 22:14:31,24.0000,13.4475,9.2234,10.5525
2026-06-15 22:14:33,24.0000,13.4075,9.1916,10.5925
2026-06-15 22:14:35,24.0000,13.4036,9.1815,10.5964
2026-06-15 22:14:37,24.0000,13.3774,9.2095,10.6226
2026-06-15 22:14:39,24.0000,13.3784,9.2093,10.6216
2026-06-15 22:14:41,24.0000,13.3879,9.2071,10.6121
2026-06-15 22:14:43,24.0000,13.3873,9.2014,10.6127
2026-06-15 22:14:45,24.0000,13.3884,9.2012,10.6116
2026-06-15 22:14:47,24.0000,13.3937,9.2921,10.6063
2026-06-15 22:14:49,24.0000,13.3938,9.2503,10.6062
2026-06-15 22:14:51,24.0000,13.3911,9.2631,10.6089
2026-06-15 22:14:53,24.0000,13.3919,9.2689,10.6081
2026-06-15 22:14:55,24.0000,13.3527,9.2317,10.6473
2026-06-15 22:14:57,24.0000,13.3469,9.2313,10.6531
2026-06-15 22:14:59,24.0000,13.3368,9.2609,10.6632
2026-06-15 22:15:01,24.0000,13.3398,9.2335,10.6602
2026-06-15 22:15:03,24.0000,13.3634,9.2253,10.6366
2026-06-15 22:15:05,24.0000,13.3549,9.2295,10.6451
2026-06-15 22:15:07,24.0000,13.3584,9.2298,10.6416
2026-06-15 22:15:09,24.0000,13.3722,9.2360,10.6278
2026-06-15 22:15:11,24.0000,13.3305,9.2084,10.6695
2026-06-15 22:15:13,24.0000,13.3194,9.2278,10.6806
2026-06-15 22:15:15,24.0000,13.3197,9.2281,10.6803
2026-06-15 22:15:17,24.0000,13.3190,9.2272,10.6810
2026-06-15 22:15:19,24.0000,13.3189,9.2269,10.6811
2026-06-15 22:15:21,24.0000,13.3181,9.2274,10.6819
2026-06-15 22:15:23,24.0000,13.3246,9.2074,10.6754
2026-06-15 22:15:25,24.0000,13.2974,9.2239,10.7026
2026-06-15 22:15:27,24.0000,13.3214,9.2128,10.6786
2026-06-15 22:15:29,24.0000,13.3085,9.2267,10.6915
2026-06-15 22:15:31,24.0000,13.3258,9.2311,10.6742
2026-06-15 22:15:33,24.0000,13.3820,9.2097,10.6180
2026-06-15 22:15:35,24.0000,13.3228,9.2231,10.6772
2026-06-15 22:15:37,24.0000,13.3226,9.2131,10.6774
2026-06-15 22:15:39,24.0000,13.3234,9.2136,10.6766
2026-06-15 22:15:41,24.0000,13.3220,9.2171,10.6780
2026-06-15 22:15:43,24.0000,13.3198,9.2148,10.6802
2026-06-15 22:15:45,24.0000,13.3219,9.2127,10.6781
2026-06-15 22:15:47,24.0000,13.3165,9.2152,10.6835
2026-06-15 22:15:49,24.0000,13.3200,9.2118,10.6800
2026-06-15 22:15:51,24.0000,13.3217,9.2142,10.6783
2026-06-15 22:15:53,24.0000,13.3102,9.2281,10.6898
2026-06-15 22:15:55,24.0000,13.3300,9.2322,10.6700
2026-06-15 22:15:57,24.0000,13.3802,9.2939,10.6198
2026-06-15 22:15:59,24.0000,13.3359,9.2364,10.6641
2026-06-15 22:16:01,24.0000,13.3289,9.2304,10.6711
2026-06-15 22:16:03,24.0000,13.3268,9.2275,10.6732
2026-06-15 22:16:05,24.0000,13.3302,9.2278,10.6698
2026-06-15 22:16:07,24.0000,13.3373,9.2273,10.6627
2026-06-15 22:16:09,24.0000,13.3195,9.2215,10.6805
2026-06-15 22:16:11,24.0000,13.3170,9.2214,10.6830
2026-06-15 22:16:13,24.0000,13.3178,9.2211,10.6822
2026-06-15 22:16:15,24.0000,13.3183,9.2210,10.6817
2026-06-15 22:16:17,24.0000,13.3163,9.2207,10.6837
2026-06-15 22:16:19,24.0000,13.3144,9.2230,10.6856
2026-06-15 22:16:21,24.0000,13.3159,9.2207,10.6841
2026-06-15 22:16:23,24.0000,13.3036,9.2207,10.6964
2026-06-15 22:16:25,24.0000,13.3175,9.2214,10.6825
2026-06-15 22:16:27,24.0000,13.3257,9.2239,10.6743
2026-06-15 22:16:29,24.0000,13.3330,9.2225,10.6670
2026-06-15 22:16:31,24.0000,13.3339,9.2223,10.6661
2026-06-15 22:16:36,24.0000,13.5945,9.3537,10.4055
2026-06-15 22:16:38,24.0000,13.6616,9.2973,10.3384
2026-06-15 22:16:40,24.0000,13.6291,9.3659,10.3709
2026-06-15 22:16:42,24.0000,13.6201,9.3641,10.3799
2026-06-15 22:16:45,24.0000,13.4597,9.2597,10.5403
2026-06-15 22:16:46,24.0000,13.4527,9.2723,10.5473
2026-06-15 22:16:48,24.0000,13.9805,9.5486,10.0195
2026-06-15 22:16:50,24.0000,13.9353,9.5485,10.0647
2026-06-15 22:16:52,24.0000,14.0219,9.5442,9.9781
2026-06-15 22:16:54,24.0000,13.9941,9.5517,10.0059
2026-06-15 22:16:57,24.0000,13.9886,9.5589,10.0114
2026-06-15 22:16:59,24.0000,13.9792,9.5595,10.0208
2026-06-15 22:17:00,24.0000,13.9739,9.5197,10.0261
2026-06-15 22:17:06,24.0000,14.1815,9.6631,9.8185
2026-06-15 22:17:08,24.0000,14.1717,9.6553,9.8283
2026-06-15 22:17:10,24.0000,14.1097,9.6296,9.8903
2026-06-15 22:17:12,24.0000,14.1863,9.5922,9.8137
2026-06-15 22:17:14,24.0000,14.0322,9.5884,9.9678
2026-06-15 22:17:16,24.0000,14.0193,9.5271,9.9807
2026-06-15 22:17:18,24.0000,13.9848,9.5264,10.0152
2026-06-15 22:17:20,24.0000,13.9288,9.5092,10.0712
2026-06-15 22:17:22,24.0000,13.9163,9.5207,10.0837
2026-06-15 22:17:24,24.0000,13.9707,9.5114,10.0293
2026-06-15 22:17:26,24.0000,13.9439,9.5308,10.0561
2026-06-15 22:17:32,24.0000,14.3265,9.6767,9.6735
2026-06-15 22:17:34,24.0000,14.3435,9.7263,9.6565
2026-06-15 22:17:40,24.0000,14.3387,9.6889,9.6613
2026-06-15 22:17:42,24.0000,14.2949,9.7327,9.7051
2026-06-15 22:17:44,24.0000,14.3059,9.6810,9.6941
2026-06-15 22:17:46,24.0000,14.3327,9.7076,9.6673
2026-06-15 22:17:48,24.0000,14.1196,9.6326,9.8804
2026-06-15 22:17:50,24.0000,14.0975,9.6409,9.9025
2026-06-15 22:17:52,24.0000,14.0888,9.6136,9.9112
2026-06-15 22:17:54,24.0000,14.0810,9.6119,9.9190
2026-06-15 22:17:56,24.0000,14.0781,9.6138,9.9219
2026-06-15 22:17:58,24.0000,14.0797,9.5943,9.9203
2026-06-15 22:18:00,24.0000,14.0960,9.6154,9.9040
2026-06-15 22:18:02,24.0000,14.0381,9.5809,9.9619
2026-06-15 22:18:04,24.0000,14.0844,9.5890,9.9156
2026-06-15 22:18:06,24.0000,14.0624,9.6125,9.9376
2026-06-15 22:18:08,24.0000,14.0631,9.6040,9.9369
2026-06-15 22:18:10,24.0000,14.1114,9.6075,9.8886
2026-06-15 22:18:12,24.0000,14.0705,9.6336,9.9295
2026-06-15 22:18:14,24.0000,14.0858,9.6358,9.9142
2026-06-15 22:18:21,24.0000,14.3082,9.7105,9.6918
2026-06-15 22:18:23,24.0000,14.2927,9.7460,9.7073
2026-06-15 22:18:25,24.0000,14.2722,9.7381,9.7278
2026-06-15 22:18:27,24.0000,14.2667,9.7395,9.7333
2026-06-15 22:18:29,24.0000,14.1062,9.6421,9.8938
2026-06-15 22:18:31,24.0000,14.0785,9.6494,9.9215
2026-06-15 22:18:33,24.0000,14.1774,9.6093,9.8226
2026-06-15 22:18:35,24.0000,14.1460,9.6569,9.8540
2026-06-15 22:18:37,24.0000,14.1232,9.6713,9.8768
2026-06-15 22:18:39,24.0000,14.1015,9.6687,9.8985
2026-06-15 22:18:41,24.0000,14.0752,9.6640,9.9248
2026-06-15 22:18:43,24.0000,14.0706,9.6722,9.9294
2026-06-15 22:18:45,24.0000,14.0553,9.6812,9.9447
2026-06-15 22:18:47,24.0000,14.0547,9.6809,9.9453
2026-06-15 22:18:49,24.0000,14.0471,9.6747,9.9529
2026-06-15 22:18:51,24.0000,14.0455,9.6556,9.9545
2026-06-15 22:18:53,24.0000,14.0533,9.6557,9.9467
2026-06-15 22:18:55,24.0000,14.0424,9.6815,9.9576
2026-06-15 22:18:57,24.0000,14.0569,9.6392,9.9431
2026-06-15 22:18:59,24.0000,14.0573,9.6253,9.9427
2026-06-15 22:19:01,24.0000,14.0543,9.6385,9.9457
2026-06-15 22:19:03,24.0000,14.0574,9.6234,9.9426
2026-06-15 22:19:10,24.0000,14.2826,9.7278,9.7174
2026-06-15 22:19:12,24.0000,14.2464,9.7346,9.7536
2026-06-15 22:19:14,24.0000,14.2225,9.7275,9.7775
2026-06-15 22:19:16,24.0000,14.2060,9.7201,9.7940
2026-06-15 22:19:18,24.0000,14.0699,9.6088,9.9301
2026-06-15 22:19:20,24.0000,14.7979,9.8963,9.2021
2026-06-15 22:19:22,24.0000,14.8143,9.9289,9.1857
2026-06-15 22:19:24,24.0000,14.8898,9.9287,9.1102
2026-06-15 22:19:26,24.0000,14.8835,9.8969,9.1165
2026-06-15 22:19:28,24.0000,14.8971,9.8950,9.1029
2026-06-15 22:19:30,24.0000,14.8829,9.8905,9.1171
2026-06-15 22:19:32,24.0000,14.8676,9.8869,9.1324
2026-06-15 22:19:34,24.0000,14.8685,9.8867,9.1315
2026-06-15 22:19:36,24.0000,14.8706,9.8864,9.1294
2026-06-15 22:19:38,24.0000,14.6998,9.7672,9.3002
2026-06-15 22:19:40,24.0000,14.6920,9.7670,9.3080
2026-06-15 22:19:42,24.0000,14.6870,9.7671,9.3130
2026-06-15 22:19:44,24.0000,14.6899,9.7673,9.3101
2026-06-15 22:19:46,24.0000,14.6809,9.7665,9.3191
2026-06-15 22:19:48,24.0000,14.7036,9.7665,9.2964
2026-06-15 22:19:50,24.0000,14.5901,9.6454,9.4099
2026-06-15 22:19:52,24.0000,14.5730,9.6420,9.4270
2026-06-15 22:19:54,24.0000,14.5653,9.6368,9.4347
2026-06-15 22:19:56,24.0000,14.6118,9.6042,9.3882
2026-06-15 22:19:58,24.0000,14.5723,9.6714,9.4277
2026-06-15 22:20:00,24.0000,14.5362,9.6697,9.4638
2026-06-15 22:20:06,24.0000,14.7487,9.7403,9.2513
2026-06-15 22:20:08,24.0000,14.7391,9.7319,9.2609
2026-06-15 22:20:10,24.0000,14.7622,9.7725,9.2378
2026-06-15 22:20:12,24.0000,14.7400,9.7671,9.2600
2026-06-15 22:20:14,24.0000,14.6385,9.6852,9.3615
2026-06-15 22:20:16,24.0000,14.6109,9.7064,9.3891
2026-06-15 22:20:18,24.0000,14.5912,9.6710,9.4088
2026-06-15 22:20:20,24.0000,14.5756,9.6679,9.4244
2026-06-15 22:20:22,24.0000,14.5512,9.6755,9.4488
2026-06-15 22:20:24,24.0000,14.5237,9.6685,9.4763
2026-06-15 22:20:26,24.0000,14.5116,9.6634,9.4884
2026-06-15 22:20:28,24.0000,14.5034,9.6589,9.4966
2026-06-15 22:20:30,24.0000,14.5056,9.6420,9.4944
2026-06-15 22:20:36,24.0000,14.7427,9.7416,9.2573
2026-06-15 22:20:38,24.0000,14.7265,9.7578,9.2735
2026-06-15 22:20:40,24.0000,14.7100,9.7502,9.2900
2026-06-15 22:20:42,24.0000,14.7045,9.7492,9.2955
2026-06-15 22:20:44,24.0000,14.5603,9.6245,9.4397
2026-06-15 22:20:46,24.0000,14.5615,9.6790,9.4385
2026-06-15 22:20:48,24.0000,14.5396,9.6821,9.4604
2026-06-15 22:20:50,24.0000,14.5162,9.6800,9.4838
2026-06-15 22:20:52,24.0000,14.5051,9.6812,9.4949
2026-06-15 22:20:54,24.0000,14.4829,9.6921,9.5171
2026-06-15 22:20:56,24.0000,14.4626,9.6886,9.5374
2026-06-15 22:20:58,24.0000,14.4607,9.6886,9.5393
2026-06-15 22:21:00,24.0000,14.4791,9.6688,9.5209
2026-06-15 22:21:02,24.0000,14.5372,9.6629,9.4628
2026-06-15 22:21:04,24.0000,14.5203,9.6800,9.4797
2026-06-15 22:21:06,24.0000,14.5486,9.6715,9.4514
2026-06-15 22:21:08,24.0000,14.5283,9.6926,9.4717
2026-06-15 22:21:10,24.0000,14.5247,9.6854,9.4753
2026-06-15 22:21:12,24.0000,14.5104,9.6903,9.4896
2026-06-15 22:21:14,24.0000,14.5187,9.6805,9.4813
2026-06-15 22:21:16,24.0000,14.5873,9.6777,9.4127
2026-06-15 22:21:18,24.0000,14.5493,9.6946,9.4507
2026-06-15 22:21:20,24.0000,14.5297,9.6898,9.4703
2026-06-15 22:21:22,24.0000,14.5551,9.6865,9.4449
2026-06-15 22:21:24,24.0000,14.5405,9.6922,9.4595
2026-06-15 22:21:26,24.0000,14.5205,9.6809,9.4795
2026-06-15 22:21:28,24.0000,14.5265,9.7022,9.4735
2026-06-15 22:21:30,24.0000,14.5098,9.7018,9.4902
2026-06-15 22:21:32,24.0000,14.5056,9.6765,9.4944
2026-06-15 22:21:34,24.0000,14.4918,9.6764,9.5082
2026-06-15 22:21:36,24.0000,14.5309,9.6660,9.4691
2026-06-15 22:21:38,24.0000,14.5309,9.6719,9.4691
2026-06-15 22:21:40,24.0000,14.5045,9.6770,9.4955
2026-06-15 22:21:42,24.0000,14.5055,9.6627,9.4945
2026-06-15 22:21:44,24.0000,14.5035,9.6615,9.4965
2026-06-15 22:21:46,24.0000,14.4867,9.6654,9.5133
2026-06-15 22:21:52,24.0000,14.7349,9.7661,9.2651
2026-06-15 22:21:54,24.0000,14.7255,9.7629,9.2745
2026-06-15 22:21:56,24.0000,14.7818,9.7368,9.2182
2026-06-15 22:21:58,24.0000,14.8337,9.8100,9.1663
2026-06-15 22:22:00,24.0000,14.7218,9.6900,9.2782
2026-06-15 22:22:02,24.0000,14.6946,9.7191,9.3054
2026-06-15 22:22:04,24.0000,14.6615,9.7151,9.3385
2026-06-15 22:22:06,24.0000,14.6398,9.7115,9.3602
2026-06-15 22:22:08,24.0000,14.6259,9.7102,9.3741
2026-06-15 22:22:10,24.0000,14.6431,9.7090,9.3569
2026-06-15 22:22:12,24.0000,14.6290,9.7019,9.3710
2026-06-15 22:22:14,24.0000,14.6122,9.7242,9.3878
2026-06-15 22:22:16,24.0000,14.6300,9.6923,9.3700
2026-06-15 22:22:18,24.0000,14.6143,9.7145,9.3857
2026-06-15 22:22:20,24.0000,14.6295,9.7120,9.3705
2026-06-15 22:22:22,24.0000,14.6269,9.7117,9.3731
2026-06-15 22:22:24,24.0000,14.6166,9.7265,9.3834
2026-06-15 22:22:26,24.0000,14.6267,9.7289,9.3733
2026-06-15 22:22:28,24.0000,14.6305,9.7217,9.3695
2026-06-15 22:22:30,24.0000,14.6310,9.7299,9.3690
2026-06-15 22:22:32,24.0000,14.6234,9.7059,9.3766
2026-06-15 22:22:34,24.0000,14.6096,9.7030,9.3904
2026-06-15 22:22:36,24.0000,14.6315,9.6967,9.3685
2026-06-15 22:22:38,24.0000,14.6202,9.7072,9.3798
2026-06-15 22:22:40,24.0000,14.6088,9.7046,9.3912
2026-06-15 22:22:42,24.0000,14.6560,9.6882,9.3440
2026-06-15 22:22:44,24.0000,14.6174,9.7130,9.3826
2026-06-15 22:22:46,24.0000,14.6086,9.7112,9.3914
2026-06-15 22:22:48,24.0000,14.5948,9.7097,9.4052
2026-06-15 22:22:50,24.0000,14.6446,9.6988,9.3554
2026-06-15 22:22:52,24.0000,14.6084,9.7109,9.3916
2026-06-15 22:22:54,24.0000,14.6013,9.7089,9.3987
2026-06-15 22:22:56,24.0000,14.5938,9.7077,9.4062
2026-06-15 22:22:58,24.0000,14.5735,9.6983,9.4265
2026-06-15 22:23:00,24.0000,14.5677,9.6950,9.4323
2026-06-15 22:23:02,24.0000,14.6110,9.6934,9.3890
2026-06-15 22:23:04,24.0000,14.6010,9.6767,9.3990
2026-06-15 22:23:06,24.0000,14.5761,9.7087,9.4239
2026-06-15 22:23:08,24.0000,14.5854,9.6976,9.4146
2026-06-15 22:23:10,24.0000,14.6047,9.7055,9.3953
2026-06-15 22:23:12,24.0000,14.5884,9.7236,9.4116
2026-06-15 22:23:14,24.0000,14.6122,9.7002,9.3878
2026-06-15 22:23:16,24.0000,14.5985,9.7010,9.4015
2026-06-15 22:23:18,24.0000,14.6093,9.6992,9.3907
2026-06-15 22:23:20,24.0000,14.5951,9.6999,9.4049
2026-06-15 22:23:22,24.0000,14.5876,9.6992,9.4124
2026-06-15 22:23:24,24.0000,14.5820,9.6992,9.4180
2026-06-15 22:23:26,24.0000,14.6132,9.6974,9.3868
2026-06-15 22:23:28,24.0000,14.6642,9.6956,9.3358
2026-06-15 22:23:30,24.0000,14.6313,9.7227,9.3687
2026-06-15 22:23:32,24.0000,14.6296,9.6960,9.3704
2026-06-15 22:23:34,24.0000,14.6154,9.6951,9.3846
2026-06-15 22:23:36,24.0000,14.5827,9.7042,9.4173
2026-06-15 22:23:38,24.0000,14.5696,9.6922,9.4304
2026-06-15 22:23:40,24.0000,14.5609,9.7281,9.4391
2026-06-15 22:23:42,24.0000,14.5521,9.6956,9.4479
2026-06-15 22:23:44,24.0000,14.5482,9.6987,9.4518
2026-06-15 22:23:46,24.0000,14.5554,9.6989,9.4446
2026-06-15 22:23:48,24.0000,14.6369,9.6980,9.3631
2026-06-15 22:23:50,24.0000,14.6117,9.7287,9.3883
2026-06-15 22:23:56,24.0000,14.7959,9.7815,9.2041
2026-06-15 22:23:58,24.0000,14.7937,9.8020,9.2063
2026-06-15 22:24:00,24.0000,14.7648,9.7918,9.2352
2026-06-15 22:24:02,24.0000,14.7546,9.7897,9.2454
2026-06-15 22:24:04,24.0000,14.5867,9.6718,9.4133
2026-06-15 22:24:06,24.0000,14.5695,9.7000,9.4305
2026-06-15 22:24:08,24.0000,14.5595,9.6994,9.4405
2026-06-15 22:24:10,24.0000,14.5497,9.6990,9.4503
2026-06-15 22:24:12,24.0000,14.5491,9.6796,9.4509
2026-06-15 22:24:14,24.0000,14.5426,9.6805,9.4574
2026-06-15 22:24:16,24.0000,14.5298,9.6761,9.4702
2026-06-15 22:24:18,24.0000,14.5165,9.6537,9.4835
2026-06-15 22:24:20,24.0000,14.5797,9.7296,9.4203
2026-06-15 22:24:22,24.0000,14.5574,9.7294,9.4426
2026-06-15 22:24:24,24.0000,14.5195,9.7221,9.4805
2026-06-15 22:24:26,24.0000,14.5118,9.7217,9.4882
2026-06-15 22:24:28,24.0000,14.5083,9.7217,9.4917
2026-06-15 22:24:30,24.0000,14.5070,9.6650,9.4930
2026-06-15 22:24:32,24.0000,14.5062,9.6713,9.4938
2026-06-15 22:24:34,24.0000,14.5068,9.6803,9.4932
2026-06-15 22:24:36,24.0000,14.5087,9.6805,9.4913
2026-06-15 22:24:38,24.0000,14.4909,9.6734,9.5091
2026-06-15 22:24:40,24.0000,14.4920,9.6778,9.5080
2026-06-15 22:24:42,24.0000,14.4953,9.6649,9.5047
2026-06-15 22:24:44,24.0000,14.4928,9.6744,9.5072
2026-06-15 22:24:46,24.0000,14.4714,9.6705,9.5286
2026-06-15 22:24:48,24.0000,14.4657,9.6648,9.5343
2026-06-15 22:24:50,24.0000,14.4687,9.6647,9.5313
2026-06-15 22:24:52,24.0000,14.4684,9.6647,9.5316
2026-06-15 22:24:54,24.0000,14.4756,9.6528,9.5244
2026-06-15 22:24:59,24.0000,14.7497,9.7783,9.2503
2026-06-15 22:25:01,24.0000,14.7360,9.7838,9.2640
2026-06-15 22:25:03,24.0000,14.7125,9.7725,9.2875
2026-06-15 22:25:05,24.0000,14.7121,9.7715,9.2879
2026-06-15 22:25:07,24.0000,14.6419,9.6538,9.3581
2026-06-15 22:25:09,24.0000,14.6092,9.7388,9.3908
2026-06-15 22:25:11,24.0000,14.5890,9.6979,9.4110
2026-06-15 22:25:13,24.0000,14.5704,9.7012,9.4296
2026-06-15 22:25:15,24.0000,14.6114,9.7000,9.3886
2026-06-15 22:25:17,24.0000,14.6101,9.7169,9.3899
2026-06-15 22:25:35,24.0000,14.8027,9.7889,9.1973
2026-06-15 22:25:37,24.0000,14.7794,9.7987,9.2206
2026-06-15 22:25:39,24.0000,14.7517,9.7927,9.2483
2026-06-15 22:25:41,24.0000,14.7431,9.7920,9.2569
2026-06-15 22:25:43,24.0000,14.6441,9.7020,9.3559
2026-06-15 22:25:45,24.0000,14.6233,9.7336,9.3767
2026-06-15 22:25:47,24.0000,14.6060,9.7294,9.3940
2026-06-15 22:25:49,24.0000,14.5963,9.7286,9.4037
2026-06-15 22:25:51,24.0000,14.6274,9.7289,9.3726
2026-06-15 22:25:53,24.0000,14.5963,9.7256,9.4037
2026-06-15 22:25:55,24.0000,14.5732,9.7223,9.4268
2026-06-15 22:25:57,24.0000,14.5713,9.7223,9.4287
2026-06-15 22:25:59,24.0000,14.5653,9.7223,9.4347
2026-06-15 22:26:01,24.0000,14.5851,9.7223,9.4149
2026-06-15 22:26:03,24.0000,14.5836,9.7223,9.4164
2026-06-15 22:26:05,24.0000,14.5904,9.7147,9.4096
2026-06-15 22:26:07,24.0000,14.2959,9.6227,9.7041
2026-06-15 22:26:09,24.0000,14.2949,9.5967,9.7051
2026-06-15 22:26:11,24.0000,14.3557,9.6116,9.6443
2026-06-15 22:26:13,24.0000,14.3447,9.6380,9.6553
2026-06-15 22:26:15,24.0000,14.3370,9.6169,9.6630
2026-06-15 22:26:17,24.0000,14.3199,9.6240,9.6801
2026-06-15 22:26:19,24.0000,14.3146,9.6317,9.6854
2026-06-15 22:26:21,24.0000,14.3029,9.6227,9.6971
2026-06-15 22:26:23,24.0000,14.3723,9.6226,9.6277
2026-06-15 22:26:25,24.0000,14.3718,9.6343,9.6282
2026-06-15 22:26:27,24.0000,14.3620,9.6358,9.6380
2026-06-15 22:26:29,24.0000,14.3439,9.6369,9.6561
2026-06-15 22:26:31,24.0000,14.3569,9.6426,9.6431
2026-06-15 22:26:33,24.0000,14.3405,9.6408,9.6595
2026-06-15 22:26:35,24.0000,14.3300,9.6407,9.6700
2026-06-15 22:26:37,24.0000,14.3244,9.6399,9.6756
2026-06-15 22:26:39,24.0000,14.2897,9.6181,9.7103
2026-06-15 22:26:41,24.0000,14.2818,9.6168,9.7182
2026-06-15 22:26:43,24.0000,14.2753,9.6151,9.7247
2026-06-15 22:26:45,24.0000,14.2751,9.6146,9.7249
2026-06-15 22:26:47,24.0000,14.3232,9.6123,9.6768
2026-06-15 22:26:49,24.0000,14.3246,9.6355,9.6754
2026-06-15 22:26:51,24.0000,14.3066,9.6315,9.6934
2026-06-15 22:26:57,24.0000,14.5186,9.7125,9.4814
2026-06-15 22:26:59,24.0000,14.5067,9.7232,9.4933
2026-06-15 22:27:01,24.0000,14.4818,9.7184,9.5182
2026-06-15 22:27:03,24.0000,14.4745,9.7173,9.5255
2026-06-15 22:27:05,24.0000,14.3418,9.6079,9.6582
2026-06-15 22:27:07,24.0000,14.3605,9.6140,9.6395
2026-06-15 22:27:09,24.0000,14.4138,9.6693,9.5862
2026-06-15 22:27:11,24.0000,14.3871,9.6652,9.6129
2026-06-15 22:27:13,24.0000,14.3703,9.6625,9.6297
2026-06-15 22:27:15,24.0000,14.3567,9.6246,9.6433
2026-06-15 22:27:17,24.0000,14.3430,9.6198,9.6570
2026-06-15 22:27:19,24.0000,14.2928,9.6150,9.7072
2026-06-15 22:27:21,24.0000,14.2917,9.6154,9.7083
2026-06-15 22:27:23,24.0000,14.2811,9.6096,9.7189
2026-06-15 22:27:25,24.0000,14.2818,9.6095,9.7182
2026-06-15 22:27:27,24.0000,14.3044,9.5990,9.6956
2026-06-15 22:27:29,24.0000,14.3060,9.5996,9.6940
2026-06-15 22:27:31,24.0000,14.3084,9.5967,9.6916
2026-06-15 22:27:33,24.0000,14.3168,9.6202,9.6832
2026-06-15 22:27:35,24.0000,14.3078,9.6210,9.6922
2026-06-15 22:27:37,24.0000,14.3133,9.6213,9.6867
2026-06-15 22:27:39,24.0000,14.2973,9.6142,9.7027
2026-06-15 22:27:45,24.0000,14.5147,9.7207,9.4853
2026-06-15 22:27:47,24.0000,14.4858,9.7213,9.5142
2026-06-15 22:27:49,24.0000,14.4606,9.7121,9.5394
2026-06-15 22:27:51,24.0000,14.5249,9.6805,9.4751
2026-06-15 22:27:53,24.0000,14.4012,9.6362,9.5988
2026-06-15 22:27:55,24.0000,14.3773,9.7050,9.6227
2026-06-15 22:27:57,24.0000,14.3570,9.7057,9.6430
2026-06-15 22:27:59,24.0000,14.3402,9.6450,9.6598
2026-06-15 22:28:01,24.0000,14.3309,9.6416,9.6691
2026-06-15 22:28:03,24.0000,14.3050,9.6429,9.6950
2026-06-15 22:28:05,24.0000,14.2918,9.6348,9.7082
2026-06-15 22:28:07,24.0000,14.2918,9.6371,9.7082
2026-06-15 22:28:09,24.0000,14.2927,9.6421,9.7073
2026-06-15 22:28:11,24.0000,14.2850,9.6535,9.7150
2026-06-15 22:28:13,24.0000,14.2844,9.6533,9.7156
2026-06-15 22:28:15,24.0000,14.2971,9.5998,9.7029
2026-06-15 22:28:17,24.0000,14.2974,9.6041,9.7026
2026-06-15 22:28:19,24.0000,14.2993,9.6198,9.7007
2026-06-15 22:28:21,24.0000,14.2973,9.6222,9.7027
2026-06-15 22:28:23,24.0000,14.2972,9.6284,9.7028
2026-06-15 22:28:25,24.0000,14.2853,9.6419,9.7147
2026-06-15 22:28:27,24.0000,14.2874,9.6133,9.7126
2026-06-15 22:28:29,24.0000,14.2900,9.6150,9.7100
2026-06-15 22:28:31,24.0000,14.2871,9.6159,9.7129
2026-06-15 22:28:33,24.0000,14.2878,9.6221,9.7122
2026-06-15 22:28:35,24.0000,14.2803,9.6539,9.7197
2026-06-15 22:28:37,24.0000,14.2744,9.6380,9.7256
2026-06-15 22:28:39,24.0000,14.2519,9.6341,9.7481
2026-06-15 22:28:41,24.0000,14.2521,9.6424,9.7479
2026-06-15 22:28:43,24.0000,14.2519,9.6425,9.7481
2026-06-15 22:28:45,24.0000,14.2629,9.5952,9.7371
2026-06-15 22:28:47,24.0000,14.2642,9.5867,9.7358
2026-06-15 22:28:49,24.0000,14.2663,9.6022,9.7337
2026-06-15 22:28:51,24.0000,14.2665,9.6024,9.7335
2026-06-15 22:28:53,24.0000,14.2620,9.5856,9.7380
2026-06-15 22:28:55,24.0000,14.2637,9.6023,9.7363
2026-06-15 22:28:57,24.0000,14.2631,9.5798,9.7369
2026-06-15 22:28:59,24.0000,14.2653,9.5801,9.7347
2026-06-15 22:29:01,24.0000,14.2705,9.5851,9.7295
2026-06-15 22:29:03,24.0000,14.2699,9.5841,9.7301
2026-06-15 22:29:05,24.0000,14.2829,9.6056,9.7171
2026-06-15 22:29:07,24.0000,14.2484,9.6001,9.7516
2026-06-15 22:29:14,24.0000,14.5082,9.6945,9.4918
2026-06-15 22:29:16,24.0000,14.5004,9.7255,9.4996
2026-06-15 22:29:18,24.0000,14.4761,9.7183,9.5239
2026-06-15 22:29:20,24.0000,14.5162,9.7180,9.4838
2026-06-15 22:29:22,24.0000,14.4718,9.6573,9.5282
2026-06-15 22:29:24,24.0000,14.4583,9.6874,9.5417
2026-06-15 22:29:26,24.0000,14.4249,9.6841,9.5751
2026-06-15 22:29:28,24.0000,14.4414,9.6559,9.5586
2026-06-15 22:29:30,24.0000,14.4388,9.6514,9.5612
2026-06-15 22:29:32,24.0000,14.4296,9.6547,9.5704
2026-06-15 22:29:34,24.0000,14.3985,9.6499,9.6015
2026-06-15 22:29:36,24.0000,14.4458,9.6461,9.5542
2026-06-15 22:29:38,24.0000,14.4075,9.6727,9.5925
2026-06-15 22:29:40,24.0000,14.3995,9.6723,9.6005
2026-06-15 22:29:42,24.0000,14.3938,9.6723,9.6062
2026-06-15 22:29:44,24.0000,14.3899,9.6721,9.6101
2026-06-15 22:29:46,24.0000,14.3756,9.6730,9.6244
2026-06-15 22:29:48,24.0000,14.3792,9.6729,9.6208
2026-06-15 22:29:50,24.0000,14.3798,9.6726,9.6202
2026-06-15 22:29:52,24.0000,14.3719,9.6694,9.6281
2026-06-15 22:29:54,24.0000,14.3719,9.6696,9.6281
2026-06-15 22:29:56,24.0000,14.3754,9.6694,9.6246
2026-06-15 22:29:58,24.0000,14.3734,9.6697,9.6266
2026-06-15 22:30:00,24.0000,14.3734,9.6697,9.6266
2026-06-15 22:30:02,24.0000,14.3733,9.6698,9.6267
2026-06-15 22:30:04,24.0000,14.3735,9.6699,9.6265
2026-06-15 22:30:06,24.0000,14.3736,9.6700,9.6264
2026-06-15 22:30:08,24.0000,14.3735,9.6704,9.6265
2026-06-15 22:30:10,24.0000,14.3739,9.6704,9.6261
2026-06-15 22:30:12,24.0000,14.3677,9.6691,9.6323
2026-06-15 22:30:14,24.0000,14.3669,9.6690,9.6331
2026-06-15 22:30:16,24.0000,14.3674,9.6690,9.6326
2026-06-15 22:30:18,24.0000,14.3666,9.6689,9.6334
2026-06-15 22:30:20,24.0000,14.3670,9.6689,9.6330
2026-06-15 22:30:22,24.0000,14.3495,9.6608,9.6505
2026-06-15 22:30:24,24.0000,14.3493,9.6608,9.6507
2026-06-15 22:30:26,24.0000,14.3492,9.6608,9.6508
2026-06-15 22:30:28,24.0000,14.3472,9.6608,9.6528
2026-06-15 22:30:30,24.0000,14.3450,9.6608,9.6550
2026-06-15 22:30:32,24.0000,14.3447,9.6608,9.6553
2026-06-15 22:30:34,24.0000,14.3455,9.6609,9.6545
2026-06-15 22:30:36,24.0000,14.3456,9.6609,9.6544
2026-06-15 22:30:38,24.0000,14.3176,9.6430,9.6824
2026-06-15 22:30:40,24.0000,14.3175,9.6430,9.6825
2026-06-15 22:30:42,24.0000,14.3167,9.6429,9.6833
2026-06-15 22:30:44,24.0000,14.3161,9.6429,9.6839
2026-06-15 22:30:46,24.0000,14.3210,9.6431,9.6790
2026-06-15 22:30:48,24.0000,14.3214,9.6431,9.6786
2026-06-15 22:30:50,24.0000,14.3246,9.6455,9.6754
2026-06-15 22:30:52,24.0000,14.3251,9.6414,9.6749
2026-06-15 22:30:58,24.0000,14.6096,9.7639,9.3904
2026-06-15 22:31:00,24.0000,14.6037,9.7647,9.3963
2026-06-15 22:31:02,24.0000,14.5842,9.7577,9.4158
2026-06-15 22:31:04,24.0000,14.5785,9.7496,9.4215
2026-06-15 22:31:06,24.0000,14.4250,9.6485,9.5750
2026-06-15 22:31:08,24.0000,14.4088,9.6741,9.5912
2026-06-15 22:31:10,24.0000,14.3970,9.6728,9.6030
2026-06-15 22:31:12,24.0000,14.3863,9.6721,9.6137
2026-06-15 22:31:14,24.0000,14.3828,9.6440,9.6172
2026-06-15 22:31:16,24.0000,14.3714,9.6533,9.6286
2026-06-15 22:31:18,24.0000,14.3674,9.6523,9.6326
2026-06-15 22:31:20,24.0000,14.3806,9.6337,9.6194
2026-06-15 22:31:22,24.0000,14.3835,9.6617,9.6165
2026-06-15 22:31:24,24.0000,14.3787,9.6541,9.6213
2026-06-15 22:31:26,24.0000,14.3748,9.6524,9.6252
2026-06-15 22:31:28,24.0000,14.3741,9.6517,9.6259
2026-06-15 22:31:34,24.0000,14.6078,9.7630,9.3922
2026-06-15 22:31:36,24.0000,14.6238,9.7291,9.3762
2026-06-15 22:31:38,24.0000,14.6166,9.7774,9.3834
2026-06-15 22:31:40,24.0000,14.6060,9.7682,9.3940
2026-06-15 22:31:42,24.0000,14.4527,9.6514,9.5473
2026-06-15 22:31:44,24.0000,14.4282,9.6701,9.5718
2026-06-15 22:31:51,24.0000,14.5874,9.7307,9.4126
2026-06-15 22:31:53,24.0000,14.5585,9.7473,9.4415
2026-06-15 22:31:55,24.0000,14.5351,9.7407,9.4649
2026-06-15 22:31:57,24.0000,14.5308,9.7383,9.4692
2026-06-15 22:31:59,24.0000,14.3820,9.6341,9.6180
2026-06-15 22:32:01,24.0000,14.3601,9.6525,9.6399
2026-06-15 22:32:03,24.0000,14.3489,9.6527,9.6511
2026-06-15 22:32:05,24.0000,14.3399,9.6512,9.6601
2026-06-15 22:32:07,24.0000,14.3526,9.6427,9.6474
2026-06-15 22:32:09,24.0000,14.3677,9.6272,9.6323
2026-06-15 22:32:11,24.0000,14.4208,9.6720,9.5792
2026-06-15 22:32:13,24.0000,14.4016,9.6695,9.5984
2026-06-15 22:32:15,24.0000,14.3884,9.6688,9.6116
2026-06-15 22:32:17,24.0000,14.3812,9.6688,9.6188
2026-06-15 22:32:19,24.0000,14.3744,9.6688,9.6256
2026-06-15 22:32:25,24.0000,14.5812,9.7492,9.4188
2026-06-15 22:32:27,24.0000,14.5692,9.7479,9.4308
2026-06-15 22:32:29,24.0000,14.5464,9.7408,9.4536
2026-06-15 22:32:31,24.0000,14.5419,9.7101,9.4581
2026-06-15 22:32:37,24.0000,14.6109,9.7435,9.3891
2026-06-15 22:32:39,24.0000,14.6632,9.7368,9.3368
2026-06-15 22:32:41,24.0000,14.6248,9.7703,9.3752
2026-06-15 22:32:43,24.0000,14.6108,9.7689,9.3892
2026-06-15 22:32:45,24.0000,14.4419,9.6516,9.5581
2026-06-15 22:32:52,24.0000,14.5972,9.7620,9.4028
2026-06-15 22:32:54,24.0000,14.5739,9.7269,9.4261
2026-06-15 22:32:56,24.0000,14.5609,9.7488,9.4391
2026-06-15 22:32:58,24.0000,14.6034,9.7732,9.3966
2026-06-15 22:33:00,24.0000,14.4760,9.6622,9.5240
2026-06-15 22:33:02,24.0000,14.4590,9.7008,9.5410
2026-06-15 22:33:08,24.0000,14.6337,9.7649,9.3663
2026-06-15 22:33:10,24.0000,14.6043,9.7700,9.3957
2026-06-15 22:33:12,24.0000,14.5679,9.7561,9.4321
2026-06-15 22:33:14,24.0000,14.6416,9.7280,9.3584
2026-06-15 22:33:16,24.0000,14.4496,9.6733,9.5504
2026-06-15 22:33:18,24.0000,14.4597,9.6934,9.5403
2026-06-15 22:33:25,24.0000,14.6119,9.7487,9.3881
2026-06-15 22:33:27,24.0000,14.5813,9.7601,9.4187
2026-06-15 22:33:29,24.0000,14.5569,9.7552,9.4431
2026-06-15 22:33:31,24.0000,14.5480,9.7541,9.4520
2026-06-15 22:33:33,24.0000,14.3983,9.6644,9.6017
2026-06-15 22:33:35,24.0000,14.3793,9.6623,9.6207
2026-06-15 22:33:37,24.0000,14.4516,9.6401,9.5484
2026-06-15 22:33:39,24.0000,14.4249,9.6774,9.5751
2026-06-15 22:33:41,24.0000,14.4067,9.6780,9.5933
2026-06-15 22:33:43,24.0000,14.3762,9.6819,9.6238
2026-06-15 22:33:45,24.0000,14.3587,9.6812,9.6413
2026-06-15 22:33:47,24.0000,14.3655,9.6374,9.6345
2026-06-15 22:33:49,24.0000,14.5403,9.6798,9.4597
2026-06-15 22:33:51,24.0000,14.5357,9.7402,9.4643
2026-06-15 22:33:53,24.0000,14.5709,9.7388,9.4291
2026-06-15 22:33:55,24.0000,14.5650,9.7365,9.4350
2026-06-15 22:33:57,24.0000,14.7608,9.7232,9.2392
2026-06-15 22:33:59,24.0000,15.1068,9.9354,8.8932
2026-06-15 22:34:01,24.0000,15.2023,10.0036,8.7977
2026-06-15 22:34:03,24.0000,15.2492,10.0153,8.7508
2026-06-15 22:34:05,24.0000,15.2280,10.0681,8.7720
2026-06-15 22:34:07,24.0000,15.2260,10.0475,8.7740
2026-06-15 22:34:09,24.0000,15.9990,10.0350,8.0010
2026-06-15 22:34:11,24.0000,15.9979,10.0649,8.0021
2026-06-15 22:34:13,24.0000,16.1853,10.0100,7.8147
2026-06-15 22:34:15,24.0000,16.3669,9.9358,7.6331
2026-06-15 22:34:17,24.0000,16.3433,10.0797,7.6567
2026-06-15 22:34:19,24.0000,16.2828,10.0881,7.7172
2026-06-15 22:34:21,24.0000,16.2699,10.0876,7.7301
2026-06-15 22:34:23,24.0000,16.2636,10.0866,7.7364
2026-06-15 22:34:25,24.0000,16.2531,10.0859,7.7469
2026-06-15 22:34:27,24.0000,16.2168,10.0553,7.7832
2026-06-15 22:34:29,24.0000,16.2626,10.0289,7.7374
2026-06-15 22:34:31,24.0000,16.2097,10.0495,7.7903
2026-06-15 22:34:33,24.0000,16.2214,10.0289,7.7786
2026-06-15 22:34:35,24.0000,16.2030,10.0383,7.7970
2026-06-15 22:34:37,24.0000,16.1960,10.0384,7.8040
2026-06-15 22:34:39,24.0000,16.1611,10.0107,7.8389
2026-06-15 22:34:41,24.0000,16.1514,10.0120,7.8486
2026-06-15 22:34:43,24.0000,16.1327,10.0212,7.8673
2026-06-15 22:34:45,24.0000,16.1844,9.9906,7.8156
2026-06-15 22:34:47,24.0000,16.2674,9.9833,7.7326
2026-06-15 22:34:49,24.0000,16.2470,10.0852,7.7530
2026-06-15 22:34:51,24.0000,16.2059,9.9889,7.7941
2026-06-15 22:34:53,24.0000,16.1792,9.9534,7.8208
2026-06-15 22:34:55,24.0000,16.2540,10.0270,7.7460
2026-06-15 22:34:57,24.0000,16.2494,10.0268,7.7506
2026-06-15 22:34:59,24.0000,16.3980,10.0449,7.6020
2026-06-15 22:35:01,24.0000,16.4708,10.0484,7.5292
2026-06-15 22:35:03,24.0000,16.3339,10.0420,7.6661
2026-06-15 22:35:05,24.0000,16.4593,10.0066,7.5407
2026-06-15 22:35:07,24.0000,16.4542,9.9976,7.5458
2026-06-15 22:35:09,24.0000,16.4313,10.0782,7.5687
2026-06-15 22:35:11,24.0000,16.3935,10.1144,7.6065
2026-06-15 22:35:13,24.0000,16.4068,10.1175,7.5932
2026-06-15 22:35:15,24.0000,16.3845,10.1141,7.6155
2026-06-15 22:35:17,24.0000,16.3696,10.1100,7.6304
2026-06-15 22:35:19,24.0000,16.3537,10.1066,7.6463
2026-06-15 22:35:21,24.0000,16.3714,10.0513,7.6286
2026-06-15 22:35:23,24.0000,16.4333,10.0929,7.5667
2026-06-15 22:35:25,24.0000,16.4230,10.1038,7.5770
2026-06-15 22:35:27,24.0000,16.3715,10.0832,7.6285
2026-06-15 22:35:29,24.0000,16.3669,10.0936,7.6331
2026-06-15 22:35:31,24.0000,16.3596,10.0932,7.6404
2026-06-15 22:35:33,24.0000,16.3514,10.0742,7.6486
2026-06-15 22:35:35,24.0000,16.3543,10.0520,7.6457
2026-06-15 22:35:37,24.0000,16.4049,10.0696,7.5951
2026-06-15 22:35:39,24.0000,16.3934,10.0955,7.6066
2026-06-15 22:35:41,24.0000,16.3969,10.0730,7.6031
2026-06-15 22:35:43,24.0000,16.3338,10.0742,7.6662
2026-06-15 22:35:45,24.0000,16.3277,10.0737,7.6723
2026-06-15 22:35:47,24.0000,16.3828,10.0619,7.6172
2026-06-15 22:35:49,24.0000,16.3569,10.0814,7.6431
2026-06-15 22:35:51,24.0000,16.3315,10.0741,7.6685
2026-06-15 22:35:53,24.0000,16.3212,10.0662,7.6788
2026-06-15 22:35:55,24.0000,16.3151,10.0653,7.6849
2026-06-15 22:35:57,24.0000,16.3268,10.0635,7.6732
2026-06-15 22:35:59,24.0000,16.3167,10.0610,7.6833
2026-06-15 22:36:01,24.0000,16.3157,10.0611,7.6843
2026-06-15 22:36:03,24.0000,16.3064,10.0553,7.6936
2026-06-15 22:36:05,24.0000,16.3047,10.0641,7.6953
2026-06-15 22:36:07,24.0000,16.3046,10.0547,7.6954
2026-06-15 22:36:09,24.0000,16.3074,10.0534,7.6926
2026-06-15 22:36:11,24.0000,16.4191,10.0488,7.5809
2026-06-15 22:36:13,24.0000,16.4640,10.0889,7.5360
2026-06-15 22:36:15,24.0000,16.4308,10.1052,7.5692
2026-06-15 22:36:17,24.0000,16.4106,10.1052,7.5894
2026-06-15 22:36:19,24.0000,16.3987,10.1052,7.6013
2026-06-15 22:36:21,24.0000,16.3901,10.1050,7.6099
2026-06-15 22:36:23,24.0000,16.3651,10.0957,7.6349
2026-06-15 22:36:25,24.0000,16.4103,10.0844,7.5897
2026-06-15 22:36:27,24.0000,16.4327,10.0848,7.5673
2026-06-15 22:36:29,24.0000,16.4083,10.0894,7.5917
2026-06-15 22:36:31,24.0000,16.3987,10.0856,7.6013
2026-06-15 22:36:33,24.0000,16.4100,10.0885,7.5900
2026-06-15 22:36:39,24.0000,16.2456,10.0406,7.7544
2026-06-15 22:36:41,24.0000,16.2239,10.0416,7.7761
2026-06-15 22:36:43,24.0000,16.1966,10.0395,7.8034
2026-06-15 22:36:45,24.0000,16.1780,10.0213,7.8220
2026-06-15 22:36:47,24.0000,16.0344,9.9366,7.9656
2026-06-15 22:36:49,24.0000,16.0032,9.9408,7.9968
2026-06-15 22:36:51,24.0000,15.9932,9.9525,8.0068
2026-06-15 22:36:53,24.0000,16.0546,9.9380,7.9454
2026-06-15 22:36:55,24.0000,16.1408,9.9334,7.8592
2026-06-15 22:36:57,24.0000,16.0533,10.0159,7.9467
2026-06-15 22:36:59,24.0000,16.0316,10.0019,7.9684
2026-06-15 22:37:01,24.0000,16.0553,9.9987,7.9447
2026-06-15 22:37:03,24.0000,16.0438,10.0133,7.9562
2026-06-15 22:37:05,24.0000,16.0340,9.9982,7.9660
2026-06-15 22:37:07,24.0000,16.0282,10.0057,7.9718
2026-06-15 22:37:09,24.0000,16.0238,10.0121,7.9762
2026-06-15 22:37:11,24.0000,16.0150,9.9975,7.9850
2026-06-15 22:37:13,24.0000,16.0138,9.9960,7.9862
2026-06-15 22:37:15,24.0000,16.0460,9.9544,7.9540
2026-06-15 22:37:17,24.0000,16.0168,9.9457,7.9832
2026-06-15 22:37:19,24.0000,16.0096,9.9477,7.9904
2026-06-15 22:37:21,24.0000,16.0016,9.9813,7.9984
2026-06-15 22:37:23,24.0000,16.0508,9.9705,7.9492
2026-06-15 22:37:25,24.0000,16.0474,9.9752,7.9526
2026-06-15 22:37:27,24.0000,16.0415,9.9984,7.9585
2026-06-15 22:37:29,24.0000,16.0173,9.9653,7.9827
2026-06-15 22:37:31,24.0000,16.0165,9.9821,7.9835
2026-06-15 22:37:33,24.0000,15.9999,10.0360,8.0001
2026-06-15 22:37:35,24.0000,16.0195,9.9703,7.9805
2026-06-15 22:37:37,24.0000,15.9992,9.9812,8.0008
2026-06-15 22:37:39,24.0000,16.0189,9.9760,7.9811
2026-06-15 22:37:41,24.0000,15.9979,9.9844,8.0021
2026-06-15 22:37:47,24.0000,16.2359,10.0806,7.7641
2026-06-15 22:37:49,24.0000,16.2217,10.0848,7.7783
2026-06-15 22:37:51,24.0000,16.1915,10.0703,7.8085
2026-06-15 22:37:53,24.0000,16.1816,10.0672,7.8184
2026-06-15 22:37:55,24.0000,16.0526,9.9317,7.9474
2026-06-15 22:37:57,24.0000,16.1271,10.0211,7.8729
2026-06-15 22:37:59,24.0000,16.0945,10.0122,7.9055
2026-06-15 22:38:01,24.0000,16.0745,10.0073,7.9255
2026-06-15 22:38:03,24.0000,16.0793,10.0110,7.9207
2026-06-15 22:38:05,24.0000,16.0909,10.0130,7.9091
2026-06-15 22:38:11,24.0000,16.2678,10.0814,7.7322
2026-06-15 22:38:13,24.0000,16.2594,10.0777,7.7406
2026-06-15 22:38:15,24.0000,16.2360,10.0703,7.7640
2026-06-15 22:38:17,24.0000,16.2303,10.0690,7.7697
2026-06-15 22:38:19,24.0000,16.0776,9.9463,7.9224
2026-06-15 22:38:21,24.0000,16.0557,9.9645,7.9443
2026-06-15 22:38:23,24.0000,16.0426,9.9641,7.9574
2026-06-15 22:38:25,24.0000,16.0344,9.9632,7.9656
2026-06-15 22:38:27,24.0000,16.0491,9.9430,7.9509
2026-06-15 22:38:29,24.0000,16.1259,9.9295,7.8741
2026-06-15 22:38:31,24.0000,16.0905,10.0020,7.9095
2026-06-15 22:38:33,24.0000,16.0831,9.9952,7.9169
2026-06-15 22:38:39,24.0000,16.2752,10.0904,7.7248
2026-06-15 22:38:41,24.0000,16.2610,10.0820,7.7390
2026-06-15 22:38:43,24.0000,16.2377,10.0748,7.7623
2026-06-15 22:38:45,24.0000,16.2894,9.9991,7.7106
2026-06-15 22:38:47,24.0000,16.0903,9.9438,7.9097
2026-06-15 22:38:49,24.0000,16.0620,9.9673,7.9380
2026-06-15 22:38:51,24.0000,16.0448,9.9645,7.9552
2026-06-15 22:38:53,24.0000,16.0265,9.9630,7.9735
2026-06-15 22:38:55,24.0000,16.0580,9.9596,7.9420
2026-06-15 22:38:57,24.0000,16.0588,9.9591,7.9412
2026-06-15 22:38:59,24.0000,16.0517,9.9541,7.9483
2026-06-15 22:39:01,24.0000,16.0502,9.9600,7.9498
2026-06-15 22:39:03,24.0000,16.0366,9.9702,7.9634
2026-06-15 22:39:05,24.0000,16.0556,9.9625,7.9444
2026-06-15 22:39:07,24.0000,16.0445,9.9624,7.9555
2026-06-15 22:39:09,24.0000,16.0415,9.9133,7.9585
2026-06-15 22:39:11,24.0000,16.0357,9.9537,7.9643
2026-06-15 22:39:13,24.0000,16.0399,9.9525,7.9601
2026-06-15 22:39:15,24.0000,16.0406,9.9602,7.9594
2026-06-15 22:39:17,24.0000,16.0252,9.9582,7.9748
2026-06-15 22:39:19,24.0000,16.0349,9.9530,7.9651
2026-06-15 22:39:21,24.0000,16.0139,9.9505,7.9861
2026-06-15 22:39:23,24.0000,16.0250,9.9414,7.9750
2026-06-15 22:39:25,24.0000,16.0167,9.9454,7.9833
2026-06-15 22:39:27,24.0000,16.0006,9.9453,7.9994
2026-06-15 22:39:29,24.0000,15.9601,9.9166,8.0399
2026-06-15 22:39:31,24.0000,15.9549,9.9123,8.0451
2026-06-15 22:39:33,24.0000,15.9583,9.8987,8.0417
2026-06-15 22:39:35,24.0000,15.9446,9.9227,8.0554
2026-06-15 22:39:37,24.0000,15.9890,9.9059,8.0110
2026-06-15 22:39:39,24.0000,15.9803,9.9164,8.0197
2026-06-15 22:39:41,24.0000,15.9787,9.9220,8.0213
2026-06-15 22:39:43,24.0000,15.9432,9.8890,8.0568
2026-06-15 22:39:45,24.0000,15.9309,9.8959,8.0691
2026-06-15 22:39:47,24.0000,15.9503,9.9140,8.0497
2026-06-15 22:39:49,24.0000,15.9404,9.9176,8.0596
2026-06-15 22:39:51,24.0000,15.9362,9.8907,8.0638
2026-06-15 22:39:53,24.0000,15.9530,9.8998,8.0470
2026-06-15 22:39:55,24.0000,15.9492,9.9098,8.0508
2026-06-15 22:39:57,24.0000,15.9655,9.9228,8.0345
2026-06-15 22:39:59,24.0000,15.9567,9.9219,8.0433
2026-06-15 22:40:01,24.0000,15.9565,9.9224,8.0435
2026-06-15 22:40:03,24.0000,15.9555,9.9220,8.0445
2026-06-15 22:40:05,24.0000,15.9495,9.9188,8.0505
2026-06-15 22:40:07,24.0000,15.9490,9.9178,8.0510
2026-06-15 22:40:25,24.0000,16.2142,10.0337,7.7858
2026-06-15 22:40:27,24.0000,16.2000,10.0555,7.8000
2026-06-15 22:40:29,24.0000,16.2465,10.0006,7.7535
2026-06-15 22:40:31,24.0000,16.2309,10.0591,7.7691
2026-06-15 22:40:33,24.0000,16.1177,9.9417,7.8823
2026-06-15 22:40:35,24.0000,16.0748,9.9750,7.9252
2026-06-15 22:40:37,24.0000,16.0798,9.9464,7.9202
2026-06-15 22:40:39,24.0000,16.0714,9.9581,7.9286
2026-06-15 22:40:41,24.0000,16.0482,9.9651,7.9518
2026-06-15 22:40:43,24.0000,16.0310,9.9539,7.9690
2026-06-15 22:40:45,24.0000,16.0432,9.9450,7.9568
2026-06-15 22:40:47,24.0000,16.0313,9.9458,7.9687
2026-06-15 22:40:49,24.0000,16.0241,9.9524,7.9759
2026-06-15 22:40:51,24.0000,16.0191,9.9441,7.9809
2026-06-15 22:40:53,24.0000,16.0094,9.9415,7.9906
2026-06-15 22:40:55,24.0000,16.0229,9.9046,7.9771
2026-06-15 22:40:57,24.0000,16.0575,9.9235,7.9425
2026-06-15 22:40:59,24.0000,16.0633,9.9352,7.9367
2026-06-15 22:41:01,24.0000,16.0685,9.9541,7.9315
2026-06-15 22:41:03,24.0000,16.0623,9.9535,7.9377
2026-06-15 22:41:05,24.0000,16.0686,9.9382,7.9314
2026-06-15 22:41:07,24.0000,16.0465,9.9501,7.9535
2026-06-15 22:41:09,24.0000,16.0200,9.9454,7.9800
2026-06-15 22:41:11,24.0000,16.0477,9.9362,7.9523
2026-06-15 22:41:13,24.0000,16.0357,9.9471,7.9643
2026-06-15 22:41:15,24.0000,16.0182,9.9549,7.9818
2026-06-15 22:41:17,24.0000,15.9938,9.9824,8.0062
2026-06-15 22:41:19,24.0000,16.0017,9.9787,7.9983
2026-06-15 22:41:21,24.0000,16.0165,9.9115,7.9835
2026-06-15 22:41:23,24.0000,16.0210,9.9340,7.9790
2026-06-15 22:41:25,24.0000,16.0169,9.9326,7.9831
2026-06-15 22:41:27,24.0000,16.0138,9.9604,7.9862
2026-06-15 22:41:29,24.0000,15.9986,9.9640,8.0014
2026-06-15 22:41:31,24.0000,15.9900,9.9664,8.0100
2026-06-15 22:41:33,24.0000,15.9717,9.9344,8.0283
2026-06-15 22:41:35,24.0000,15.9711,9.8937,8.0289
2026-06-15 22:41:37,24.0000,15.9382,9.8958,8.0618
2026-06-15 22:41:39,24.0000,15.9367,9.8803,8.0633
2026-06-15 22:41:41,24.0000,15.9372,9.8923,8.0628
2026-06-15 22:42:47,24.0000,16.2961,10.0423,7.7039
2026-06-15 22:42:49,24.0000,16.2840,10.0544,7.7160
2026-06-15 22:42:51,24.0000,16.2645,10.0465,7.7355
2026-06-15 22:42:53,24.0000,16.2600,10.0434,7.7400
2026-06-15 22:42:55,24.0000,16.1132,9.9353,7.8868
2026-06-15 22:42:57,24.0000,16.0937,9.9635,7.9063
2026-06-15 22:42:59,24.0000,16.1825,9.9331,7.8175
2026-06-15 22:43:01,24.0000,16.1555,10.0085,7.8445
2026-06-15 22:43:03,24.0000,16.1335,10.0006,7.8665
2026-06-15 22:43:05,24.0000,16.1201,10.0063,7.8799
2026-06-15 22:43:07,24.0000,16.1237,9.9934,7.8763
2026-06-15 22:43:09,24.0000,16.1027,9.9977,7.8973
2026-06-15 22:43:11,24.0000,16.0959,9.9960,7.9041
2026-06-15 22:43:13,24.0000,16.0958,9.9953,7.9042
2026-06-15 22:43:15,24.0000,16.0996,9.9948,7.9004
2026-06-15 22:43:17,24.0000,16.0974,9.9555,7.9026
2026-06-15 22:43:24,24.0000,16.2825,10.0220,7.7175
2026-06-15 22:43:26,24.0000,16.2690,10.0459,7.7310
2026-06-15 22:43:28,24.0000,16.2473,10.0370,7.7527
2026-06-15 22:43:30,24.0000,16.2420,10.0371,7.7580
2026-06-15 22:43:32,24.0000,16.1046,9.9058,7.8954
2026-06-15 22:43:34,24.0000,16.1606,9.9899,7.8394
2026-06-15 22:43:36,24.0000,16.1319,9.9882,7.8681
2026-06-15 22:43:38,24.0000,16.1110,9.9863,7.8890
2026-06-15 22:43:40,24.0000,16.0961,9.9859,7.9039
2026-06-15 22:43:42,24.0000,16.0894,9.9857,7.9106
2026-06-15 22:43:44,24.0000,16.0663,9.9770,7.9337
2026-06-15 22:43:46,24.0000,16.0646,9.9765,7.9354
2026-06-15 22:43:48,24.0000,16.0669,9.9765,7.9331
2026-06-15 22:43:50,24.0000,16.0664,9.9768,7.9336
2026-06-15 22:43:52,24.0000,16.0662,9.9763,7.9338
2026-06-15 22:43:54,24.0000,16.0664,9.9374,7.9336
2026-06-15 22:43:56,24.0000,16.0647,9.9488,7.9353
2026-06-15 22:43:58,24.0000,16.0599,9.9446,7.9401
2026-06-15 22:44:00,24.0000,16.0592,9.9448,7.9408
2026-06-15 22:44:02,24.0000,16.0505,9.9638,7.9495
2026-06-15 22:44:04,24.0000,16.0539,9.9409,7.9461
2026-06-15 22:44:06,24.0000,16.0421,9.9362,7.9579
2026-06-15 22:44:08,24.0000,16.0422,9.9394,7.9578
2026-06-15 22:44:10,24.0000,16.0427,9.9354,7.9573
2026-06-15 22:44:12,24.0000,16.0417,9.9391,7.9583
2026-06-15 22:44:14,24.0000,16.0429,9.9409,7.9571
2026-06-15 22:44:16,24.0000,16.0345,9.9300,7.9655
2026-06-15 22:44:18,24.0000,16.0333,9.9310,7.9667
2026-06-15 22:44:20,24.0000,16.0324,9.9348,7.9676
2026-06-15 22:44:22,24.0000,16.0319,9.9327,7.9681
2026-06-15 22:44:24,24.0000,16.0327,9.9325,7.9673
2026-06-15 22:44:30,24.0000,16.2623,10.0393,7.7377
2026-06-15 22:44:32,24.0000,16.2484,10.0486,7.7516
2026-06-15 22:44:34,24.0000,16.2269,10.0383,7.7731
2026-06-15 22:44:36,24.0000,16.2226,10.0375,7.7774
2026-06-15 22:44:38,24.0000,16.0697,9.9202,7.9303
2026-06-15 22:44:40,24.0000,16.1164,9.9045,7.8836
2026-06-15 22:44:42,24.0000,16.1123,9.9729,7.8877
2026-06-15 22:44:44,24.0000,16.1144,9.9762,7.8856
2026-06-15 22:44:51,24.0000,16.2716,10.0359,7.7284
2026-06-15 22:44:53,24.0000,16.2748,10.0123,7.7252
2026-06-15 22:44:55,24.0000,16.1594,9.9927,7.8406
2026-06-15 22:44:57,24.0000,16.1421,9.9897,7.8579
2026-06-15 22:44:59,24.0000,15.9847,9.8822,8.0153
2026-06-15 22:45:01,24.0000,16.0003,9.8745,7.9997
2026-06-15 22:45:03,24.0000,16.0312,9.9434,7.9688
2026-06-15 22:45:05,24.0000,15.9926,9.9355,8.0074
2026-06-15 22:45:07,24.0000,15.9812,9.9487,8.0188
2026-06-15 22:45:09,24.0000,15.9860,9.9333,8.0140
2026-06-15 22:45:11,24.0000,15.9648,9.9230,8.0352
2026-06-15 22:45:13,24.0000,15.9453,9.9199,8.0547
2026-06-15 22:45:18,24.0000,16.1767,9.9944,7.8233
2026-06-15 22:45:20,24.0000,16.1678,10.0115,7.8322
2026-06-15 22:45:22,24.0000,16.1377,9.9973,7.8623
2026-06-15 22:45:24,24.0000,16.1315,9.9962,7.8685
2026-06-15 22:45:26,24.0000,15.9819,9.8911,8.0181
2026-06-15 22:45:28,24.0000,15.9637,9.8779,8.0363
2026-06-15 22:45:30,24.0000,16.0229,9.9467,7.9771
2026-06-15 22:45:32,24.0000,16.0069,9.9413,7.9931
2026-06-15 22:45:34,24.0000,15.9936,9.9396,8.0064
2026-06-15 22:45:36,24.0000,15.9961,9.9382,8.0039
2026-06-15 22:45:38,24.0000,15.9830,9.9336,8.0170
2026-06-15 22:45:40,24.0000,15.9960,9.9321,8.0040
2026-06-15 22:45:45,24.0000,16.2040,10.0270,7.7960
2026-06-15 22:45:47,24.0000,16.1916,10.0360,7.8084
2026-06-15 22:45:49,24.0000,16.1689,10.0276,7.8311
2026-06-15 22:45:51,24.0000,16.1615,10.0265,7.8385
2026-06-15 22:45:53,24.0000,16.0135,9.9148,7.9865
2026-06-15 22:45:55,24.0000,15.9865,9.9342,8.0135
2026-06-15 22:45:57,24.0000,15.9790,9.9326,8.0210
2026-06-15 22:45:59,24.0000,15.9736,9.8953,8.0264
2026-06-15 22:46:01,24.0000,16.0501,9.9635,7.9499
2026-06-15 22:46:03,24.0000,16.0124,9.9660,7.9876
2026-06-15 22:46:05,24.0000,15.9980,9.9654,8.0020
2026-06-15 22:46:07,24.0000,16.0146,9.9570,7.9854
2026-06-15 22:46:09,24.0000,16.0083,9.9567,7.9917
2026-06-15 22:46:11,24.0000,16.0001,9.9571,7.9999
2026-06-15 22:46:13,24.0000,15.9998,9.9653,8.0002
2026-06-15 22:46:15,24.0000,16.0128,9.9392,7.9872
2026-06-15 22:46:17,24.0000,15.9980,9.9579,8.0020
2026-06-15 22:46:19,24.0000,15.9967,9.9549,8.0033
2026-06-15 22:46:21,24.0000,15.9973,9.9552,8.0027
2026-06-15 22:46:23,24.0000,15.9969,9.9602,8.0031
2026-06-15 22:46:25,24.0000,15.9866,9.9613,8.0134
2026-06-15 22:46:27,24.0000,15.9862,9.9471,8.0138
2026-06-15 22:46:29,24.0000,15.9898,9.9137,8.0102
2026-06-15 22:46:31,24.0000,15.9883,9.9108,8.0117
2026-06-15 22:46:33,24.0000,15.9899,9.9146,8.0101
2026-06-15 22:46:35,24.0000,16.0522,9.9396,7.9478
2026-06-15 22:46:47,24.0000,16.2125,10.0275,7.7875
2026-06-15 22:46:49,24.0000,16.1974,10.0392,7.8026
2026-06-15 22:46:51,24.0000,16.1670,9.9921,7.8330
2026-06-15 22:46:53,24.0000,16.2247,10.0475,7.7753
2026-06-15 22:46:55,24.0000,16.0861,9.9264,7.9139
2026-06-15 22:46:57,24.0000,16.1028,9.9466,7.8972
2026-06-15 22:46:59,24.0000,16.0707,9.9594,7.9293
2026-06-15 22:47:01,24.0000,16.0655,9.9509,7.9345
2026-06-15 22:47:03,24.0000,16.0608,9.9612,7.9392
2026-06-15 22:47:39,24.0000,16.2150,10.0189,7.7850
2026-06-15 22:47:41,24.0000,16.1998,10.0314,7.8002
2026-06-15 22:47:43,24.0000,16.2466,9.9840,7.7534
2026-06-15 22:47:45,24.0000,16.2409,10.0410,7.7591
2026-06-15 22:47:47,24.0000,16.0980,9.9282,7.9020
2026-06-15 22:47:49,24.0000,16.0762,9.9465,7.9238
2026-06-15 22:47:51,24.0000,16.0577,9.9422,7.9423
2026-06-15 22:47:53,24.0000,16.0451,9.9409,7.9549
2026-06-15 22:47:59,24.0000,16.2343,10.0313,7.7657
2026-06-15 22:48:01,24.0000,16.2216,10.0352,7.7784
2026-06-15 22:48:03,24.0000,16.1932,10.0208,7.8068
2026-06-15 22:48:05,24.0000,16.1885,10.0200,7.8115
2026-06-15 22:48:07,24.0000,16.1224,9.8800,7.8776
2026-06-15 22:48:09,24.0000,16.0981,9.9531,7.9019
2026-06-15 22:48:11,24.0000,16.0736,9.9578,7.9264
2026-06-15 22:48:13,24.0000,16.0536,9.9851,7.9464
2026-06-15 22:48:15,24.0000,16.0484,9.9916,7.9516
2026-06-15 22:48:17,24.0000,16.0321,9.9608,7.9679
2026-06-15 22:48:19,24.0000,16.0753,9.9535,7.9247
2026-06-15 22:48:21,24.0000,16.0463,9.9528,7.9537
2026-06-15 22:48:23,24.0000,16.0360,9.9787,7.9640
2026-06-15 22:48:25,24.0000,16.0203,9.9771,7.9797
2026-06-15 22:48:27,24.0000,16.0113,9.9705,7.9887
2026-06-15 22:48:29,24.0000,16.0172,9.9596,7.9828
2026-06-15 22:48:31,24.0000,16.0106,9.9366,7.9894
2026-06-15 22:48:33,24.0000,16.0099,9.9640,7.9901
2026-06-15 22:48:35,24.0000,16.0108,9.9402,7.9892
2026-06-15 22:48:37,24.0000,16.0127,9.9400,7.9873
2026-06-15 22:48:39,24.0000,16.0140,9.9400,7.9860
2026-06-15 22:48:41,24.0000,16.0157,9.9396,7.9843
2026-06-15 22:48:43,24.0000,16.0139,9.9395,7.9861
2026-06-15 22:48:45,24.0000,16.0085,9.9380,7.9915
2026-06-15 22:48:47,24.0000,16.0102,9.9387,7.9898
2026-06-15 22:48:49,24.0000,15.9896,9.9245,8.0104
2026-06-15 22:48:51,24.0000,15.9769,9.9142,8.0231
2026-06-15 22:48:53,24.0000,16.0322,9.9167,7.9678
2026-06-15 22:48:55,24.0000,16.0164,9.9413,7.9836
2026-06-15 22:48:57,24.0000,16.0436,9.9324,7.9564
2026-06-15 22:48:59,24.0000,16.0123,9.9385,7.9877
2026-06-15 22:49:01,24.0000,16.0009,9.9380,7.9991
2026-06-15 22:49:03,24.0000,15.9934,9.9373,8.0066
2026-06-15 22:49:05,24.0000,15.9929,9.9192,8.0071
2026-06-15 22:49:07,24.0000,15.9824,9.9225,8.0176
2026-06-15 22:49:09,24.0000,15.9804,9.9178,8.0196
2026-06-15 22:49:11,24.0000,15.9480,9.9040,8.0520
2026-06-15 22:49:13,24.0000,15.9427,9.9053,8.0573
2026-06-15 22:49:15,24.0000,15.9422,9.9043,8.0578
2026-06-15 22:49:17,24.0000,15.9429,9.8929,8.0571
2026-06-15 22:49:19,24.0000,15.9431,9.9039,8.0569
2026-06-15 22:49:21,24.0000,15.9507,9.9062,8.0493
2026-06-15 22:49:23,24.0000,15.9398,9.9112,8.0602
2026-06-15 22:49:25,24.0000,15.9378,9.9192,8.0622
2026-06-15 22:49:27,24.0000,15.9369,9.9231,8.0631
2026-06-15 22:49:29,24.0000,15.9458,9.9042,8.0542
2026-06-15 22:49:31,24.0000,15.9490,9.9044,8.0510
2026-06-15 22:49:33,24.0000,16.0011,9.9267,7.9989
2026-06-15 22:49:35,24.0000,15.9779,9.9261,8.0221
2026-06-15 22:49:37,24.0000,15.9687,9.9258,8.0313
2026-06-15 22:49:39,24.0000,16.0163,9.9434,7.9837
2026-06-15 22:49:41,24.0000,16.0131,9.9429,7.9869
2026-06-15 22:49:43,24.0000,15.9923,9.9408,8.0077
2026-06-15 22:49:45,24.0000,15.9846,9.9409,8.0154
2026-06-15 22:49:47,24.0000,15.9849,9.9406,8.0151
2026-06-15 22:49:49,24.0000,15.9757,9.9376,8.0243
2026-06-15 22:49:51,24.0000,16.0083,9.9400,7.9917
2026-06-15 22:49:53,24.0000,16.0192,9.9297,7.9808
2026-06-15 22:49:55,24.0000,16.0210,9.9585,7.9790
2026-06-15 22:49:57,24.0000,16.0156,9.9627,7.9844
2026-06-15 22:50:02,24.0000,16.2640,10.0488,7.7360
2026-06-15 22:50:04,24.0000,16.2506,10.0558,7.7494
2026-06-15 22:50:06,24.0000,16.2175,10.0372,7.7825
2026-06-15 22:50:08,24.0000,16.2086,10.0355,7.7914
2026-06-15 22:50:10,24.0000,16.0769,9.9076,7.9231
2026-06-15 22:50:12,24.0000,16.1403,9.9288,7.8597
2026-06-15 22:50:14,24.0000,16.1175,9.9866,7.8825
2026-06-15 22:50:20,24.0000,16.2683,10.0467,7.7317
2026-06-15 22:50:22,24.0000,16.2388,10.0402,7.7612
2026-06-15 22:50:24,24.0000,16.2186,10.0325,7.7814
2026-06-15 22:50:26,24.0000,16.2207,10.0348,7.7793
2026-06-15 22:50:28,24.0000,16.0761,9.9285,7.9239
2026-06-15 22:50:30,24.0000,16.0450,9.9497,7.9550
2026-06-15 22:50:32,24.0000,16.0359,9.9491,7.9641
2026-06-15 22:50:34,24.0000,16.0259,9.9483,7.9741
2026-06-15 22:50:36,24.0000,16.0331,9.9351,7.9669
2026-06-15 22:50:38,24.0000,16.0958,9.9698,7.9042
2026-06-15 22:50:40,24.0000,16.0762,9.9719,7.9238
2026-06-15 22:50:42,24.0000,16.0698,9.9686,7.9302
2026-06-15 22:50:44,24.0000,16.0571,9.9636,7.9429
2026-06-15 22:50:46,24.0000,16.0546,9.9633,7.9454
2026-06-15 22:50:48,24.0000,16.0471,9.9618,7.9529
2026-06-15 22:50:50,24.0000,16.0461,9.9624,7.9539
2026-06-15 22:50:52,24.0000,16.0470,9.9624,7.9530
2026-06-15 22:50:54,24.0000,16.0489,9.9616,7.9511
2026-06-15 22:50:56,24.0000,16.0468,9.9616,7.9532
2026-06-15 22:50:58,24.0000,16.0470,9.9616,7.9530
2026-06-15 22:51:00,24.0000,16.0501,9.9617,7.9499
2026-06-15 22:51:02,24.0000,16.0383,9.9530,7.9617
2026-06-15 22:51:04,24.0000,16.0410,9.9546,7.9590
2026-06-15 22:51:06,24.0000,16.0367,9.9551,7.9633
2026-06-15 22:51:08,24.0000,16.0211,9.9706,7.9789
2026-06-15 22:51:10,24.0000,16.0003,9.9276,7.9997
2026-06-15 22:51:16,24.0000,16.2517,10.0262,7.7483
2026-06-15 22:51:18,24.0000,16.2288,10.0517,7.7712
2026-06-15 22:51:20,24.0000,16.2043,10.0430,7.7957
2026-06-15 22:51:22,24.0000,16.1949,10.0416,7.8051
2026-06-15 22:51:24,24.0000,16.0659,9.9348,7.9341
2026-06-15 22:51:26,24.0000,16.0422,9.9568,7.9578
2026-06-15 22:51:28,24.0000,16.0323,9.9554,7.9677
2026-06-15 22:51:30,24.0000,16.0149,9.9481,7.9851
2026-06-15 22:51:32,24.0000,16.0221,9.9405,7.9779
2026-06-15 22:51:34,24.0000,16.0226,9.9261,7.9774
2026-06-15 22:51:36,24.0000,16.0610,9.9141,7.9390
2026-06-15 22:51:38,24.0000,16.0561,9.9695,7.9439
2026-06-15 22:51:40,24.0000,16.0385,9.9619,7.9615
2026-06-15 22:51:42,24.0000,16.0244,9.9547,7.9756
2026-06-15 22:51:44,24.0000,16.0558,9.9667,7.9442
2026-06-15 22:51:46,24.0000,16.0649,9.9505,7.9351
2026-06-15 22:51:48,24.0000,16.0536,9.9781,7.9464
2026-06-15 22:51:50,24.0000,16.0399,9.9806,7.9601
2026-06-15 22:51:52,24.0000,16.0224,9.9826,7.9776
2026-06-15 22:51:54,24.0000,16.0335,9.9614,7.9665
2026-06-15 22:51:56,24.0000,16.0211,9.9605,7.9789
2026-06-15 22:51:58,24.0000,16.0588,9.9632,7.9412
2026-06-15 22:52:00,24.0000,16.0422,9.9610,7.9578
2026-06-15 22:52:02,24.0000,16.0564,9.9420,7.9436
2026-06-15 22:52:04,24.0000,16.0467,9.9675,7.9533
2026-06-15 22:52:06,24.0000,16.0346,9.9942,7.9654
2026-06-15 22:52:08,24.0000,16.0495,9.9796,7.9505
2026-06-15 22:52:10,24.0000,16.0373,9.9915,7.9627
2026-06-15 22:52:12,24.0000,16.0454,9.9862,7.9546
2026-06-15 22:52:14,24.0000,16.0470,9.9688,7.9530
2026-06-15 22:52:16,24.0000,16.0557,9.9570,7.9443
2026-06-15 22:52:18,24.0000,16.0526,9.9667,7.9474
2026-06-15 22:52:20,24.0000,16.0215,9.9605,7.9785
2026-06-15 22:52:22,24.0000,16.0100,9.9599,7.9900
2026-06-15 22:52:24,24.0000,16.0051,9.9568,7.9949
2026-06-15 22:52:26,24.0000,16.0059,9.9565,7.9941
2026-06-15 22:52:28,24.0000,15.9937,9.9550,8.0063
2026-06-15 22:52:30,24.0000,15.9922,9.9551,8.0078
2026-06-15 22:52:32,24.0000,15.9919,9.9552,8.0081
2026-06-15 22:52:34,24.0000,15.9911,9.9551,8.0089
2026-06-15 22:52:36,24.0000,15.9915,9.9552,8.0085
2026-06-15 22:52:38,24.0000,16.0472,9.9465,7.9528
2026-06-15 22:52:40,24.0000,16.0496,9.9469,7.9504
2026-06-15 22:52:42,24.0000,16.0353,9.9567,7.9647
2026-06-15 22:52:44,24.0000,16.0229,9.9540,7.9771
2026-06-15 22:52:46,24.0000,16.0283,9.9537,7.9717
2026-06-15 22:52:48,24.0000,16.0433,9.9624,7.9567
2026-06-15 22:52:50,24.0000,16.0443,9.9449,7.9557
2026-06-15 22:52:52,24.0000,16.0339,9.9556,7.9661
2026-06-15 22:52:54,24.0000,16.0201,9.9548,7.9799
2026-06-15 22:52:56,24.0000,16.0144,9.9262,7.9856
2026-06-15 22:52:58,24.0000,16.0549,9.9382,7.9451
2026-06-15 22:53:00,24.0000,16.0316,9.9339,7.9684
2026-06-15 22:53:02,24.0000,16.0188,9.9528,7.9812
2026-06-15 22:53:04,24.0000,16.0136,9.9521,7.9864
2026-06-15 22:53:06,24.0000,16.0137,9.9518,7.9863
2026-06-15 22:53:08,24.0000,15.9869,9.9370,8.0131
2026-06-15 22:53:10,24.0000,16.0359,9.9357,7.9641
2026-06-15 22:53:12,24.0000,16.0193,9.9527,7.9807
2026-06-15 22:53:14,24.0000,16.0068,9.9471,7.9932
2026-06-15 22:53:16,24.0000,15.9989,9.9469,8.0011
2026-06-15 22:53:18,24.0000,15.9970,9.9473,8.0030
2026-06-15 22:53:20,24.0000,15.9758,9.9554,8.0242
2026-06-15 22:53:22,24.0000,15.9739,9.9550,8.0261
2026-06-15 22:53:24,24.0000,15.9736,9.9549,8.0264
2026-06-15 22:53:26,24.0000,15.9649,9.9270,8.0351
2026-06-15 22:53:28,24.0000,15.9742,9.9339,8.0258
2026-06-15 22:53:30,24.0000,15.9853,9.9334,8.0147
2026-06-15 22:53:32,24.0000,15.9771,9.9331,8.0229
2026-06-15 22:53:34,24.0000,15.9766,9.9370,8.0234
2026-06-15 22:53:36,24.0000,15.9761,9.9408,8.0239
2026-06-15 22:53:38,24.0000,15.9759,9.9442,8.0241
2026-06-15 22:53:40,24.0000,15.9781,9.9487,8.0219
2026-06-15 22:53:42,24.0000,15.9804,9.9521,8.0196
2026-06-15 22:53:44,24.0000,15.9802,9.9544,8.0198
2026-06-15 22:53:46,24.0000,15.9821,9.9557,8.0179
2026-06-15 22:53:48,24.0000,15.9938,9.9371,8.0062
2026-06-15 22:53:50,24.0000,16.0479,9.9643,7.9521
2026-06-15 22:53:52,24.0000,16.0490,9.9561,7.9510
2026-06-15 22:53:54,24.0000,16.0346,9.9572,7.9654
2026-06-15 22:53:56,24.0000,16.0369,9.9609,7.9631
2026-06-15 22:53:58,24.0000,16.0619,9.9723,7.9381
2026-06-15 22:54:00,24.0000,16.0479,9.9724,7.9521
2026-06-15 22:54:02,24.0000,16.0418,9.9678,7.9582
2026-06-15 22:54:04,24.0000,16.0611,9.9698,7.9389
2026-06-15 22:54:06,24.0000,16.0675,9.9653,7.9325
2026-06-15 22:54:08,24.0000,16.0587,9.9726,7.9413
2026-06-15 22:54:10,24.0000,16.0458,9.9724,7.9542
2026-06-15 22:54:12,24.0000,16.0380,9.9683,7.9620
2026-06-15 22:54:14,24.0000,16.0320,9.9666,7.9680
2026-06-15 22:54:16,24.0000,16.0291,9.9665,7.9709
2026-06-15 22:54:18,24.0000,16.0195,9.9649,7.9805
2026-06-15 22:54:20,24.0000,16.0202,9.9649,7.9798
2026-06-15 22:54:22,24.0000,16.0185,9.9479,7.9815
2026-06-15 22:54:24,24.0000,16.0188,9.9321,7.9812
2026-06-15 22:54:26,24.0000,16.0193,9.9321,7.9807
2026-06-15 22:54:28,24.0000,16.0266,9.9346,7.9734
2026-06-15 22:54:30,24.0000,16.0172,9.9344,7.9828
2026-06-15 22:54:32,24.0000,16.0171,9.9381,7.9829
2026-06-15 22:54:34,24.0000,16.0193,9.9350,7.9807
2026-06-15 22:54:36,24.0000,16.0206,9.9326,7.9794
2026-06-15 22:54:38,24.0000,16.0195,9.9332,7.9805
2026-06-15 22:54:40,24.0000,15.9940,9.9288,8.0060
2026-06-15 22:54:42,24.0000,15.9937,9.9350,8.0063
2026-06-15 22:54:44,24.0000,15.9616,9.9041,8.0384
2026-06-15 22:54:46,24.0000,15.9702,9.9056,8.0298
2026-06-15 22:54:48,24.0000,15.9717,9.9052,8.0283
2026-06-15 22:55:11,24.0000,16.2160,10.0356,7.7840
2026-06-15 22:55:13,24.0000,16.2628,10.0033,7.7372
2026-06-15 22:55:15,24.0000,16.2289,10.0337,7.7711
2026-06-15 22:55:17,24.0000,16.2168,10.0306,7.7832
2026-06-15 22:55:19,24.0000,16.1206,9.9324,7.8794
2026-06-15 22:55:21,24.0000,16.0924,9.9753,7.9076
2026-06-15 22:55:23,24.0000,16.0643,9.9734,7.9357
2026-06-15 22:55:28,24.0000,16.2596,10.0620,7.7404
2026-06-15 22:55:30,24.0000,16.2227,10.0641,7.7773
2026-06-15 22:55:32,24.0000,16.2007,10.0563,7.7993
2026-06-15 22:55:34,24.0000,16.1963,10.0557,7.8037
2026-06-15 22:55:36,24.0000,16.0461,9.9444,7.9539
2026-06-15 22:55:38,24.0000,16.0315,9.9545,7.9685
2026-06-15 22:55:40,24.0000,16.0532,9.9281,7.9468
2026-06-15 22:55:42,24.0000,16.1517,9.9914,7.8483
2026-06-15 22:55:44,24.0000,16.1292,10.0067,7.8708
2026-06-15 22:55:46,24.0000,16.0959,10.0013,7.9041
2026-06-15 22:55:48,24.0000,16.0703,9.9949,7.9297
2026-06-15 22:55:50,24.0000,16.1264,9.9948,7.8736
2026-06-15 22:55:52,24.0000,16.1124,10.0248,7.8876
2026-06-15 22:55:54,24.0000,16.0930,10.0216,7.9070
2026-06-15 22:55:56,24.0000,16.0882,10.0210,7.9118
2026-06-15 22:55:58,24.0000,16.0829,9.9832,7.9171
2026-06-15 22:56:00,24.0000,16.0768,9.9874,7.9232
2026-06-15 22:56:02,24.0000,16.0653,9.9848,7.9347
2026-06-15 22:56:04,24.0000,16.0643,9.9845,7.9357
2026-06-15 22:56:06,24.0000,16.0564,10.0029,7.9436
2026-06-15 22:56:08,24.0000,16.0558,9.9796,7.9442
2026-06-15 22:56:10,24.0000,16.0446,9.9754,7.9554
2026-06-15 22:56:12,24.0000,16.0440,10.0151,7.9560
2026-06-15 22:56:14,24.0000,16.0456,9.9725,7.9544
2026-06-15 22:56:16,24.0000,16.0460,9.9771,7.9540
2026-06-15 22:56:18,24.0000,16.0461,9.9750,7.9539
2026-06-15 22:56:20,24.0000,16.0450,9.9727,7.9550
2026-06-15 22:56:22,24.0000,16.0485,9.9760,7.9515
2026-06-15 22:56:24,24.0000,16.0377,9.9690,7.9623
2026-06-15 22:56:26,24.0000,16.0392,9.9713,7.9608
2026-06-15 22:56:28,24.0000,16.0374,9.9692,7.9626
2026-06-15 22:56:30,24.0000,16.0379,9.9622,7.9621
2026-06-15 22:56:32,24.0000,16.0372,9.9712,7.9628
2026-06-15 22:56:34,24.0000,16.0388,9.9710,7.9612
2026-06-15 22:56:36,24.0000,16.0457,9.9702,7.9543
2026-06-15 22:56:38,24.0000,16.0142,9.9588,7.9858
2026-06-15 22:56:40,24.0000,16.0136,9.9621,7.9864
2026-06-15 22:56:42,24.0000,16.0036,9.9913,7.9964
2026-06-15 22:56:44,24.0000,15.9921,9.9464,8.0079
2026-06-15 22:56:46,24.0000,15.9893,9.9496,8.0107
2026-06-15 22:56:48,24.0000,15.9977,9.9478,8.0023
2026-06-15 22:56:50,24.0000,15.9982,9.9469,8.0018
2026-06-15 22:56:52,24.0000,15.9983,9.9474,8.0017
2026-06-15 22:56:54,24.0000,15.9979,9.9905,8.0021
2026-06-15 22:56:56,24.0000,16.0645,9.9831,7.9355
2026-06-15 22:56:58,24.0000,16.0680,9.9673,7.9320
2026-06-15 22:57:00,24.0000,16.0459,9.9574,7.9541
2026-06-15 22:57:02,24.0000,16.0599,9.9615,7.9401
2026-06-15 22:57:04,24.0000,16.0498,9.9651,7.9502
2026-06-15 22:57:06,24.0000,16.0471,9.9697,7.9529
2026-06-15 22:57:08,24.0000,16.0389,9.9732,7.9611
2026-06-15 22:57:10,24.0000,16.0351,9.9738,7.9649
2026-06-15 22:57:12,24.0000,16.0407,9.9744,7.9593
2026-06-15 22:57:14,24.0000,16.0527,9.9736,7.9473
2026-06-15 22:57:16,24.0000,16.0894,9.9963,7.9106
2026-06-15 22:57:18,24.0000,16.0666,9.9872,7.9334
2026-06-15 22:57:20,24.0000,16.0944,9.9794,7.9056
2026-06-15 22:57:22,24.0000,16.0796,9.9907,7.9204
2026-06-15 22:57:24,24.0000,16.0754,9.9933,7.9246
2026-06-15 22:57:26,24.0000,16.0633,9.9908,7.9367
2026-06-15 22:57:28,24.0000,16.0466,9.9845,7.9534
2026-06-15 22:57:30,24.0000,16.0413,9.9822,7.9587
2026-06-15 22:57:32,24.0000,16.0378,9.9805,7.9622
2026-06-15 22:57:34,24.0000,16.0885,9.9761,7.9115
2026-06-15 22:57:36,24.0000,16.0723,9.9919,7.9277
2026-06-15 22:57:38,24.0000,16.0677,9.9659,7.9323
2026-06-15 22:57:40,24.0000,16.0491,9.9763,7.9509
2026-06-15 22:57:42,24.0000,16.0437,9.9760,7.9563
2026-06-15 22:57:44,24.0000,16.0402,9.9756,7.9598
2026-06-15 22:57:49,24.0000,16.2873,10.0549,7.7127
2026-06-15 22:57:51,24.0000,16.2754,10.0720,7.7246
2026-06-15 22:57:53,24.0000,16.2529,10.0655,7.7471
2026-06-15 22:57:55,24.0000,16.3264,10.0024,7.6736
2026-06-15 22:57:57,24.0000,16.1117,9.9294,7.8883
2026-06-15 22:57:59,24.0000,16.0861,9.9645,7.9139
2026-06-15 22:58:01,24.0000,16.0816,9.9516,7.9184
2026-06-15 22:58:03,24.0000,16.0623,9.9482,7.9377
2026-06-15 22:58:05,24.0000,16.0529,9.9505,7.9471
2026-06-15 22:58:07,24.0000,16.0425,9.9185,7.9575
2026-06-15 22:58:09,24.0000,16.0278,9.9243,7.9722
2026-06-15 22:58:11,24.0000,16.0237,9.9245,7.9763
2026-06-15 22:58:13,24.0000,16.0205,9.9251,7.9795
2026-06-15 22:58:15,24.0000,16.0235,9.9284,7.9765
2026-06-15 22:58:17,24.0000,16.0172,9.9299,7.9828
2026-06-15 22:58:19,24.0000,16.0191,9.9138,7.9809
2026-06-15 22:58:21,24.0000,16.0175,9.9147,7.9825
2026-06-15 22:58:23,24.0000,16.0164,9.9692,7.9836
2026-06-15 22:58:25,24.0000,16.0170,9.9264,7.9830
2026-06-15 22:58:27,24.0000,16.0101,9.9235,7.9899
2026-06-15 22:58:29,24.0000,16.0124,9.9233,7.9876
2026-06-15 22:58:31,24.0000,16.0064,9.9215,7.9936
2026-06-15 22:58:33,24.0000,16.0066,9.9203,7.9934
2026-06-15 22:58:35,24.0000,16.0069,9.9214,7.9931
2026-06-15 22:58:37,24.0000,16.0044,9.9193,7.9956
2026-06-15 22:58:39,24.0000,15.9826,9.9112,8.0174
2026-06-15 22:58:41,24.0000,15.9719,9.9346,8.0281
2026-06-15 22:58:43,24.0000,15.9635,9.9325,8.0365
2026-06-15 22:58:45,24.0000,15.9633,9.9326,8.0367
2026-06-15 22:58:47,24.0000,15.9469,9.8848,8.0531
2026-06-15 22:58:49,24.0000,15.9471,9.8904,8.0529
2026-06-15 22:58:51,24.0000,15.9465,9.8919,8.0535
2026-06-15 22:58:53,24.0000,15.9568,9.8933,8.0432
2026-06-15 22:58:55,24.0000,15.9778,9.8906,8.0222
2026-06-15 22:58:57,24.0000,15.9790,9.8977,8.0210
2026-06-15 22:58:59,24.0000,15.9795,9.9073,8.0205
2026-06-15 22:59:01,24.0000,15.9801,9.9085,8.0199
2026-06-15 22:59:03,24.0000,15.9865,9.8865,8.0135
2026-06-15 22:59:05,24.0000,15.9894,9.8969,8.0106
2026-06-15 22:59:07,24.0000,15.9730,9.8872,8.0270
2026-06-15 22:59:09,24.0000,15.9725,9.9019,8.0275
2026-06-15 22:59:11,24.0000,15.9715,9.9066,8.0285
2026-06-15 22:59:13,24.0000,16.0304,9.9072,7.9696
2026-06-15 22:59:15,24.0000,16.0366,9.9193,7.9634
2026-06-15 22:59:17,24.0000,16.0142,9.9288,7.9858
2026-06-15 22:59:19,24.0000,16.0139,9.9295,7.9861
2026-06-15 22:59:21,24.0000,16.0211,9.9298,7.9789
2026-06-15 22:59:23,24.0000,16.0037,9.9277,7.9963
2026-06-15 22:59:25,24.0000,15.9958,9.8995,8.0042
2026-06-15 22:59:27,24.0000,15.9888,9.9151,8.0112
2026-06-15 22:59:29,24.0000,15.9887,9.9138,8.0113
2026-06-15 22:59:31,24.0000,15.9752,9.9117,8.0248
2026-06-15 22:59:33,24.0000,15.9752,9.9113,8.0248
2026-06-15 22:59:35,24.0000,15.9755,9.9103,8.0245
2026-06-15 22:59:37,24.0000,15.9749,9.9047,8.0251
2026-06-15 22:59:39,24.0000,15.9792,9.9038,8.0208
2026-06-15 22:59:41,24.0000,15.9925,9.9169,8.0075
2026-06-15 22:59:43,24.0000,16.0554,9.9318,7.9446
2026-06-15 22:59:45,24.0000,16.0344,9.9620,7.9656
2026-06-15 22:59:47,24.0000,16.0294,9.9603,7.9706
2026-06-15 22:59:49,24.0000,16.0680,9.9513,7.9320
2026-06-15 22:59:51,24.0000,16.0371,9.9642,7.9629
2026-06-15 22:59:53,24.0000,16.0278,9.9612,7.9722
2026-06-15 22:59:55,24.0000,16.0588,9.9424,7.9412
2026-06-15 22:59:57,24.0000,16.0565,9.9686,7.9435
2026-06-15 22:59:59,24.0000,16.0504,9.9693,7.9496
2026-06-15 23:00:01,24.0000,16.1469,9.9591,7.8531
2026-06-15 23:00:03,24.0000,16.1147,9.9989,7.8853
2026-06-15 23:00:05,24.0000,16.0910,9.9962,7.9090
2026-06-15 23:00:07,24.0000,16.0865,9.9949,7.9135
2026-06-15 23:00:09,24.0000,16.0657,9.9939,7.9343
2026-06-15 23:00:11,24.0000,16.0474,9.9897,7.9526
2026-06-15 23:00:13,24.0000,16.0317,9.9851,7.9683
2026-06-15 23:00:15,24.0000,16.0318,10.0068,7.9682
2026-06-15 23:00:17,24.0000,16.0062,9.9658,7.9938
2026-06-15 23:00:19,24.0000,16.0099,9.9656,7.9901
2026-06-15 23:00:21,24.0000,16.0077,9.9635,7.9923
2026-06-15 23:00:23,24.0000,16.0085,9.9336,7.9915
2026-06-15 23:00:25,24.0000,16.0053,9.9464,7.9947
2026-06-15 23:00:27,24.0000,16.0057,9.9514,7.9943
2026-06-15 23:00:29,24.0000,16.0061,9.9398,7.9939
2026-06-15 23:00:31,24.0000,16.0067,9.9477,7.9933
2026-06-15 23:00:33,24.0000,16.0303,9.9438,7.9697
2026-06-15 23:00:35,24.0000,16.0306,9.9612,7.9694
2026-06-15 23:00:37,24.0000,16.0235,9.9613,7.9765
2026-06-15 23:00:39,24.0000,16.0049,9.9601,7.9951
2026-06-15 23:00:41,24.0000,16.0085,9.9427,7.9915
2026-06-15 23:00:43,24.0000,16.0083,9.9524,7.9917
2026-06-15 23:00:45,24.0000,16.0109,9.9504,7.9891
2026-06-15 23:00:47,24.0000,16.0083,9.9520,7.9917
2026-06-15 23:00:49,24.0000,15.9908,9.9430,8.0092
2026-06-15 23:00:51,24.0000,15.9894,9.9463,8.0106
2026-06-15 23:00:53,24.0000,15.9919,9.9296,8.0081
2026-06-15 23:00:55,24.0000,15.9894,9.9284,8.0106
2026-06-15 23:00:57,24.0000,15.9895,9.9423,8.0105
2026-06-15 23:00:59,24.0000,15.9886,9.9436,8.0114
2026-06-15 23:01:01,24.0000,15.9874,9.9432,8.0126
2026-06-15 23:01:03,24.0000,16.0490,9.9261,7.9510
2026-06-15 23:01:05,24.0000,16.0274,9.9586,7.9726
2026-06-15 23:01:07,24.0000,16.0105,9.9572,7.9895
2026-06-15 23:01:09,24.0000,16.0092,9.9321,7.9908
2026-06-15 23:01:11,24.0000,16.0046,9.9505,7.9954
2026-06-15 23:01:13,24.0000,16.0083,9.9511,7.9917
2026-06-15 23:03:14,24.0000,16.2414,10.0493,7.7586
2026-06-15 23:03:16,24.0000,16.2382,10.0770,7.7618
2026-06-15 23:03:18,24.0000,16.2146,10.0698,7.7854
2026-06-15 23:03:20,24.0000,16.2086,10.0692,7.7914
2026-06-15 23:03:22,24.0000,16.1036,9.9533,7.8964
2026-06-15 23:03:24,24.0000,16.0635,9.9901,7.9365
2026-06-15 23:03:26,24.0000,16.0445,9.9899,7.9555
2026-06-15 23:03:28,24.0000,16.0281,9.9882,7.9719
2026-06-15 23:03:30,24.0000,16.0347,9.9743,7.9653
2026-06-15 23:03:32,24.0000,16.0218,9.9756,7.9782
2026-06-15 23:03:34,24.0000,16.0482,9.9684,7.9518
2026-06-15 23:05:34,24.0000,16.0510,9.9776,7.9490
2026-06-15 23:05:36,24.0000,16.0473,9.9943,7.9527
2026-06-15 23:05:38,24.0000,16.0354,9.9874,7.9646
2026-06-15 23:05:40,24.0000,16.0331,9.9863,7.9669
2026-06-15 23:06:45,24.0000,16.0705,9.9825,7.9295
2026-06-15 23:06:47,24.0000,16.0560,10.0049,7.9440
2026-06-15 23:06:49,24.0000,16.0362,9.9966,7.9638
2026-06-15 23:06:51,24.0000,16.1190,9.9608,7.8810
2026-06-15 23:06:53,24.0000,15.9521,9.9130,8.0479
2026-06-15 23:06:55,24.0000,15.9294,9.9394,8.0706
2026-06-15 23:06:57,24.0000,15.9580,9.8956,8.0420
2026-06-15 23:06:59,24.0000,15.8888,9.8998,8.1112
2026-06-15 23:07:01,24.0000,15.8795,9.9193,8.1205
2026-06-15 23:07:03,24.0000,15.8658,9.8908,8.1342
2026-06-15 23:07:05,24.0000,15.8455,9.8824,8.1545
2026-06-15 23:07:07,24.0000,15.8446,9.8886,8.1554
2026-06-15 23:07:09,24.0000,15.8476,9.8768,8.1524
2026-06-15 23:07:11,24.0000,15.8569,9.8764,8.1431
2026-06-15 23:07:13,24.0000,15.8389,9.8761,8.1611
2026-06-15 23:07:15,24.0000,15.8583,9.8786,8.1417
2026-06-15 23:07:17,24.0000,15.8395,9.8788,8.1605
2026-06-15 23:07:19,24.0000,15.8360,9.8781,8.1640
2026-06-15 23:07:21,24.0000,15.8396,9.8791,8.1604
2026-06-15 23:07:23,24.0000,15.8401,9.8799,8.1599
2026-06-15 23:07:25,24.0000,15.8295,9.8921,8.1705
2026-06-15 23:07:27,24.0000,15.8342,9.8977,8.1658
2026-06-15 23:07:29,24.0000,15.8343,9.8962,8.1657
2026-06-15 23:07:31,24.0000,15.8316,9.8965,8.1684
2026-06-15 23:07:33,24.0000,15.8453,9.8789,8.1547
2026-06-15 23:07:35,24.0000,15.8206,9.8928,8.1794
2026-06-15 23:07:37,24.0000,15.8197,9.8931,8.1803
2026-06-15 23:07:39,24.0000,15.8197,9.8912,8.1803
2026-06-15 23:07:41,24.0000,15.8185,9.8914,8.1815
2026-06-15 23:07:43,24.0000,15.7998,9.8824,8.2002
2026-06-15 23:07:45,24.0000,15.8034,9.8848,8.1966
2026-06-15 23:07:47,24.0000,15.7983,9.8821,8.2017
2026-06-15 23:07:49,24.0000,15.7953,9.8792,8.2047
2026-06-15 23:07:51,24.0000,15.7999,9.8767,8.2001
2026-06-15 23:07:53,24.0000,15.8122,9.8811,8.1878
2026-06-15 23:07:55,24.0000,15.8215,9.8837,8.1785
2026-06-15 23:07:57,24.0000,15.8248,9.8683,8.1752
2026-06-15 23:07:59,24.0000,15.8193,9.8737,8.1807
2026-06-15 23:08:01,24.0000,15.8191,9.8803,8.1809
2026-06-15 23:08:03,24.0000,15.8194,9.8637,8.1806
2026-06-15 23:08:05,24.0000,15.8362,9.8616,8.1638
2026-06-15 23:08:07,24.0000,15.8351,9.8841,8.1649
2026-06-15 23:08:09,24.0000,15.8108,9.8607,8.1892
2026-06-15 23:08:11,24.0000,15.8098,9.8617,8.1902
2026-06-15 23:08:13,24.0000,15.8083,9.8609,8.1917
2026-06-15 23:08:15,24.0000,15.8077,9.8667,8.1923
2026-06-15 23:08:17,24.0000,15.8109,9.8827,8.1891
2026-06-15 23:08:19,24.0000,15.8108,9.8816,8.1892
2026-06-15 23:08:21,24.0000,15.8292,9.8846,8.1708
2026-06-15 23:08:23,24.0000,15.8156,9.8851,8.1844
2026-06-15 23:08:25,24.0000,15.8070,9.8850,8.1930
2026-06-15 23:08:27,24.0000,15.8076,9.8911,8.1924
2026-06-15 23:08:29,24.0000,15.8499,9.8698,8.1501
2026-06-15 23:08:31,24.0000,15.8130,9.8635,8.1870
2026-06-15 23:08:33,24.0000,15.8233,9.8636,8.1767
2026-06-15 23:08:39,24.0000,16.0629,9.9897,7.9371
2026-06-15 23:08:41,24.0000,16.0529,9.9991,7.9471
2026-06-15 23:08:43,24.0000,16.0302,9.9919,7.9698
2026-06-15 23:08:45,24.0000,16.0232,9.9909,7.9768
2026-06-15 23:08:47,24.0000,15.8916,9.8867,8.1084
2026-06-15 23:08:49,24.0000,15.8656,9.9036,8.1344
2026-06-15 23:08:51,24.0000,15.8536,9.9032,8.1464
2026-06-15 23:08:53,24.0000,15.8436,9.9014,8.1564
2026-06-15 23:08:55,24.0000,15.8605,9.8953,8.1395
2026-06-15 23:08:57,24.0000,15.8576,9.9020,8.1424
2026-06-15 23:08:59,24.0000,15.8424,9.8979,8.1576
2026-06-15 23:09:01,24.0000,15.8439,9.8730,8.1561
2026-06-15 23:09:03,24.0000,15.8902,9.9324,8.1098
2026-06-15 23:09:05,24.0000,15.8808,9.8932,8.1192
2026-06-15 23:09:07,24.0000,15.8642,9.9097,8.1358
2026-06-15 23:09:09,24.0000,15.8612,9.9054,8.1388
2026-06-15 23:09:11,24.0000,15.8540,9.9066,8.1460
2026-06-15 23:09:13,24.0000,15.8447,9.9033,8.1553
2026-06-15 23:09:15,24.0000,15.8419,9.9044,8.1581
2026-06-15 23:09:17,24.0000,15.8451,9.8887,8.1549
2026-06-15 23:09:19,24.0000,15.8439,9.9044,8.1561
2026-06-15 23:09:21,24.0000,15.8406,9.9034,8.1594
2026-06-15 23:09:23,24.0000,15.8392,9.9026,8.1608
2026-06-15 23:09:25,24.0000,15.8389,9.9015,8.1611
2026-06-15 23:09:27,24.0000,15.8449,9.8961,8.1551
2026-06-15 23:09:29,24.0000,15.8248,9.8989,8.1752
2026-06-15 23:09:31,24.0000,15.8243,9.8968,8.1757
2026-06-15 23:09:33,24.0000,15.8218,9.8967,8.1782
2026-06-15 23:09:35,24.0000,15.8227,9.8952,8.1773
2026-06-15 23:09:37,24.0000,15.8216,9.8958,8.1784
2026-06-15 23:09:39,24.0000,15.8048,9.9088,8.1952
2026-06-15 23:09:41,24.0000,15.8074,9.8735,8.1926
2026-06-15 23:09:43,24.0000,15.8095,9.8829,8.1905
2026-06-15 23:09:45,24.0000,15.8071,9.8859,8.1929
2026-06-15 23:09:47,24.0000,15.8061,9.8856,8.1939
2026-06-15 23:09:53,24.0000,16.0616,9.9810,7.9384
2026-06-15 23:09:55,24.0000,16.0544,10.0021,7.9456
2026-06-15 23:09:57,24.0000,16.0308,9.9952,7.9692
2026-06-15 23:09:59,24.0000,16.0241,9.9941,7.9759
2026-06-15 23:10:01,24.0000,15.8938,9.8858,8.1062
2026-06-15 23:10:03,24.0000,15.8669,9.9053,8.1331
2026-06-15 23:10:05,24.0000,15.9493,9.8773,8.0507
2026-06-15 23:10:07,24.0000,15.9355,9.9415,8.0645
2026-06-15 23:10:09,24.0000,15.9147,9.9417,8.0853
2026-06-15 23:10:11,24.0000,15.9009,9.9433,8.0991
2026-06-15 23:10:13,24.0000,15.8849,9.9202,8.1151
2026-06-15 23:10:19,24.0000,16.0833,10.0126,7.9167
2026-06-15 23:10:21,24.0000,16.0738,10.0129,7.9262
2026-06-15 23:10:23,24.0000,16.0500,10.0063,7.9500
2026-06-15 23:10:25,24.0000,16.0444,10.0062,7.9556
2026-06-15 23:10:27,24.0000,15.8968,9.8948,8.1032
2026-06-15 23:10:29,24.0000,15.8721,9.9053,8.1279
2026-06-15 23:10:45,24.0000,16.0811,10.0115,7.9189
2026-06-15 23:10:47,24.0000,16.0734,10.0143,7.9266
2026-06-15 23:10:49,24.0000,16.0522,10.0064,7.9478
2026-06-15 23:10:51,24.0000,16.0458,10.0039,7.9542
2026-06-15 23:10:53,24.0000,15.9796,9.8659,8.0204
2026-06-15 23:10:55,24.0000,15.9896,9.9514,8.0104
2026-06-15 23:11:00,24.0000,16.1534,10.0245,7.8466
2026-06-15 23:11:02,24.0000,16.1359,10.0481,7.8641
2026-06-15 23:11:04,24.0000,16.0886,10.0339,7.9114
2026-06-15 23:11:06,24.0000,16.0802,10.0307,7.9198
2026-06-15 23:11:08,24.0000,15.9308,9.9158,8.0692
2026-06-15 23:11:10,24.0000,15.9087,9.9336,8.0913
2026-06-15 23:11:12,24.0000,15.9501,9.8871,8.0499
2026-06-15 23:11:14,24.0000,15.9338,9.9448,8.0662
2026-06-15 23:11:16,24.0000,15.9424,9.9463,8.0576
2026-06-15 23:11:18,24.0000,15.9206,9.9467,8.0794
2026-06-15 23:11:37,24.0000,16.1470,10.0520,7.8530
2026-06-15 23:11:39,24.0000,16.1214,10.0515,7.8786
2026-06-15 23:11:41,24.0000,16.0810,10.0394,7.9190
2026-06-15 23:11:43,24.0000,16.0661,10.0362,7.9339
2026-06-15 23:11:45,24.0000,15.8993,9.9073,8.1007
2026-06-15 23:11:47,24.0000,15.8708,9.9238,8.1292
2026-06-15 23:11:49,24.0000,15.9118,9.9174,8.0882
2026-06-15 23:12:05,24.0000,16.0843,10.0141,7.9157
2026-06-15 23:12:07,24.0000,16.0769,10.0246,7.9231
2026-06-15 23:12:09,24.0000,16.0555,10.0131,7.9445
2026-06-15 23:12:11,24.0000,16.0504,10.0115,7.9496
2026-06-15 23:12:13,24.0000,15.9057,9.9076,8.0943
2026-06-15 23:12:15,24.0000,15.8752,9.9236,8.1248
2026-06-15 23:13:42,24.0000,16.0715,9.9978,7.9285
2026-06-15 23:13:44,24.0000,16.0640,10.0091,7.9360
2026-06-15 23:13:46,24.0000,16.0468,10.0064,7.9532
2026-06-15 23:13:48,24.0000,16.0432,10.0084,7.9568
2026-06-15 23:13:50,24.0000,15.9061,9.8998,8.0939
2026-06-15 23:13:52,24.0000,15.9752,9.8990,8.0248
2026-06-15 23:13:54,24.0000,15.9493,9.9565,8.0507
2026-06-15 23:13:56,24.0000,15.9269,9.9518,8.0731
2026-06-15 23:13:58,24.0000,15.9142,9.9376,8.0858
2026-06-15 23:14:00,24.0000,15.9060,9.9392,8.0940
2026-06-15 23:14:02,24.0000,15.8842,9.9338,8.1158
2026-06-15 23:14:04,24.0000,15.8875,9.9299,8.1125
2026-06-15 23:14:06,24.0000,15.8871,9.9304,8.1129
2026-06-15 23:14:08,24.0000,15.8881,9.9264,8.1119
2026-06-15 23:14:10,24.0000,15.8756,9.9264,8.1244
2026-06-15 23:14:12,24.0000,15.8789,9.9201,8.1211
2026-06-15 23:14:14,24.0000,15.8782,9.9201,8.1218
2026-06-15 23:14:16,24.0000,15.8777,9.9200,8.1223
2026-06-15 23:14:18,24.0000,15.8759,9.9278,8.1241
2026-06-15 23:14:20,24.0000,15.8769,9.9276,8.1231
2026-06-15 23:14:22,24.0000,15.8637,9.9240,8.1363
2026-06-15 23:14:24,24.0000,15.8670,9.9147,8.1330
2026-06-15 23:14:30,24.0000,16.1097,10.0154,7.8903
2026-06-15 23:14:32,24.0000,16.0924,10.0306,7.9076
2026-06-15 23:14:34,24.0000,16.0668,10.0236,7.9332
2026-06-15 23:14:36,24.0000,16.0573,10.0230,7.9427
2026-06-15 23:14:38,24.0000,15.9097,9.9135,8.0903
2026-06-15 23:14:40,24.0000,15.8878,9.9324,8.1122
2026-06-15 23:14:42,24.0000,15.8762,9.9231,8.1238
2026-06-15 23:14:44,24.0000,15.8667,9.9194,8.1333
2026-06-15 23:14:46,24.0000,15.8965,9.8951,8.1035
2026-06-15 23:14:48,24.0000,15.9450,9.9455,8.0550
2026-06-15 23:14:50,24.0000,15.9148,9.9489,8.0852
2026-06-15 23:14:52,24.0000,15.8960,9.9411,8.1040
2026-06-15 23:14:54,24.0000,15.8879,9.9381,8.1121
2026-06-15 23:14:56,24.0000,15.8837,9.9375,8.1163
2026-06-15 23:14:58,24.0000,15.8632,9.9283,8.1368
2026-06-15 23:15:00,24.0000,15.8643,9.9287,8.1357
2026-06-15 23:15:02,24.0000,15.8642,9.9278,8.1358
2026-06-15 23:15:04,24.0000,15.8688,9.9270,8.1312
2026-06-15 23:15:06,24.0000,15.8715,9.9259,8.1285
2026-06-15 23:15:08,24.0000,15.8693,9.9332,8.1307
2026-06-15 23:15:10,24.0000,15.8757,9.9321,8.1243
2026-06-15 23:15:12,24.0000,15.8625,9.9273,8.1375
2026-06-15 23:15:14,24.0000,15.8636,9.9279,8.1364
2026-06-15 23:15:16,24.0000,15.8621,9.9296,8.1379
2026-06-15 23:15:18,24.0000,15.8622,9.9305,8.1378
2026-06-15 23:15:20,24.0000,15.8293,9.9119,8.1707
2026-06-15 23:15:22,24.0000,15.8237,9.9097,8.1763
2026-06-15 23:15:24,24.0000,15.8338,9.9128,8.1662
2026-06-15 23:15:26,24.0000,15.8454,9.9148,8.1546
2026-06-15 23:15:28,24.0000,15.8413,9.9156,8.1587
2026-06-15 23:15:30,24.0000,15.8919,9.9420,8.1081
2026-06-15 23:15:32,24.0000,15.8762,9.9396,8.1238
2026-06-15 23:15:34,24.0000,15.8930,9.9192,8.1070
2026-06-15 23:15:36,24.0000,15.8813,9.9385,8.1187
2026-06-15 23:15:38,24.0000,15.8673,9.9388,8.1327
2026-06-15 23:15:40,24.0000,15.8667,9.9385,8.1333
2026-06-15 23:15:42,24.0000,15.8587,9.9379,8.1413
2026-06-15 23:15:44,24.0000,15.8561,9.9392,8.1439
2026-06-15 23:15:46,24.0000,15.8453,9.9377,8.1547
2026-06-15 23:15:48,24.0000,15.8355,9.9472,8.1645
2026-06-15 23:15:50,24.0000,15.8470,9.9377,8.1530
2026-06-15 23:15:52,24.0000,15.8437,9.9273,8.1563
2026-06-15 23:15:54,24.0000,15.8435,9.9272,8.1565
2026-06-15 23:15:56,24.0000,15.8464,9.9104,8.1536
2026-06-15 23:15:58,24.0000,15.8452,9.9149,8.1548
2026-06-15 23:16:00,24.0000,15.8417,9.9219,8.1583
2026-06-15 23:16:02,24.0000,15.8395,9.9219,8.1605
2026-06-15 23:16:04,24.0000,15.8390,9.9217,8.1610
2026-06-15 23:16:06,24.0000,15.8395,9.9308,8.1605
2026-06-15 23:16:08,24.0000,15.8282,9.9530,8.1718
2026-06-15 23:16:10,24.0000,15.8289,9.9149,8.1711
2026-06-15 23:16:12,24.0000,15.8251,9.9135,8.1749
2026-06-15 23:16:14,24.0000,15.8242,9.9134,8.1758
2026-06-15 23:16:16,24.0000,15.8237,9.9131,8.1763
2026-06-15 23:16:18,24.0000,15.8255,9.9121,8.1745
2026-06-15 23:16:20,24.0000,15.8233,9.9177,8.1767
2026-06-15 23:16:22,24.0000,15.8228,9.9183,8.1772
2026-06-15 23:16:24,24.0000,15.8227,9.9268,8.1773
2026-06-15 23:16:26,24.0000,15.8294,9.9321,8.1706
2026-06-15 23:16:28,24.0000,15.8292,9.9335,8.1708
2026-06-15 23:16:30,24.0000,15.8300,9.9140,8.1700
2026-06-15 23:16:32,24.0000,15.8306,9.9138,8.1694
2026-06-15 23:16:34,24.0000,15.8284,9.9146,8.1716
2026-06-15 23:16:36,24.0000,15.8292,9.9143,8.1708
2026-06-15 23:16:38,24.0000,15.8312,9.9200,8.1688
2026-06-15 23:16:40,24.0000,15.8330,9.9162,8.1670
2026-06-15 23:16:42,24.0000,15.8320,9.9021,8.1680
2026-06-15 23:16:44,24.0000,15.8314,9.9151,8.1686
2026-06-15 23:16:46,24.0000,15.8294,9.9150,8.1706
2026-06-15 23:16:48,24.0000,15.8454,9.9169,8.1546
2026-06-15 23:16:50,24.0000,15.8272,9.9138,8.1728
2026-06-15 23:16:52,24.0000,15.8940,9.9124,8.1060
2026-06-15 23:16:54,24.0000,15.8779,9.9357,8.1221
2026-06-15 23:17:03,24.0000,16.0911,10.0144,7.9089
2026-06-15 23:17:05,24.0000,16.0818,10.0320,7.9182
2026-06-15 23:17:07,24.0000,16.0590,10.0238,7.9410
2026-06-15 23:17:09,24.0000,16.0495,10.0223,7.9505
2026-06-15 23:17:11,24.0000,15.9336,9.8790,8.0664
2026-06-15 23:17:13,24.0000,15.9722,9.9108,8.0278
2026-06-15 23:17:15,24.0000,15.9484,9.9786,8.0516
2026-06-15 23:17:17,24.0000,15.9224,9.9718,8.0776
2026-06-15 23:17:19,24.0000,15.9097,9.9711,8.0903
2026-06-15 23:17:21,24.0000,15.9019,9.9705,8.0981
2026-06-15 23:17:23,24.0000,15.8741,9.9649,8.1259
2026-06-15 23:17:25,24.0000,15.8735,9.9643,8.1265
2026-06-15 23:17:27,24.0000,15.8750,9.9642,8.1250
2026-06-15 23:17:29,24.0000,15.8731,9.9641,8.1269
2026-06-15 23:17:31,24.0000,15.8659,9.9565,8.1341
2026-06-15 23:17:33,24.0000,15.8679,9.9323,8.1321
2026-06-15 23:17:35,24.0000,15.8656,9.9343,8.1344
2026-06-15 23:17:37,24.0000,15.8660,9.9366,8.1340
2026-06-15 23:17:39,24.0000,15.8655,9.9364,8.1345
2026-06-15 23:17:41,24.0000,15.8802,9.9424,8.1198
2026-06-15 23:17:43,24.0000,15.8819,9.9396,8.1181
2026-06-15 23:17:45,24.0000,15.8929,9.9455,8.1071
2026-06-15 23:17:47,24.0000,15.8917,9.9443,8.1083
2026-06-15 23:17:49,24.0000,15.8918,9.9441,8.1082
2026-06-15 23:17:51,24.0000,15.9013,9.9497,8.0987
2026-06-15 23:17:53,24.0000,15.9148,9.9365,8.0852
2026-06-15 23:17:55,24.0000,15.8935,9.9361,8.1065
2026-06-15 23:17:57,24.0000,15.8998,9.9507,8.1002
2026-06-15 23:17:59,24.0000,15.8959,9.9511,8.1041
2026-06-15 23:18:01,24.0000,15.8846,9.9436,8.1154
2026-06-15 23:18:03,24.0000,15.8842,9.9430,8.1158
2026-06-15 23:18:05,24.0000,15.8844,9.9418,8.1156
2026-06-15 23:18:07,24.0000,15.8863,9.9345,8.1137
2026-06-15 23:18:09,24.0000,15.8935,9.9259,8.1065
2026-06-15 23:18:11,24.0000,15.8688,9.9337,8.1312
2026-06-15 23:18:13,24.0000,15.8682,9.9352,8.1318
2026-06-15 23:18:15,24.0000,15.8674,9.9350,8.1326
2026-06-15 23:18:17,24.0000,15.8676,9.9347,8.1324
2026-06-15 23:18:19,24.0000,15.8649,9.9346,8.1351
2026-06-15 23:18:21,24.0000,15.8659,9.9217,8.1341
2026-06-15 23:18:23,24.0000,15.8660,9.9224,8.1340
2026-06-15 23:18:25,24.0000,15.8670,9.9219,8.1330
2026-06-15 23:18:27,24.0000,15.8685,9.9219,8.1315
2026-06-15 23:18:29,24.0000,15.8682,9.9218,8.1318
2026-06-15 23:18:31,24.0000,15.8666,9.9214,8.1334
2026-06-15 23:18:33,24.0000,15.8667,9.9245,8.1333
2026-06-15 23:18:35,24.0000,15.8664,9.9225,8.1336
2026-06-15 23:18:37,24.0000,15.8677,9.9215,8.1323
2026-06-15 23:18:39,24.0000,15.8691,9.9232,8.1309
2026-06-15 23:18:41,24.0000,15.8692,9.9302,8.1308
2026-06-15 23:18:43,24.0000,15.8684,9.9341,8.1316
2026-06-15 23:18:45,24.0000,15.8662,9.9335,8.1338
2026-06-15 23:18:47,24.0000,15.8659,9.9330,8.1341
2026-06-15 23:18:49,24.0000,15.8658,9.9346,8.1342
2026-06-15 23:18:51,24.0000,15.8662,9.9344,8.1338
2026-06-15 23:18:53,24.0000,15.8693,9.9245,8.1307
2026-06-15 23:18:55,24.0000,15.8676,9.9363,8.1324
2026-06-15 23:18:57,24.0000,15.8759,9.9244,8.1241
2026-06-15 23:18:59,24.0000,15.8758,9.9230,8.1242
2026-06-15 23:19:01,24.0000,15.8925,9.9231,8.1075
2026-06-15 23:19:03,24.0000,15.8733,9.9283,8.1267
2026-06-15 23:19:05,24.0000,15.8874,9.9091,8.1126
2026-06-15 23:19:07,24.0000,15.9308,9.9382,8.0692
2026-06-15 23:19:09,24.0000,15.9175,9.9415,8.0825
2026-06-15 23:19:11,24.0000,15.9078,9.9496,8.0922
2026-06-15 23:19:13,24.0000,15.8976,9.9348,8.1024
2026-06-15 23:19:15,24.0000,15.8929,9.9510,8.1071
2026-06-15 23:19:17,24.0000,15.8867,9.9348,8.1133
2026-06-15 23:19:19,24.0000,15.8835,9.9437,8.1165
2026-06-15 23:19:21,24.0000,15.8821,9.9452,8.1179
2026-06-15 23:19:23,24.0000,15.8832,9.9452,8.1168
2026-06-15 23:19:25,24.0000,15.8845,9.9445,8.1155
2026-06-15 23:19:27,24.0000,15.8864,9.9309,8.1136
2026-06-15 23:19:29,24.0000,15.8866,9.9431,8.1134
2026-06-15 23:19:31,24.0000,15.8836,9.9329,8.1164
2026-06-15 23:19:33,24.0000,15.8864,9.9440,8.1136
2026-06-15 23:19:35,24.0000,15.8871,9.9321,8.1129
2026-06-15 23:19:37,24.0000,15.8863,9.9460,8.1137
2026-06-15 23:19:39,24.0000,15.8701,9.9247,8.1299
2026-06-15 23:19:41,24.0000,15.8675,9.9266,8.1325
2026-06-15 23:19:43,24.0000,15.8665,9.9262,8.1335
2026-06-15 23:19:45,24.0000,15.8656,9.9372,8.1344
2026-06-15 23:19:47,24.0000,15.8647,9.9230,8.1353
2026-06-15 23:19:49,24.0000,15.8659,9.9278,8.1341
2026-06-15 23:19:51,24.0000,15.8561,9.9331,8.1439
2026-06-15 23:19:53,24.0000,15.8558,9.9232,8.1442
2026-06-15 23:19:59,24.0000,16.1363,10.0632,7.8637
2026-06-15 23:20:01,24.0000,16.1294,10.0699,7.8706
2026-06-15 23:20:03,24.0000,16.1060,10.0609,7.8940
2026-06-15 23:20:05,24.0000,16.0936,10.0588,7.9064
2026-06-15 23:20:07,24.0000,15.9515,9.9453,8.0485
2026-06-15 23:20:09,24.0000,16.0160,9.9401,7.9840
2026-06-15 23:20:11,24.0000,15.9886,9.9966,8.0114
2026-06-15 23:20:13,24.0000,15.9711,9.9939,8.0289
2026-06-15 23:20:15,24.0000,15.9507,9.9984,8.0493
2026-06-15 23:20:17,24.0000,15.9378,9.9855,8.0622
2026-06-15 23:20:19,24.0000,15.9199,9.9812,8.0801
2026-06-15 23:20:21,24.0000,15.9259,9.9795,8.0741
2026-06-15 23:20:23,24.0000,15.9319,9.9794,8.0681
2026-06-15 23:20:25,24.0000,15.9241,9.9794,8.0759
2026-06-15 23:20:27,24.0000,15.9481,9.9787,8.0519
2026-06-15 23:20:29,24.0000,15.9705,9.9783,8.0295
2026-06-15 23:20:31,24.0000,15.9554,9.9819,8.0446
2026-06-15 23:20:33,24.0000,15.9535,9.9794,8.0465
2026-06-15 23:20:35,24.0000,16.0139,9.9715,7.9861
2026-06-15 23:20:37,24.0000,16.0094,9.9788,7.9906
2026-06-15 23:20:39,24.0000,15.9912,9.9936,8.0088
2026-06-15 23:20:41,24.0000,15.9590,9.9879,8.0410
2026-06-15 23:20:43,24.0000,15.9517,9.9790,8.0483
2026-06-15 23:20:45,24.0000,15.9871,9.9719,8.0129
2026-06-15 23:20:47,24.0000,15.9757,9.9951,8.0243
2026-06-15 23:20:49,24.0000,15.9430,9.9744,8.0570
2026-06-15 23:20:51,24.0000,15.9315,9.9490,8.0685
2026-06-15 23:20:53,24.0000,15.9306,9.9462,8.0694
2026-06-15 23:20:55,24.0000,15.9149,9.9559,8.0851
2026-06-15 23:20:57,24.0000,15.9165,9.9602,8.0835
2026-06-15 23:20:59,24.0000,15.9199,9.9605,8.0801
2026-06-15 23:21:01,24.0000,15.9192,9.9465,8.0808
2026-06-15 23:21:03,24.0000,15.9198,9.9436,8.0802
2026-06-15 23:21:05,24.0000,15.9244,9.9391,8.0756
2026-06-15 23:21:07,24.0000,15.9214,9.9535,8.0786
2026-06-15 23:21:09,24.0000,15.9274,9.9599,8.0726
2026-06-15 23:21:11,24.0000,15.9269,9.9624,8.0731
2026-06-15 23:21:13,24.0000,15.9333,9.9627,8.0667
2026-06-15 23:21:15,24.0000,15.9315,9.9664,8.0685
2026-06-15 23:21:17,24.0000,15.9324,9.9637,8.0676
2026-06-15 23:21:19,24.0000,15.9308,9.9677,8.0692
2026-06-15 23:21:21,24.0000,15.9324,9.9643,8.0676
2026-06-15 23:21:23,24.0000,15.9319,9.9643,8.0681
2026-06-15 23:21:25,24.0000,15.9307,10.0012,8.0693
2026-06-15 23:21:27,24.0000,15.9294,10.0149,8.0706
2026-06-15 23:21:32,24.0000,16.1479,10.0681,7.8521
2026-06-15 23:21:34,24.0000,16.1367,10.0678,7.8633
2026-06-15 23:21:36,24.0000,16.1162,10.0615,7.8838
2026-06-15 23:21:38,24.0000,16.1741,9.9919,7.8259
2026-06-15 23:21:40,24.0000,16.0410,9.9614,7.9590
2026-06-15 23:21:42,24.0000,16.0099,9.9776,7.9901
2026-06-15 23:21:44,24.0000,15.9909,9.9766,8.0091
2026-06-15 23:21:46,24.0000,15.9776,9.9716,8.0224
2026-06-15 23:21:48,24.0000,16.0216,9.9613,7.9784
2026-06-15 23:21:50,24.0000,15.9984,9.9714,8.0016
2026-06-15 23:21:55,24.0000,16.1943,10.0348,7.8057
2026-06-15 23:21:57,24.0000,16.1802,10.0454,7.8198
2026-06-15 23:21:59,24.0000,16.1522,10.0375,7.8478
2026-06-15 23:22:01,24.0000,16.1418,10.0363,7.8582
2026-06-15 23:22:03,24.0000,16.0893,9.8923,7.9107
2026-06-15 23:22:05,24.0000,16.0585,9.9873,7.9415
2026-06-15 23:22:07,24.0000,16.0342,9.9782,7.9658
2026-06-15 23:22:09,24.0000,16.0159,9.9760,7.9841
2026-06-15 23:22:11,24.0000,16.0009,9.9702,7.9991
2026-06-15 23:22:13,24.0000,16.0468,9.9355,7.9532
2026-06-15 23:22:15,24.0000,16.0046,9.9347,7.9954
2026-06-15 23:22:17,24.0000,15.9921,9.9345,8.0079
2026-06-15 23:22:19,24.0000,15.9846,9.9431,8.0154
2026-06-15 23:22:21,24.0000,15.9836,9.9471,8.0164
2026-06-15 23:22:23,24.0000,15.9766,9.9396,8.0234
2026-06-15 23:22:25,24.0000,15.9670,9.9315,8.0330
2026-06-15 23:22:27,24.0000,15.9632,9.9306,8.0368
2026-06-15 23:22:29,24.0000,15.9702,9.9397,8.0298
2026-06-15 23:22:31,24.0000,16.0138,9.9391,7.9862
2026-06-15 23:22:33,24.0000,16.0065,9.9566,7.9935
2026-06-15 23:22:35,24.0000,15.9921,9.9554,8.0079
2026-06-15 23:22:37,24.0000,15.9775,9.9376,8.0225
2026-06-15 23:22:39,24.0000,15.9725,9.9348,8.0275
2026-06-15 23:22:41,24.0000,15.9702,9.9299,8.0298
2026-06-15 23:22:43,24.0000,15.9534,9.9241,8.0466
2026-06-15 23:22:45,24.0000,15.9310,9.9066,8.0690
2026-06-15 23:22:47,24.0000,15.9261,9.9265,8.0739
2026-06-15 23:22:49,24.0000,15.9224,9.9276,8.0776
2026-06-15 23:22:51,24.0000,15.9278,9.9273,8.0722
2026-06-15 23:22:53,24.0000,15.9207,9.9279,8.0793
2026-06-15 23:22:55,24.0000,15.9198,9.9279,8.0802
2026-06-15 23:22:57,24.0000,15.9263,9.9274,8.0737
2026-06-15 23:22:59,24.0000,15.9291,9.9284,8.0709
2026-06-15 23:23:05,24.0000,16.1723,10.0289,7.8277
2026-06-15 23:23:07,24.0000,16.1615,10.0368,7.8385
2026-06-15 23:23:09,24.0000,16.1855,9.9959,7.8145
2026-06-15 23:23:11,24.0000,16.1902,10.0434,7.8098
2026-06-15 23:23:13,24.0000,16.0484,9.9487,7.9516
2026-06-15 23:23:15,24.0000,16.0293,9.9502,7.9707
2026-06-15 23:23:17,24.0000,15.9826,9.9371,8.0174
2026-06-15 23:23:19,24.0000,15.9665,9.9343,8.0335
2026-06-15 23:23:21,24.0000,15.9476,9.9391,8.0524
2026-06-15 23:23:23,24.0000,15.9370,9.9313,8.0630
2026-06-15 23:23:25,24.0000,15.9210,9.9230,8.0790
2026-06-15 23:23:27,24.0000,15.9196,9.9085,8.0804
2026-06-15 23:23:29,24.0000,15.9220,9.9186,8.0780
2026-06-15 23:23:31,24.0000,15.9226,9.9213,8.0774
2026-06-15 23:23:33,24.0000,15.9241,9.9155,8.0759
2026-06-15 23:23:35,24.0000,15.9466,9.9150,8.0534
2026-06-15 23:23:37,24.0000,15.9416,9.9317,8.0584
2026-06-15 23:23:39,24.0000,15.9415,9.9168,8.0585
2026-06-15 23:23:41,24.0000,15.9428,9.9352,8.0572
2026-06-15 23:23:43,24.0000,15.9440,9.9361,8.0560
2026-06-15 23:23:45,24.0000,15.9435,9.9337,8.0565
2026-06-15 23:23:47,24.0000,15.9376,9.9132,8.0624
2026-06-15 23:23:49,24.0000,15.9349,9.9296,8.0651
2026-06-15 23:23:51,24.0000,15.9336,9.9268,8.0664
2026-06-15 23:23:57,24.0000,16.1522,10.0137,7.8478
2026-06-15 23:23:59,24.0000,16.1402,10.0295,7.8598
2026-06-15 23:24:01,24.0000,16.1170,10.0214,7.8830
2026-06-15 23:24:03,24.0000,16.1082,10.0204,7.8918
2026-06-15 23:24:05,24.0000,16.0243,9.8785,7.9757
2026-06-15 23:24:07,24.0000,15.9926,9.9886,8.0074
2026-06-15 23:24:09,24.0000,15.9801,9.9613,8.0199
2026-06-15 23:24:11,24.0000,15.9699,9.9570,8.0301
2026-06-15 23:24:13,24.0000,15.9610,9.9199,8.0390
2026-06-15 23:24:15,24.0000,15.9279,9.9238,8.0721
2026-06-15 23:24:17,24.0000,15.9307,9.9122,8.0693
2026-06-15 23:24:19,24.0000,15.9289,9.9210,8.0711
2026-06-15 23:24:21,24.0000,15.9287,9.9140,8.0713
2026-06-15 23:24:23,24.0000,15.9277,9.9145,8.0723
2026-06-15 23:24:25,24.0000,15.9189,9.9071,8.0811
2026-06-15 23:24:27,24.0000,15.9323,9.9051,8.0677
2026-06-15 23:24:29,24.0000,15.9216,9.9050,8.0784
2026-06-15 23:24:31,24.0000,15.9356,9.9069,8.0644
2026-06-15 23:24:33,24.0000,15.9182,9.9076,8.0818
2026-06-15 23:24:35,24.0000,15.9273,9.9076,8.0727
2026-06-15 23:24:37,24.0000,15.9151,9.9256,8.0849
2026-06-15 23:24:39,24.0000,15.9091,9.9217,8.0909
2026-06-15 23:24:41,24.0000,15.9061,9.9017,8.0939
2026-06-15 23:24:43,24.0000,15.9074,9.9212,8.0926
2026-06-15 23:24:45,24.0000,15.9066,9.9230,8.0934
2026-06-15 23:24:47,24.0000,15.8845,9.8924,8.1155
2026-06-15 23:24:49,24.0000,15.8768,9.9449,8.1232
2026-06-15 23:24:51,24.0000,15.8787,9.8884,8.1213
2026-06-15 23:24:53,24.0000,15.8803,9.8858,8.1197
2026-06-15 23:24:55,24.0000,15.8715,9.9033,8.1285
2026-06-15 23:24:57,24.0000,15.8770,9.9058,8.1230
2026-06-15 23:24:59,24.0000,15.8779,9.9059,8.1221
2026-06-15 23:25:01,24.0000,15.8784,9.9068,8.1216
2026-06-15 23:25:03,24.0000,15.8798,9.9083,8.1202
2026-06-15 23:25:05,24.0000,15.8776,9.9038,8.1224
2026-06-15 23:25:07,24.0000,15.8780,9.9050,8.1220
2026-06-15 23:25:09,24.0000,15.8782,9.9081,8.1218
2026-06-15 23:25:11,24.0000,15.8762,9.9099,8.1238
2026-06-15 23:25:13,24.0000,15.8849,9.9096,8.1151
2026-06-15 23:25:15,24.0000,15.8770,9.9093,8.1230
2026-06-15 23:25:17,24.0000,15.8771,9.9095,8.1229
2026-06-15 23:25:19,24.0000,15.8776,9.9095,8.1224
2026-06-15 23:25:24,24.0000,16.1367,10.0110,7.8633
2026-06-15 23:25:26,24.0000,16.1234,10.0250,7.8766
2026-06-15 23:25:28,24.0000,16.1064,10.0149,7.8936
2026-06-15 23:25:30,24.0000,16.0993,10.0143,7.9007
2026-06-15 23:25:32,24.0000,15.9939,9.8837,8.0061
2026-06-15 23:25:34,24.0000,16.0189,9.9819,7.9811
2026-06-15 23:25:36,24.0000,15.9949,9.9715,8.0051
2026-06-15 23:25:38,24.0000,15.9719,9.9755,8.0281
2026-06-15 23:25:40,24.0000,15.9598,9.9270,8.0402
2026-06-15 23:25:42,24.0000,15.9518,9.9488,8.0482
2026-06-15 23:25:44,24.0000,15.9307,9.9434,8.0693
2026-06-15 23:25:50,24.0000,16.1498,10.0491,7.8502
2026-06-15 23:25:52,24.0000,16.1356,10.0474,7.8644
2026-06-15 23:25:54,24.0000,16.1141,10.0392,7.8859
2026-06-15 23:25:56,24.0000,16.1400,9.9993,7.8600
2026-06-15 23:25:58,24.0000,16.0272,9.9341,7.9728
2026-06-15 23:26:00,24.0000,16.0110,9.9617,7.9890
2026-06-15 23:26:02,24.0000,15.9941,9.9609,8.0059
2026-06-15 23:26:04,24.0000,15.9739,9.9635,8.0261
2026-06-15 23:26:06,24.0000,15.9671,9.9626,8.0329
2026-06-15 23:26:08,24.0000,15.9532,9.9271,8.0468
2026-06-15 23:26:10,24.0000,15.9379,9.9235,8.0621
2026-06-15 23:26:12,24.0000,15.9393,9.9299,8.0607
2026-06-15 23:26:14,24.0000,15.9407,9.9337,8.0593
2026-06-15 23:26:16,24.0000,15.9377,9.9362,8.0623
2026-06-15 23:26:18,24.0000,15.9276,9.9253,8.0724
2026-06-15 23:26:20,24.0000,15.9443,9.9192,8.0557
2026-06-15 23:26:22,24.0000,15.9303,9.9269,8.0697
2026-06-15 23:26:29,24.0000,16.1729,10.0565,7.8271
2026-06-15 23:26:31,24.0000,16.1437,10.0494,7.8563
2026-06-15 23:26:33,24.0000,16.1993,9.9966,7.8007
2026-06-15 23:26:35,24.0000,16.1826,10.0606,7.8174
2026-06-15 23:26:37,24.0000,16.0188,9.9462,7.9812
2026-06-15 23:26:39,24.0000,16.0028,9.9762,7.9972
2026-06-15 23:26:45,24.0000,16.1785,10.0518,7.8215
2026-06-15 23:26:47,24.0000,16.1486,10.0454,7.8514
2026-06-15 23:26:49,24.0000,16.1234,10.0343,7.8766
2026-06-15 23:26:51,24.0000,16.1147,10.0328,7.8853
2026-06-15 23:26:53,24.0000,15.9660,9.9226,8.0340
2026-06-15 23:26:55,24.0000,15.9392,9.9408,8.0608
2026-06-15 23:26:57,24.0000,15.9295,9.9383,8.0705
2026-06-15 23:26:59,24.0000,16.0158,9.9101,7.9842
2026-06-15 23:27:01,24.0000,15.9984,9.9831,8.0016
2026-06-15 23:27:03,24.0000,15.9740,9.9817,8.0260
2026-06-15 23:27:05,24.0000,15.9605,9.9688,8.0395
2026-06-15 23:27:07,24.0000,15.9561,9.9677,8.0439
2026-06-15 23:27:13,24.0000,16.1624,10.0607,7.8376
2026-06-15 23:27:15,24.0000,16.1487,10.0657,7.8513
2026-06-15 23:27:17,24.0000,16.1267,10.0576,7.8733
2026-06-15 23:27:19,24.0000,16.1202,10.0568,7.8798
2026-06-15 23:27:21,24.0000,16.0002,9.8995,7.9998
2026-06-15 23:27:23,24.0000,16.0178,9.9860,7.9822
2026-06-15 23:27:25,24.0000,15.9989,9.9857,8.0011
2026-06-15 23:27:27,24.0000,15.9814,10.0161,8.0186
2026-06-15 23:27:29,24.0000,15.9683,10.0175,8.0317
2026-06-15 23:27:31,24.0000,15.9590,9.9812,8.0410
2026-06-15 23:27:33,24.0000,15.9390,9.9757,8.0610
2026-06-15 23:27:35,24.0000,15.9418,9.9333,8.0582
2026-06-15 23:27:37,24.0000,15.9894,9.9463,8.0106
2026-06-15 23:27:39,24.0000,15.9794,9.9677,8.0206
2026-06-15 23:27:41,24.0000,15.9610,9.9601,8.0390
2026-06-15 23:27:43,24.0000,15.9702,9.9366,8.0298
2026-06-15 23:27:45,24.0000,15.9528,9.9539,8.0472
2026-06-15 23:27:47,24.0000,15.9456,9.9523,8.0544
2026-06-15 23:27:49,24.0000,15.9403,9.9306,8.0597
2026-06-15 23:27:51,24.0000,15.9381,9.9295,8.0619
2026-06-15 23:27:53,24.0000,15.9392,9.9298,8.0608
2026-06-15 23:27:55,24.0000,15.9309,9.9457,8.0691
2026-06-15 23:27:57,24.0000,15.9303,9.9446,8.0697
2026-06-15 23:27:59,24.0000,15.9309,9.9451,8.0691
2026-06-15 23:28:01,24.0000,15.9322,9.9452,8.0678
2026-06-15 23:28:03,24.0000,15.8994,9.9089,8.1006
2026-06-15 23:28:05,24.0000,15.8922,9.9274,8.1078
2026-06-15 23:28:07,24.0000,15.8878,9.9042,8.1122
2026-06-15 23:28:09,24.0000,15.8865,9.9092,8.1135
2026-06-15 23:28:11,24.0000,15.8878,9.9146,8.1122
2026-06-15 23:28:13,24.0000,15.8870,9.9237,8.1130
2026-06-15 23:28:15,24.0000,15.9010,9.8998,8.0990
2026-06-15 23:28:17,24.0000,15.8830,9.9261,8.1170
2026-06-15 23:28:19,24.0000,15.8803,9.9202,8.1197
2026-06-15 23:28:21,24.0000,15.8830,9.9222,8.1170
2026-06-15 23:28:23,24.0000,15.8835,9.9074,8.1165
2026-06-15 23:28:25,24.0000,15.8816,9.8993,8.1184
2026-06-15 23:28:27,24.0000,15.8854,9.9041,8.1146
2026-06-15 23:28:29,24.0000,15.8853,9.9112,8.1147
2026-06-15 23:28:31,24.0000,15.8864,9.9254,8.1136
2026-06-15 23:28:33,24.0000,15.8868,9.9259,8.1132
2026-06-15 23:28:35,24.0000,15.8886,9.9091,8.1114
2026-06-15 23:28:37,24.0000,15.8876,9.9276,8.1124
2026-06-15 23:28:39,24.0000,15.8870,9.9251,8.1130
2026-06-15 23:28:41,24.0000,15.8853,9.9051,8.1147
2026-06-15 23:28:46,24.0000,16.1434,10.0276,7.8566
2026-06-15 23:28:48,24.0000,16.1304,10.0352,7.8696
2026-06-15 23:28:50,24.0000,16.1055,10.0266,7.8945
2026-06-15 23:28:52,24.0000,16.1751,9.9954,7.8249
2026-06-15 23:28:54,24.0000,16.0223,9.9756,7.9777
2026-06-15 23:28:56,24.0000,16.0109,9.9733,7.9891
2026-06-15 23:28:58,24.0000,15.9796,9.9711,8.0204
2026-06-15 23:29:00,24.0000,15.9651,9.9804,8.0349
2026-06-15 23:29:02,24.0000,15.9520,9.9684,8.0480
2026-06-15 23:29:04,24.0000,15.9365,9.9176,8.0635
2026-06-15 23:29:06,24.0000,15.9174,9.9124,8.0826
2026-06-15 23:29:08,24.0000,15.9183,9.9099,8.0817
2026-06-15 23:29:10,24.0000,15.9397,9.9406,8.0603
2026-06-15 23:29:12,24.0000,15.9203,9.9361,8.0797
2026-06-15 23:29:14,24.0000,15.9211,9.9362,8.0789
2026-06-15 23:29:16,24.0000,15.9185,9.9167,8.0815
2026-06-15 23:29:18,24.0000,15.9198,9.9354,8.0802
2026-06-15 23:29:20,24.0000,15.9198,9.9158,8.0802
2026-06-15 23:29:22,24.0000,15.9187,9.9175,8.0813
2026-06-15 23:29:24,24.0000,15.9191,9.9230,8.0809
2026-06-15 23:29:26,24.0000,15.9265,9.9178,8.0735
2026-06-15 23:29:28,24.0000,15.9062,9.9151,8.0938
2026-06-15 23:29:30,24.0000,15.9575,9.9205,8.0425
2026-06-15 23:29:32,24.0000,15.9590,9.9248,8.0410
2026-06-15 23:29:34,24.0000,15.9920,9.9653,8.0080
2026-06-15 23:29:36,24.0000,15.9547,9.9317,8.0453
2026-06-15 23:29:38,24.0000,15.9359,9.9268,8.0641
2026-06-15 23:29:40,24.0000,15.9319,9.9266,8.0681
2026-06-15 23:29:42,24.0000,15.9257,9.9262,8.0743
2026-06-15 23:29:44,24.0000,15.9107,9.9288,8.0893
2026-06-15 23:29:46,24.0000,15.9098,9.9648,8.0902
2026-06-15 23:29:48,24.0000,15.9467,9.9199,8.0533
2026-06-15 23:29:50,24.0000,15.9320,9.9255,8.0680
2026-06-15 23:29:52,24.0000,15.9327,9.9203,8.0673
2026-06-15 23:29:57,24.0000,16.1830,10.0474,7.8170
2026-06-15 23:29:59,24.0000,16.1710,10.0512,7.8290
2026-06-15 23:30:01,24.0000,16.1450,10.0406,7.8550
2026-06-15 23:30:03,24.0000,16.2546,9.9964,7.7454
2026-06-15 23:30:05,24.0000,16.0916,9.9592,7.9084
2026-06-15 23:30:07,24.0000,16.0753,9.9875,7.9247
2026-06-15 23:30:09,24.0000,16.0509,9.9859,7.9491
2026-06-15 23:30:11,24.0000,16.0379,9.9429,7.9621
2026-06-15 23:30:13,24.0000,16.0156,9.9590,7.9844
2026-06-15 23:30:15,24.0000,16.0121,9.9381,7.9879
2026-06-15 23:30:17,24.0000,15.9994,9.9337,8.0006
2026-06-15 23:30:19,24.0000,16.0020,9.9363,7.9980
2026-06-15 23:30:21,24.0000,16.0004,9.9463,7.9996
2026-06-15 23:30:23,24.0000,15.9986,9.9342,8.0014
2026-06-15 23:30:25,24.0000,15.9991,9.9339,8.0009
2026-06-15 23:30:27,24.0000,15.9987,9.9335,8.0013
2026-06-15 23:30:29,24.0000,15.9986,9.9352,8.0014
2026-06-15 23:30:31,24.0000,16.0139,9.9369,7.9861
2026-06-15 23:30:33,24.0000,16.0140,9.9404,7.9860
2026-06-15 23:30:35,24.0000,16.0031,9.9513,7.9969
2026-06-15 23:30:37,24.0000,16.0013,9.9511,7.9987
2026-06-15 23:30:39,24.0000,15.9962,9.9482,8.0038
2026-06-15 23:30:41,24.0000,15.9939,9.9491,8.0061
2026-06-15 23:30:43,24.0000,16.0012,9.9257,7.9988
2026-06-15 23:30:45,24.0000,16.0008,9.9249,7.9992
2026-06-15 23:30:47,24.0000,15.9772,9.9186,8.0228
2026-06-15 23:30:49,24.0000,15.9712,9.9361,8.0288
2026-06-15 23:30:51,24.0000,15.9704,9.9366,8.0296
2026-06-15 23:30:53,24.0000,15.9751,9.9358,8.0249
2026-06-15 23:30:55,24.0000,15.9711,9.9172,8.0289
2026-06-15 23:30:57,24.0000,15.9704,9.9356,8.0296
2026-06-15 23:30:59,24.0000,15.9718,9.9380,8.0282
2026-06-15 23:31:01,24.0000,15.9713,9.9372,8.0287
2026-06-15 23:31:03,24.0000,15.9773,9.9377,8.0227
2026-06-15 23:31:05,24.0000,15.9664,9.9384,8.0336
2026-06-15 23:31:07,24.0000,15.9590,9.9335,8.0410
2026-06-15 23:31:09,24.0000,15.9611,9.9331,8.0389
2026-06-15 23:31:11,24.0000,15.9623,9.9164,8.0377
2026-06-15 23:31:13,24.0000,15.9605,9.9128,8.0395
2026-06-15 23:31:15,24.0000,15.9619,9.9235,8.0381
2026-06-15 23:31:17,24.0000,15.9609,9.9330,8.0391
2026-06-15 23:31:19,24.0000,15.9574,9.9335,8.0426
2026-06-15 23:31:21,24.0000,15.9638,9.9354,8.0362
2026-06-15 23:31:23,24.0000,15.9556,9.9355,8.0444
2026-06-15 23:31:25,24.0000,15.9573,9.9349,8.0427
2026-06-15 23:31:27,24.0000,15.9567,9.9171,8.0433
2026-06-15 23:31:29,24.0000,15.9578,9.9176,8.0422
2026-06-15 23:31:31,24.0000,15.9802,9.9204,8.0198
2026-06-15 23:31:33,24.0000,15.9575,9.9144,8.0425
2026-06-15 23:31:35,24.0000,15.9591,9.9364,8.0409
2026-06-15 23:31:41,24.0000,16.1965,10.0310,7.8035
2026-06-15 23:31:43,24.0000,16.1865,10.0551,7.8135
2026-06-15 23:31:45,24.0000,16.1636,10.0442,7.8364
2026-06-15 23:31:47,24.0000,16.1548,10.0423,7.8452
2026-06-15 23:31:49,24.0000,16.0249,9.9431,7.9751
2026-06-15 23:31:51,24.0000,16.0029,9.9618,7.9971
2026-06-15 23:31:53,24.0000,15.9897,9.9637,8.0103
2026-06-15 23:31:55,24.0000,15.9913,9.9367,8.0087
2026-06-15 23:31:57,24.0000,16.0045,9.9436,7.9955
2026-06-15 23:31:59,24.0000,16.0209,9.9656,7.9791
2026-06-15 23:32:01,24.0000,15.9749,9.9581,8.0251
2026-06-15 23:32:03,24.0000,15.9747,9.9563,8.0253
2026-06-15 23:32:05,24.0000,15.9857,9.9560,8.0143
2026-06-15 23:32:07,24.0000,15.9642,9.9541,8.0358
2026-06-15 23:32:09,24.0000,15.9619,9.9555,8.0381
2026-06-15 23:32:11,24.0000,15.9973,9.9509,8.0027
2026-06-15 23:32:13,24.0000,15.9821,9.9409,8.0179
2026-06-15 23:32:15,24.0000,15.9822,9.9486,8.0178
2026-06-15 23:32:17,24.0000,15.9812,9.9565,8.0188
2026-06-15 23:32:19,24.0000,15.9767,9.9528,8.0233
2026-06-15 23:32:24,24.0000,16.1915,10.0449,7.8085
2026-06-15 23:32:26,24.0000,16.1775,10.0511,7.8225
2026-06-15 23:32:28,24.0000,16.1616,10.0435,7.8384
2026-06-15 23:32:30,24.0000,16.1567,10.0434,7.8433
2026-06-15 23:32:32,24.0000,16.0084,9.9363,7.9916
2026-06-15 23:32:34,24.0000,16.0003,9.9548,7.9997
2026-06-15 23:32:36,24.0000,15.9749,9.9529,8.0251
2026-06-15 23:32:38,24.0000,16.0643,9.9227,7.9357
2026-06-15 23:32:40,24.0000,16.0701,9.9896,7.9299
2026-06-15 23:32:42,24.0000,16.0389,9.9881,7.9611
2026-06-15 23:32:44,24.0000,16.0271,9.9839,7.9729
2026-06-15 23:32:46,24.0000,16.0126,9.9835,7.9874
2026-06-15 23:32:48,24.0000,16.0084,9.9893,7.9916
2026-06-15 23:32:50,24.0000,16.0004,9.9871,7.9996
2026-06-15 23:33:01,24.0000,16.2048,10.0678,7.7952
2026-06-15 23:33:03,24.0000,16.1959,10.0665,7.8041
2026-06-15 23:33:05,24.0000,16.1759,10.0609,7.8241
2026-06-15 23:33:07,24.0000,16.1713,10.0601,7.8287
2026-06-15 23:33:09,24.0000,16.0346,9.9539,7.9654
2026-06-15 23:33:11,24.0000,15.9948,9.9693,8.0052
2026-06-15 23:33:13,24.0000,15.9939,9.9649,8.0061
2026-06-15 23:33:15,24.0000,15.9648,9.9537,8.0352
2026-06-15 23:33:17,24.0000,15.9597,9.9532,8.0403
2026-06-15 23:33:19,24.0000,15.9680,9.9490,8.0320
2026-06-15 23:33:21,24.0000,15.9621,9.9577,8.0379
2026-06-15 23:33:23,24.0000,15.9621,9.9572,8.0379
2026-06-15 23:33:25,24.0000,15.9587,9.9612,8.0413
2026-06-15 23:33:27,24.0000,15.9591,9.9577,8.0409
2026-06-15 23:33:29,24.0000,16.0004,9.9597,7.9996
2026-06-15 23:33:31,24.0000,15.9721,9.9564,8.0279
2026-06-15 23:33:33,24.0000,15.9725,9.9589,8.0275
2026-06-15 23:33:35,24.0000,15.9731,9.9620,8.0269
2026-06-15 23:33:37,24.0000,15.9648,9.9524,8.0352
2026-06-15 23:33:39,24.0000,15.9902,9.9237,8.0098
2026-06-15 23:33:41,24.0000,16.0360,9.9198,7.9640
2026-06-15 23:33:43,24.0000,16.0076,9.9738,7.9924
2026-06-15 23:33:45,24.0000,16.0016,9.9753,7.9984
2026-06-15 23:33:47,24.0000,15.9850,9.9748,8.0150
2026-06-15 23:33:49,24.0000,15.9915,9.9777,8.0085
2026-06-15 23:33:51,24.0000,15.9916,9.9635,8.0084
2026-06-15 23:33:53,24.0000,15.9662,9.9957,8.0338
2026-06-15 23:33:55,24.0000,15.9627,9.9963,8.0373
2026-06-15 23:33:57,24.0000,15.9536,9.9918,8.0464
2026-06-15 23:33:59,24.0000,15.9416,9.9819,8.0584
2026-06-15 23:34:01,24.0000,15.9408,9.9807,8.0592
2026-06-15 23:34:03,24.0000,15.9477,9.9462,8.0523
2026-06-15 23:34:05,24.0000,15.9392,9.9469,8.0608
2026-06-15 23:34:07,24.0000,15.9573,9.9161,8.0427
2026-06-15 23:34:09,24.0000,15.9432,9.9203,8.0568
2026-06-15 23:34:11,24.0000,15.9464,9.9495,8.0536
2026-06-15 23:34:13,24.0000,15.9426,9.9390,8.0574
2026-06-15 23:34:15,24.0000,15.9552,9.9212,8.0448
2026-06-15 23:34:17,24.0000,15.9496,9.9555,8.0504
2026-06-15 23:34:19,24.0000,15.9688,9.9638,8.0312
2026-06-15 23:34:21,24.0000,15.9716,9.9604,8.0284
2026-06-15 23:34:23,24.0000,15.9753,9.9630,8.0247
2026-06-15 23:34:25,24.0000,15.9726,9.9663,8.0274
2026-06-15 23:34:27,24.0000,15.9669,9.9939,8.0331
2026-06-15 23:34:29,24.0000,15.9649,9.9656,8.0351
2026-06-15 23:34:31,24.0000,15.9550,9.9841,8.0450
2026-06-15 23:34:33,24.0000,15.9576,9.9621,8.0424
2026-06-15 23:34:35,24.0000,15.9641,9.9416,8.0359
2026-06-15 23:34:37,24.0000,15.9657,9.9582,8.0343
2026-06-15 23:34:39,24.0000,15.9627,9.9586,8.0373
2026-06-15 23:34:41,24.0000,15.9632,9.9464,8.0368
2026-06-15 23:34:43,24.0000,15.9637,9.9600,8.0363
2026-06-15 23:34:45,24.0000,15.9601,9.9611,8.0399
2026-06-15 23:34:47,24.0000,15.9607,9.9357,8.0393
2026-06-15 23:34:49,24.0000,15.9608,9.9548,8.0392
2026-06-15 23:34:54,24.0000,16.2163,10.0719,7.7837
2026-06-15 23:34:56,24.0000,16.2191,10.0835,7.7809
2026-06-15 23:34:58,24.0000,16.2420,10.0549,7.7580
2026-06-15 23:35:00,24.0000,15.5933,9.7399,8.4067
2026-06-15 23:35:02,24.0000,15.5135,9.6116,8.4865
2026-06-15 23:35:04,24.0000,15.4792,9.7019,8.5208
2026-06-15 23:35:06,24.0000,15.4967,9.6918,8.5033
2026-06-15 23:35:12,24.0000,15.6582,9.7814,8.3418
2026-06-15 23:35:14,24.0000,15.6416,9.7896,8.3584
2026-06-15 23:35:16,24.0000,15.6263,9.7773,8.3737
2026-06-15 23:35:18,24.0000,15.6101,9.7444,8.3899
2026-06-15 23:35:20,24.0000,15.4586,9.6722,8.5414
2026-06-15 23:35:22,24.0000,15.4875,9.7202,8.5125
2026-06-15 23:35:27,24.0000,15.6591,9.7883,8.3409
2026-06-15 23:35:29,24.0000,15.6401,9.7898,8.3599
2026-06-15 23:35:31,24.0000,15.6006,9.7771,8.3994
2026-06-15 23:35:33,24.0000,15.6290,9.7374,8.3710
2026-06-15 23:35:35,24.0000,15.5674,9.6744,8.4326
2026-06-15 23:35:37,24.0000,15.5302,9.7352,8.4698
2026-06-15 23:35:39,24.0000,15.5003,9.7067,8.4997
2026-06-15 23:35:45,24.0000,15.7093,9.8237,8.2907
2026-06-15 23:35:47,24.0000,15.6765,9.8150,8.3235
2026-06-15 23:35:49,24.0000,15.6539,9.8099,8.3461
2026-06-15 23:35:51,24.0000,15.6452,9.8081,8.3548
2026-06-15 23:35:53,24.0000,15.5079,9.6877,8.4921
2026-06-15 23:35:55,24.0000,15.4734,9.7092,8.5266
2026-06-15 23:35:57,24.0000,15.4602,9.7090,8.5398
2026-06-15 23:35:59,24.0000,15.4612,9.7004,8.5388
2026-06-15 23:36:01,24.0000,15.4305,9.6527,8.5695
2026-06-15 23:36:03,24.0000,15.4893,9.6954,8.5107
2026-06-15 23:36:05,24.0000,15.4824,9.7019,8.5176
2026-06-15 23:36:07,24.0000,15.4904,9.7015,8.5096
2026-06-15 23:36:12,24.0000,15.6405,9.7882,8.3595
2026-06-15 23:36:14,24.0000,15.6326,9.7756,8.3674
2026-06-15 23:36:16,24.0000,15.6395,9.7579,8.3605
2026-06-15 23:36:18,24.0000,15.6696,9.8088,8.3304
2026-06-15 23:36:20,24.0000,15.5171,9.7005,8.4829
2026-06-15 23:36:22,24.0000,15.5251,9.7132,8.4749
2026-06-15 23:36:24,24.0000,15.5051,9.7208,8.4949
2026-06-15 23:36:26,24.0000,15.4957,9.7275,8.5043
2026-06-15 23:36:28,24.0000,15.4889,9.7264,8.5111
2026-06-15 23:36:30,24.0000,15.4725,9.7377,8.5275
2026-06-15 23:36:32,24.0000,15.4553,9.7317,8.5447
2026-06-15 23:36:34,24.0000,15.4544,9.7308,8.5456
2026-06-15 23:36:36,24.0000,15.4450,9.7308,8.5550
2026-06-15 23:36:38,24.0000,15.4602,9.7058,8.5398
2026-06-15 23:36:40,24.0000,15.4418,9.7056,8.5582
2026-06-15 23:36:42,24.0000,15.4728,9.6939,8.5272
2026-06-15 23:36:48,24.0000,15.6559,9.7674,8.3441
2026-06-15 23:36:50,24.0000,15.6441,9.7987,8.3559
2026-06-15 23:36:52,24.0000,15.6192,9.7874,8.3808
2026-06-15 23:36:54,24.0000,15.6137,9.7831,8.3863
2026-06-15 23:36:56,24.0000,15.5450,9.6425,8.4550
2026-06-15 23:36:58,24.0000,15.5110,9.7359,8.4890
2026-06-15 23:37:00,24.0000,15.4828,9.7363,8.5172
2026-06-15 23:37:02,24.0000,15.4633,9.7410,8.5367
2026-06-15 23:37:04,24.0000,15.4570,9.7334,8.5430
2026-06-15 23:37:06,24.0000,15.4481,9.7355,8.5519
2026-06-15 23:37:08,24.0000,15.4268,9.7253,8.5732
2026-06-15 23:37:10,24.0000,15.4265,9.7252,8.5735
2026-06-15 23:37:12,24.0000,15.4268,9.7251,8.5732
2026-06-15 23:37:14,24.0000,15.4272,9.7247,8.5728
2026-06-15 23:37:16,24.0000,15.4268,9.7245,8.5732
2026-06-15 23:37:18,24.0000,15.4230,9.6851,8.5770
2026-06-15 23:37:20,24.0000,15.4261,9.6923,8.5739
2026-06-15 23:37:22,24.0000,15.4251,9.6942,8.5749
2026-06-15 23:37:24,24.0000,15.4244,9.6976,8.5756
2026-06-15 23:37:26,24.0000,15.4265,9.6900,8.5735
2026-06-15 23:37:28,24.0000,15.4199,9.6917,8.5801
2026-06-15 23:37:30,24.0000,15.4140,9.7231,8.5860
2026-06-15 23:37:32,24.0000,15.4149,9.6887,8.5851
2026-06-15 23:37:34,24.0000,15.4148,9.6873,8.5852
2026-06-15 23:37:36,24.0000,15.4120,9.6825,8.5880
2026-06-15 23:37:41,24.0000,15.6046,9.7915,8.3954
2026-06-15 23:37:43,24.0000,15.6583,9.7381,8.3417
2026-06-15 23:37:45,24.0000,15.6351,9.7935,8.3649
2026-06-15 23:37:51,24.0000,15.6730,9.8083,8.3270
2026-06-15 23:37:53,24.0000,15.6624,9.8178,8.3376
2026-06-15 23:37:55,24.0000,15.6284,9.8045,8.3716
2026-06-15 23:37:57,24.0000,15.7015,9.7633,8.2985
2026-06-15 23:37:59,24.0000,15.5117,9.7093,8.4883
2026-06-15 23:38:01,24.0000,15.4911,9.7288,8.5089
2026-06-15 23:38:03,24.0000,15.5528,9.7108,8.4472
2026-06-15 23:38:05,24.0000,15.5064,9.7371,8.4936
2026-06-15 23:38:07,24.0000,15.4917,9.7417,8.5083
2026-06-15 23:38:09,24.0000,15.5215,9.7380,8.4785
2026-06-15 23:38:15,24.0000,15.6899,9.7917,8.3101
2026-06-15 23:38:17,24.0000,15.6800,9.8222,8.3200
2026-06-15 23:38:19,24.0000,15.6580,9.7903,8.3420
2026-06-15 23:38:21,24.0000,15.6547,9.7932,8.3453
2026-06-15 23:38:23,24.0000,15.5728,9.7525,8.4272
2026-06-15 23:38:25,24.0000,15.5279,9.7581,8.4721
2026-06-15 23:38:27,24.0000,15.5156,9.7555,8.4844
2026-06-15 23:38:29,24.0000,15.4987,9.7574,8.5013
2026-06-15 23:38:31,24.0000,15.4918,9.7566,8.5082
2026-06-15 23:38:33,24.0000,15.4663,9.7447,8.5337
2026-06-15 23:38:35,24.0000,15.4510,9.7437,8.5490
2026-06-15 23:38:37,24.0000,15.4572,9.7414,8.5428
2026-06-15 23:38:39,24.0000,15.4574,9.7413,8.5426
2026-06-15 23:38:41,24.0000,15.4376,9.7389,8.5624
2026-06-15 23:38:43,24.0000,15.4524,9.7390,8.5476
2026-06-15 23:38:45,24.0000,15.4528,9.7024,8.5472
2026-06-15 23:38:47,24.0000,15.4549,9.6993,8.5451
2026-06-15 23:38:49,24.0000,15.4536,9.7195,8.5464
2026-06-15 23:38:51,24.0000,15.4456,9.7159,8.5544
2026-06-15 23:38:53,24.0000,15.4465,9.7102,8.5535
2026-06-15 23:38:55,24.0000,15.4470,9.7130,8.5530
2026-06-15 23:38:57,24.0000,15.4409,9.7120,8.5591
2026-06-15 23:39:03,24.0000,15.6779,9.8090,8.3221
2026-06-15 23:39:05,24.0000,15.6579,9.8241,8.3421
2026-06-15 23:39:07,24.0000,15.6297,9.8089,8.3703
2026-06-15 23:39:09,24.0000,15.6197,9.8068,8.3803
2026-06-15 23:39:11,24.0000,15.4793,9.6955,8.5207
2026-06-15 23:39:13,24.0000,15.4556,9.7194,8.5444
2026-06-15 23:39:15,24.0000,15.4444,9.7193,8.5556
2026-06-15 23:39:17,24.0000,15.4377,9.7180,8.5623
2026-06-15 23:39:19,24.0000,15.4486,9.7125,8.5514
2026-06-15 23:39:21,24.0000,15.5183,9.7334,8.4817
2026-06-15 23:39:23,24.0000,15.5424,9.7191,8.4576
2026-06-15 23:39:25,24.0000,15.5415,9.7212,8.4585
2026-06-15 23:39:27,24.0000,15.5385,9.7177,8.4615
2026-06-15 23:39:29,24.0000,15.5204,9.7189,8.4796
2026-06-15 23:39:31,24.0000,15.5548,9.7211,8.4452
2026-06-15 23:39:33,24.0000,15.5678,9.7312,8.4322
2026-06-15 23:39:35,24.0000,15.5694,9.7589,8.4306
2026-06-15 23:39:37,24.0000,15.5715,9.7510,8.4285
2026-06-15 23:39:39,24.0000,15.5697,9.7511,8.4303
2026-06-15 23:39:41,24.0000,15.5820,9.7504,8.4180
2026-06-15 23:39:43,24.0000,15.5719,9.7652,8.4281
2026-06-15 23:39:45,24.0000,15.5534,9.7608,8.4466
2026-06-15 23:39:47,24.0000,15.5722,9.7547,8.4278
2026-06-15 23:39:49,24.0000,15.5792,9.7513,8.4208
2026-06-15 23:39:51,24.0000,15.5598,9.7488,8.4402
2026-06-15 23:39:53,24.0000,15.5304,9.7248,8.4696
2026-06-15 23:39:55,24.0000,15.5304,9.7313,8.4696
2026-06-15 23:39:57,24.0000,15.5365,9.7309,8.4635
2026-06-15 23:39:59,24.0000,15.5374,9.7335,8.4626
2026-06-15 23:40:01,24.0000,15.5925,9.7001,8.4075
2026-06-15 23:40:03,24.0000,15.5869,9.7698,8.4131
2026-06-15 23:40:05,24.0000,15.5581,9.7319,8.4419
2026-06-15 23:40:07,24.0000,15.5512,9.7487,8.4488
2026-06-15 23:40:09,24.0000,15.5293,9.7482,8.4707
2026-06-15 23:40:11,24.0000,15.5223,9.7472,8.4777
2026-06-15 23:40:13,24.0000,15.4708,9.7169,8.5292
2026-06-15 23:40:15,24.0000,15.4702,9.7181,8.5298
2026-06-15 23:40:17,24.0000,15.4694,9.7184,8.5306
2026-06-15 23:40:19,24.0000,15.5258,9.7440,8.4742
2026-06-15 23:40:21,24.0000,15.5413,9.7349,8.4587
2026-06-15 23:40:23,24.0000,15.5348,9.7489,8.4652
2026-06-15 23:40:25,24.0000,15.5049,9.7129,8.4951
2026-06-15 23:40:27,24.0000,15.5072,9.7178,8.4928
2026-06-15 23:40:29,24.0000,15.5271,9.7549,8.4729
2026-06-15 23:40:31,24.0000,15.5131,9.7543,8.4869
2026-06-15 23:40:33,24.0000,15.5013,9.7538,8.4987
2026-06-15 23:40:35,24.0000,15.4963,9.7517,8.5037
2026-06-15 23:40:37,24.0000,15.4953,9.7505,8.5047
2026-06-15 23:40:39,24.0000,15.4864,9.7491,8.5136
2026-06-15 23:40:41,24.0000,15.4829,9.7495,8.5171
2026-06-15 23:40:43,24.0000,15.4832,9.7452,8.5168
2026-06-15 23:40:45,24.0000,15.4861,9.7476,8.5139
2026-06-15 23:40:47,24.0000,15.4847,9.7476,8.5153
2026-06-15 23:40:49,24.0000,15.4910,9.7467,8.5090
2026-06-15 23:40:51,24.0000,15.4879,9.7194,8.5121
2026-06-15 23:40:53,24.0000,15.4871,9.7238,8.5129
2026-06-15 23:41:00,24.0000,15.7702,9.8581,8.2298
2026-06-15 23:41:02,24.0000,15.7579,9.8817,8.2421
2026-06-15 23:41:04,24.0000,15.7350,9.8766,8.2650
2026-06-15 23:41:06,24.0000,15.7410,9.8738,8.2590
2026-06-15 23:41:08,24.0000,16.0775,9.8314,7.9225
2026-06-15 23:41:10,24.0000,15.8605,9.9659,8.1395
2026-06-15 23:41:12,24.0000,15.6079,9.8109,8.3921
2026-06-15 23:41:14,24.0000,15.6426,9.8026,8.3574
2026-06-15 23:41:16,24.0000,15.6266,9.8543,8.3734
2026-06-15 23:41:18,24.0000,15.6724,9.8449,8.3276
2026-06-15 23:41:20,24.0000,15.6199,9.8540,8.3801
2026-06-15 23:41:22,24.0000,15.6583,9.8410,8.3417
2026-06-15 23:41:24,24.0000,15.6289,9.8562,8.3711
2026-06-15 23:41:26,24.0000,15.6030,9.8217,8.3970
2026-06-15 23:41:28,24.0000,15.5979,9.8182,8.4021
2026-06-15 23:41:30,24.0000,15.6388,9.8110,8.3612
2026-06-15 23:41:32,24.0000,15.5988,9.8446,8.4012
2026-06-15 23:41:34,24.0000,15.5928,9.8162,8.4072
2026-06-15 23:41:36,24.0000,15.5819,9.8184,8.4181
2026-06-15 23:41:38,24.0000,15.5817,9.8124,8.4183
2026-06-15 23:41:40,24.0000,15.5510,9.8040,8.4490
2026-06-15 23:41:42,24.0000,15.5514,9.8063,8.4486
2026-06-15 23:41:44,24.0000,15.5504,9.8197,8.4496
2026-06-15 23:41:46,24.0000,15.5513,9.8044,8.4487
2026-06-15 23:41:48,24.0000,15.5499,9.8121,8.4501
2026-06-15 23:41:50,24.0000,15.5210,9.8074,8.4790
2026-06-15 23:41:52,24.0000,15.5163,9.8048,8.4837
2026-06-15 23:41:54,24.0000,15.5156,9.8057,8.4844
2026-06-15 23:41:56,24.0000,15.5556,9.7958,8.4444
2026-06-15 23:41:58,24.0000,15.5672,9.7997,8.4328
2026-06-15 23:42:00,24.0000,15.5880,9.8052,8.4120
2026-06-15 23:42:02,24.0000,15.5769,9.8102,8.4231
2026-06-15 23:42:04,24.0000,15.6019,9.8209,8.3981
2026-06-15 23:42:06,24.0000,15.5974,9.8426,8.4026
2026-06-15 23:42:08,24.0000,15.5892,9.8449,8.4108
2026-06-15 23:42:10,24.0000,15.5895,9.8442,8.4105
2026-06-15 23:42:12,24.0000,15.5736,9.8406,8.4264
2026-06-15 23:42:14,24.0000,15.5717,9.8530,8.4283
2026-06-15 23:42:16,24.0000,15.5702,9.8661,8.4298
2026-06-15 23:42:18,24.0000,15.5702,9.8673,8.4298
2026-06-15 23:42:20,24.0000,15.5692,9.8678,8.4308
2026-06-15 23:42:22,24.0000,15.5692,9.8626,8.4308
2026-06-15 23:42:24,24.0000,15.5690,9.8651,8.4310
2026-06-15 23:42:26,24.0000,15.5569,9.8390,8.4431
2026-06-15 23:42:28,24.0000,15.5556,9.8285,8.4444
2026-06-15 23:42:30,24.0000,15.5565,9.8282,8.4435
2026-06-15 23:42:32,24.0000,15.5578,9.8145,8.4422
2026-06-15 23:42:34,24.0000,15.5575,9.8132,8.4425
2026-06-15 23:42:36,24.0000,15.5585,9.8104,8.4415
2026-06-15 23:42:38,24.0000,15.5477,9.8074,8.4523
2026-06-15 23:42:40,24.0000,15.5699,9.8133,8.4301
2026-06-15 23:42:42,24.0000,15.5691,9.8272,8.4309
2026-06-15 23:42:44,24.0000,15.5687,9.8164,8.4313
2026-06-15 23:42:46,24.0000,15.5694,9.8339,8.4306
2026-06-15 23:42:48,24.0000,15.5660,9.8173,8.4340
2026-06-15 23:42:50,24.0000,15.5686,9.8334,8.4314
2026-06-15 23:42:52,24.0000,15.5693,9.8327,8.4307
2026-06-15 23:42:59,24.0000,15.8151,9.9496,8.1849
2026-06-15 23:43:01,24.0000,15.8683,9.9147,8.1317
2026-06-15 23:43:03,24.0000,15.8396,9.9718,8.1604
2026-06-15 23:43:05,24.0000,15.8284,9.9732,8.1716
2026-06-15 23:43:07,24.0000,15.6394,9.8446,8.3606
2026-06-15 23:43:09,24.0000,15.6262,9.8501,8.3738
2026-06-15 23:43:11,24.0000,15.6355,9.8598,8.3645
2026-06-15 23:43:13,24.0000,15.6560,9.8796,8.3440
2026-06-15 23:43:15,24.0000,15.6337,9.8482,8.3663
2026-06-15 23:43:17,24.0000,15.6196,9.8553,8.3804
2026-06-15 23:43:19,24.0000,15.6035,9.8572,8.3965
2026-06-15 23:43:25,24.0000,15.7948,9.9202,8.2052
2026-06-15 23:43:27,24.0000,15.8564,9.9052,8.1436
2026-06-15 23:43:33,24.0000,15.8808,9.9069,8.1192
2026-06-15 23:43:35,24.0000,15.8957,9.9956,8.1043
2026-06-15 23:43:37,24.0000,15.9221,9.9726,8.0779
2026-06-15 23:43:39,24.0000,15.9005,9.9819,8.0995
2026-06-15 23:43:41,24.0000,15.6710,9.8895,8.3290
2026-06-15 23:43:43,24.0000,15.6438,9.8546,8.3562
2026-06-15 23:43:45,24.0000,15.6219,9.8625,8.3781
2026-06-15 23:43:47,24.0000,15.5752,9.8461,8.4248
2026-06-15 23:43:49,24.0000,15.6085,9.8505,8.3915
2026-06-15 23:43:51,24.0000,15.5999,9.8515,8.4001
2026-06-15 23:43:57,24.0000,15.7988,9.9442,8.2012
2026-06-15 23:43:59,24.0000,15.8210,9.9143,8.1790
2026-06-15 23:44:01,24.0000,15.8431,9.9731,8.1569
2026-06-15 23:44:03,24.0000,15.8173,9.9670,8.1827
2026-06-15 23:44:05,24.0000,15.6789,9.8564,8.3211
2026-06-15 23:44:07,24.0000,15.6448,9.8587,8.3552
2026-06-15 23:44:09,24.0000,15.6324,9.8645,8.3676
2026-06-15 23:44:11,24.0000,15.6115,9.8806,8.3885
2026-06-15 23:44:13,24.0000,15.6055,9.8641,8.3945
2026-06-15 23:44:19,24.0000,15.7854,9.9543,8.2146
2026-06-15 23:44:21,24.0000,15.8458,9.9149,8.1542
2026-06-15 23:44:23,24.0000,15.8133,9.9647,8.1867
2026-06-15 23:44:29,24.0000,15.8583,9.9454,8.1417
2026-06-15 23:44:31,24.0000,15.8737,9.9756,8.1263
2026-06-15 23:44:33,24.0000,15.8368,9.9849,8.1632
2026-06-15 23:44:35,24.0000,15.8189,9.9717,8.1811
2026-06-15 23:44:37,24.0000,15.7185,9.8486,8.2815
2026-06-15 23:44:39,24.0000,15.6805,9.9004,8.3195
2026-06-15 23:44:41,24.0000,15.6571,9.8640,8.3429
2026-06-15 23:44:47,24.0000,15.8315,9.9883,8.1685
2026-06-15 23:44:49,24.0000,15.8066,9.9860,8.1934
2026-06-15 23:44:51,24.0000,15.8129,9.9269,8.1871
2026-06-15 23:44:53,24.0000,15.8548,9.9824,8.1452
2026-06-15 23:44:55,24.0000,15.6844,9.8724,8.3156
2026-06-15 23:45:00,24.0000,15.8429,9.9672,8.1571
2026-06-15 23:45:02,24.0000,15.8331,9.9587,8.1669
2026-06-15 23:45:04,24.0000,15.8425,9.9505,8.1575
2026-06-15 23:45:06,24.0000,15.8740,9.9947,8.1260
2026-06-15 23:45:08,24.0000,15.7120,9.8904,8.2880
2026-06-15 23:45:10,24.0000,15.6850,9.9205,8.3150
2026-06-15 23:45:12,24.0000,15.6678,9.8982,8.3322
2026-06-15 23:45:14,24.0000,15.6564,9.8972,8.3436
2026-06-15 23:45:16,24.0000,15.6096,9.8776,8.3904
2026-06-15 23:45:18,24.0000,15.6042,9.8763,8.3958
2026-06-15 23:45:20,24.0000,15.5741,9.8718,8.4259
2026-06-15 23:45:22,24.0000,15.5745,9.8284,8.4255
2026-06-15 23:45:24,24.0000,15.5630,9.8359,8.4370
2026-06-15 23:45:26,24.0000,15.5657,9.8289,8.4343
2026-06-15 23:45:28,24.0000,15.5724,9.8440,8.4276
2026-06-15 23:45:33,24.0000,15.8097,9.9410,8.1903
2026-06-15 23:45:35,24.0000,15.8880,9.9293,8.1120
2026-06-15 23:45:37,24.0000,15.8465,9.9839,8.1535
2026-06-15 23:45:43,24.0000,15.8497,9.9617,8.1503
2026-06-15 23:45:45,24.0000,15.8651,9.9537,8.1349
2026-06-15 23:45:47,24.0000,15.8790,9.9609,8.1210
2026-06-15 23:45:49,24.0000,15.8515,9.9841,8.1485
2026-06-15 23:45:55,24.0000,15.8784,9.9415,8.1216
2026-06-15 23:45:57,24.0000,15.8991,10.0058,8.1009
2026-06-15 23:45:59,24.0000,15.8669,9.9936,8.1331
2026-06-15 23:46:01,24.0000,15.8505,9.9904,8.1495
2026-06-15 23:46:03,24.0000,15.6660,9.8576,8.3340
2026-06-15 23:46:05,24.0000,15.6503,9.8680,8.3497
2026-06-15 23:46:07,24.0000,15.6201,9.8716,8.3799
2026-06-15 23:46:09,24.0000,15.6096,9.8710,8.3904
2026-06-15 23:46:11,24.0000,15.6050,9.8701,8.3950
2026-06-15 23:46:13,24.0000,15.6060,9.8556,8.3940
2026-06-15 23:46:15,24.0000,15.5860,9.8564,8.4140
2026-06-15 23:46:21,24.0000,15.8188,9.9130,8.1812
2026-06-15 23:46:23,24.0000,15.8471,9.9692,8.1529
2026-06-15 23:46:29,24.0000,15.8069,9.9057,8.1931
2026-06-15 23:46:31,24.0000,15.8685,9.9849,8.1315
2026-06-15 23:46:33,24.0000,15.8272,9.9733,8.1728
2026-06-15 23:46:35,24.0000,15.8078,9.9969,8.1922
2026-06-15 23:46:37,24.0000,15.6559,9.8613,8.3441
2026-06-15 23:46:39,24.0000,15.6579,9.8641,8.3421
2026-06-15 23:46:41,24.0000,15.6399,9.8678,8.3601
2026-06-15 23:46:43,24.0000,15.6164,9.8616,8.3836
2026-06-15 23:46:48,24.0000,15.8048,9.9587,8.1952
2026-06-15 23:46:50,24.0000,15.7977,9.9614,8.2023
2026-06-15 23:46:52,24.0000,15.7761,9.9521,8.2239
2026-06-15 23:46:54,24.0000,15.7669,9.9507,8.2331
2026-06-15 23:46:56,24.0000,15.6534,9.8105,8.3466
2026-06-15 23:46:58,24.0000,15.6864,9.9066,8.3136
2026-06-15 23:47:00,24.0000,15.6614,9.9012,8.3386
2026-06-15 23:47:02,24.0000,15.6431,9.8976,8.3569
2026-06-15 23:47:04,24.0000,15.6320,9.8966,8.3680
2026-06-15 23:47:06,24.0000,15.6266,9.8956,8.3734
2026-06-15 23:47:08,24.0000,15.5989,9.8891,8.4011
2026-06-15 23:47:10,24.0000,15.5840,9.8753,8.4160
2026-06-15 23:47:17,24.0000,15.8504,9.9334,8.1496
2026-06-15 23:47:19,24.0000,15.8698,9.9310,8.1302
2026-06-15 23:47:21,24.0000,15.8537,9.9863,8.1463
2026-06-15 23:47:27,24.0000,15.8846,9.9524,8.1154
2026-06-15 23:47:29,24.0000,15.8941,10.0075,8.1059
2026-06-15 23:47:35,24.0000,15.8043,9.9382,8.1957
2026-06-15 23:47:37,24.0000,15.7957,9.9481,8.2043
2026-06-15 23:47:39,24.0000,15.7767,9.9264,8.2233
2026-06-15 23:47:41,24.0000,15.7982,9.8972,8.2018
2026-06-15 23:47:43,24.0000,15.6507,9.8165,8.3493
2026-06-15 23:47:45,24.0000,15.6837,9.8143,8.3163
2026-06-15 23:47:47,24.0000,15.6620,9.8808,8.3380
2026-06-15 23:47:53,24.0000,15.8129,9.9566,8.1871
2026-06-15 23:47:55,24.0000,15.7991,9.9505,8.2009
2026-06-15 23:47:57,24.0000,15.7850,9.9408,8.2150
2026-06-15 23:47:59,24.0000,15.7678,9.9215,8.2322
2026-06-15 23:48:01,24.0000,15.6193,9.8250,8.3807
2026-06-15 23:48:03,24.0000,15.6452,9.8703,8.3548
2026-06-15 23:48:08,24.0000,15.8374,9.9661,8.1626
2026-06-15 23:48:10,24.0000,15.8371,9.9507,8.1629
2026-06-15 23:48:12,24.0000,15.7877,9.9344,8.2123
2026-06-15 23:48:14,24.0000,15.8147,9.9122,8.1853
2026-06-15 23:48:16,24.0000,15.6731,9.8492,8.3269
2026-06-15 23:48:23,24.0000,15.8214,9.9673,8.1786
2026-06-15 23:48:25,24.0000,15.8046,9.9705,8.1954
2026-06-15 23:48:27,24.0000,15.7657,9.9544,8.2343
2026-06-15 23:48:29,24.0000,15.7964,9.9095,8.2036
2026-06-15 23:48:31,24.0000,15.7027,9.8518,8.2973
2026-06-15 23:48:33,24.0000,15.6854,9.8914,8.3146
2026-06-15 23:48:35,24.0000,15.6616,9.9200,8.3384
2026-06-15 23:48:37,24.0000,15.6426,9.9258,8.3574
2026-06-15 23:48:39,24.0000,15.6239,9.9250,8.3761
2026-06-15 23:48:41,24.0000,15.6042,9.9114,8.3958
2026-06-15 23:48:48,24.0000,15.8057,9.9394,8.1943
2026-06-15 23:48:50,24.0000,15.7944,9.9490,8.2056
2026-06-15 23:48:52,24.0000,15.8104,9.8927,8.1896
2026-06-15 23:48:54,24.0000,15.8450,9.9652,8.1550
2026-06-15 23:48:56,24.0000,15.6915,9.8579,8.3085
2026-06-15 23:49:01,24.0000,15.8350,9.9694,8.1650
2026-06-15 23:49:03,24.0000,15.8400,9.9656,8.1600
2026-06-15 23:49:05,24.0000,15.8149,9.9540,8.1851
2026-06-15 23:49:07,24.0000,15.7946,9.9466,8.2054
2026-06-15 23:49:09,24.0000,15.6534,9.8322,8.3466
2026-06-15 23:49:11,24.0000,15.6407,9.8346,8.3593
2026-06-15 23:49:13,24.0000,15.6267,9.8533,8.3733
2026-06-15 23:49:19,24.0000,15.8337,9.9548,8.1663
2026-06-15 23:49:21,24.0000,15.8753,9.9122,8.1247
2026-06-15 23:49:23,24.0000,15.8398,9.9704,8.1602
2026-06-15 23:49:25,24.0000,15.8295,9.9700,8.1705
2026-06-15 23:49:27,24.0000,15.6763,9.8688,8.3237
2026-06-15 23:49:29,24.0000,15.6598,9.8962,8.3402
2026-06-15 23:49:31,24.0000,15.6424,9.8958,8.3576
2026-06-15 23:49:33,24.0000,15.6276,9.8714,8.3724
2026-06-15 23:49:35,24.0000,15.6233,9.8706,8.3767
2026-06-15 23:49:37,24.0000,15.6238,9.8640,8.3762
2026-06-15 23:49:39,24.0000,15.5990,9.8485,8.4010
2026-06-15 23:49:41,24.0000,15.6006,9.8470,8.3994
2026-06-15 23:49:43,24.0000,15.5979,9.8549,8.4021
2026-06-15 23:49:45,24.0000,15.6087,9.8548,8.3913
2026-06-15 23:49:47,24.0000,15.5967,9.8528,8.4033
2026-06-15 23:49:49,24.0000,15.5952,9.8276,8.4048
2026-06-15 23:49:51,24.0000,15.6012,9.8285,8.3988
2026-06-15 23:49:53,24.0000,15.5994,9.8463,8.4006
2026-06-15 23:49:55,24.0000,15.6111,9.8475,8.3889
2026-06-15 23:49:57,24.0000,15.5977,9.8453,8.4023
2026-06-15 23:49:59,24.0000,15.6037,9.8238,8.3963
2026-06-15 23:50:01,24.0000,15.5975,9.8324,8.4025
2026-06-15 23:50:03,24.0000,15.5967,9.8442,8.4033
2026-06-15 23:50:05,24.0000,15.6125,9.8234,8.3875
2026-06-15 23:50:07,24.0000,15.6491,9.8594,8.3509
2026-06-15 23:50:09,24.0000,15.6437,9.8427,8.3563
2026-06-15 23:50:11,24.0000,15.6282,9.8645,8.3718
2026-06-15 23:50:13,24.0000,15.6370,9.8649,8.3630
2026-06-15 23:50:15,24.0000,15.6236,9.8620,8.3764
2026-06-15 23:50:17,24.0000,15.6124,9.8604,8.3876
2026-06-15 23:50:19,24.0000,15.5797,9.8399,8.4203
2026-06-15 23:50:21,24.0000,15.5766,9.8265,8.4234
2026-06-15 23:50:23,24.0000,15.5587,9.8818,8.4413
2026-06-15 23:50:25,24.0000,15.5504,9.8313,8.4496
2026-06-15 23:50:27,24.0000,15.5485,9.8682,8.4515
2026-06-15 23:50:29,24.0000,15.5484,9.8676,8.4516
2026-06-15 23:50:31,24.0000,15.5535,9.8315,8.4465
2026-06-15 23:50:33,24.0000,15.5456,9.8307,8.4544
2026-06-15 23:50:35,24.0000,15.5528,9.8316,8.4472
2026-06-15 23:50:37,24.0000,15.6133,9.8294,8.3867
2026-06-15 23:50:39,24.0000,15.5591,9.8292,8.4409
2026-06-15 23:50:41,24.0000,15.5320,9.8238,8.4680
2026-06-15 23:50:43,24.0000,15.5366,9.8219,8.4634
2026-06-15 23:50:45,24.0000,15.5330,9.8202,8.4670
2026-06-15 23:50:47,24.0000,15.5571,9.8148,8.4429
2026-06-15 23:50:49,24.0000,15.5451,9.8310,8.4549
2026-06-15 23:50:51,24.0000,15.5556,9.8197,8.4444
2026-06-15 23:50:53,24.0000,15.5765,9.8468,8.4235
2026-06-15 23:50:55,24.0000,15.5582,9.8422,8.4418
2026-06-15 23:50:57,24.0000,15.5889,9.8543,8.4111
2026-06-15 23:50:59,24.0000,15.5823,9.8427,8.4177
2026-06-15 23:51:01,24.0000,15.5828,9.8425,8.4172
2026-06-15 23:51:03,24.0000,15.5986,9.8356,8.4014
2026-06-15 23:51:05,24.0000,15.5903,9.8509,8.4097
2026-06-15 23:51:07,24.0000,15.5884,9.8533,8.4116
2026-06-15 23:51:09,24.0000,15.5771,9.8559,8.4229
2026-06-15 23:51:11,24.0000,15.5700,9.8551,8.4300
2026-06-15 23:51:13,24.0000,15.5792,9.8532,8.4208
2026-06-15 23:51:15,24.0000,15.5820,9.8522,8.4180
2026-06-15 23:51:17,24.0000,15.5703,9.8481,8.4297
2026-06-15 23:51:19,24.0000,15.5724,9.8459,8.4276
2026-06-15 23:51:21,24.0000,15.5733,9.8466,8.4267
2026-06-15 23:51:23,24.0000,15.6153,9.8478,8.3847
2026-06-15 23:51:25,24.0000,15.5996,9.8625,8.4004
2026-06-15 23:51:27,24.0000,15.5885,9.8622,8.4115
2026-06-15 23:51:29,24.0000,15.5825,9.8622,8.4175
2026-06-15 23:51:31,24.0000,15.5811,9.8535,8.4189
2026-06-15 23:51:33,24.0000,15.5671,9.8506,8.4329
2026-06-15 23:51:35,24.0000,15.5685,9.8506,8.4315
2026-06-15 23:51:37,24.0000,15.5666,9.8521,8.4334
2026-06-15 23:51:39,24.0000,15.5981,9.8361,8.4019
2026-06-15 23:51:41,24.0000,15.5968,9.8431,8.4032
2026-06-15 23:51:43,24.0000,15.5886,9.8592,8.4114
2026-06-15 23:51:45,24.0000,15.5565,9.8436,8.4435
2026-06-15 23:51:47,24.0000,15.5519,9.8133,8.4481
2026-06-15 23:51:49,24.0000,15.5457,9.8227,8.4543
2026-06-15 23:51:51,24.0000,15.5969,9.8245,8.4031
2026-06-15 23:51:53,24.0000,15.5779,9.8274,8.4221
2026-06-15 23:51:55,24.0000,15.5661,9.8317,8.4339
2026-06-15 23:51:57,24.0000,15.5657,9.8389,8.4343
2026-06-15 23:51:59,24.0000,15.6077,9.8581,8.3923
2026-06-15 23:52:01,24.0000,15.5919,9.8598,8.4081
2026-06-15 23:52:03,24.0000,15.5748,9.8553,8.4252
2026-06-15 23:52:05,24.0000,15.5679,9.8547,8.4321
2026-06-15 23:52:07,24.0000,15.6188,9.8299,8.3812
2026-06-15 23:52:09,24.0000,15.5865,9.8506,8.4135
2026-06-15 23:52:11,24.0000,15.5975,9.8570,8.4025
2026-06-15 23:52:13,24.0000,15.5905,9.8558,8.4095
2026-06-15 23:52:15,24.0000,15.5887,9.8559,8.4113
2026-06-15 23:52:17,24.0000,15.6422,9.8428,8.3578
2026-06-15 23:52:19,24.0000,15.6221,9.8707,8.3779
2026-06-15 23:52:21,24.0000,15.6073,9.8664,8.3927
2026-06-15 23:52:23,24.0000,15.5962,9.8579,8.4038
2026-06-15 23:52:25,24.0000,15.5900,9.8577,8.4100
2026-06-15 23:52:27,24.0000,15.5868,9.8576,8.4132
2026-06-15 23:52:29,24.0000,15.5762,9.8549,8.4238
2026-06-15 23:52:31,24.0000,15.5757,9.8488,8.4243
2026-06-15 23:52:33,24.0000,15.5747,9.8492,8.4253
2026-06-15 23:52:35,24.0000,15.5752,9.8505,8.4248
2026-06-15 23:52:37,24.0000,15.5743,9.8499,8.4257
2026-06-15 23:52:39,24.0000,15.6183,9.8427,8.3817
2026-06-15 23:52:41,24.0000,15.6063,9.8655,8.3937
2026-06-15 23:52:43,24.0000,15.6877,9.8613,8.3123
2026-06-15 23:52:45,24.0000,15.7382,9.8803,8.2618
2026-06-15 23:52:47,24.0000,15.7238,9.9140,8.2762
2026-06-15 23:52:49,24.0000,15.7487,9.8805,8.2513
2026-06-15 23:52:51,24.0000,15.7334,9.8764,8.2666
2026-06-15 23:52:53,24.0000,15.7240,9.9086,8.2760
2026-06-15 23:52:55,24.0000,15.7023,9.8743,8.2977
2026-06-15 23:52:57,24.0000,15.7014,9.8748,8.2986
2026-06-15 23:52:59,24.0000,15.6848,9.8753,8.3152
2026-06-15 23:53:01,24.0000,15.6812,9.8788,8.3188
2026-06-15 23:53:03,24.0000,15.6691,9.8724,8.3309
2026-06-15 23:53:05,24.0000,15.6692,9.8817,8.3308
2026-06-15 23:53:07,24.0000,15.6638,9.8866,8.3362
2026-06-15 23:53:09,24.0000,15.7231,9.8940,8.2769
2026-06-15 23:53:11,24.0000,15.7242,9.8955,8.2758
2026-06-15 23:53:13,24.0000,15.7272,9.9153,8.2728
2026-06-15 23:53:15,24.0000,15.7252,9.9151,8.2748
2026-06-15 23:53:17,24.0000,15.7246,9.9148,8.2754
2026-06-15 23:53:19,24.0000,15.7334,9.8823,8.2666
2026-06-15 23:53:21,24.0000,15.7263,9.8997,8.2737
2026-06-15 23:53:23,24.0000,15.7127,9.8992,8.2873
2026-06-15 23:53:25,24.0000,15.7243,9.8918,8.2757
2026-06-15 23:53:27,24.0000,15.7250,9.8949,8.2750
2026-06-15 23:53:29,24.0000,15.7195,9.8920,8.2805
2026-06-15 23:53:31,24.0000,15.7064,9.8909,8.2936
2026-06-15 23:53:33,24.0000,15.6737,9.8753,8.3263
2026-06-15 23:53:35,24.0000,15.6661,9.8572,8.3339
2026-06-15 23:53:37,24.0000,15.6668,9.8702,8.3332
2026-06-15 23:53:39,24.0000,15.6346,9.8355,8.3654
2026-06-15 23:53:41,24.0000,15.6386,9.8518,8.3614
2026-06-15 23:53:43,24.0000,15.6538,9.8594,8.3462
2026-06-15 23:53:45,24.0000,15.6394,9.8611,8.3606
2026-06-15 23:53:47,24.0000,15.6399,9.8627,8.3601
2026-06-15 23:53:49,24.0000,15.6405,9.8601,8.3595
2026-06-15 23:53:51,24.0000,15.6626,9.8516,8.3374
2026-06-15 23:53:53,24.0000,15.6640,9.8703,8.3360
2026-06-15 23:53:55,24.0000,15.6492,9.8553,8.3508
2026-06-15 23:53:57,24.0000,15.6549,9.8637,8.3451
2026-06-15 23:53:59,24.0000,15.6586,9.8677,8.3414
2026-06-15 23:54:01,24.0000,15.6641,9.8687,8.3359
2026-06-15 23:54:03,24.0000,15.6480,9.8694,8.3520
2026-06-15 23:54:05,24.0000,15.6996,9.8635,8.3004
2026-06-15 23:54:07,24.0000,15.7057,9.8966,8.2943
2026-06-15 23:54:09,24.0000,15.6868,9.8923,8.3132
2026-06-15 23:54:11,24.0000,15.6885,9.8848,8.3115
2026-06-15 23:54:13,24.0000,15.7026,9.8970,8.2974
2026-06-15 23:54:15,24.0000,15.7246,9.8721,8.2754
2026-06-15 23:54:17,24.0000,15.7028,9.8936,8.2972
2026-06-15 23:54:19,24.0000,15.7175,9.8744,8.2825
2026-06-15 23:54:21,24.0000,15.7263,9.8790,8.2737
2026-06-15 23:54:23,24.0000,15.6915,9.8846,8.3085
2026-06-15 23:54:25,24.0000,15.6861,9.8845,8.3139
2026-06-15 23:54:27,24.0000,15.6774,9.8851,8.3226
2026-06-15 23:54:29,24.0000,15.6743,9.8817,8.3257
2026-06-15 23:54:31,24.0000,15.6600,9.8836,8.3400
2026-06-15 23:54:33,24.0000,15.6728,9.8752,8.3272
2026-06-15 23:54:35,24.0000,15.6707,9.8730,8.3293
2026-06-15 23:54:37,24.0000,15.6729,9.8751,8.3271
2026-06-15 23:54:39,24.0000,15.6670,9.8719,8.3330
2026-06-15 23:54:41,24.0000,15.7745,9.8700,8.2255
2026-06-15 23:54:43,24.0000,15.7475,9.8955,8.2525
2026-06-15 23:54:45,24.0000,15.7369,9.8916,8.2631
2026-06-15 23:54:47,24.0000,15.7895,9.8790,8.2105
2026-06-15 23:54:49,24.0000,15.7677,9.8911,8.2323
2026-06-15 23:54:51,24.0000,15.8703,9.9515,8.1297
2026-06-15 23:54:53,24.0000,15.9386,9.9890,8.0614
2026-06-15 23:54:55,24.0000,15.9278,9.9683,8.0722
2026-06-15 23:54:57,24.0000,15.9885,9.9778,8.0115
2026-06-15 23:54:59,24.0000,15.9450,10.0007,8.0550
2026-06-15 23:55:01,24.0000,15.9733,9.9851,8.0267
2026-06-15 23:55:03,24.0000,15.9369,10.0058,8.0631
2026-06-15 23:55:05,24.0000,15.9261,10.0033,8.0739
2026-06-15 23:55:07,24.0000,15.9213,10.0027,8.0787
2026-06-15 23:55:09,24.0000,15.9173,10.0008,8.0827
2026-06-15 23:55:11,24.0000,15.8989,9.9895,8.1011
2026-06-15 23:55:13,24.0000,15.8993,9.9725,8.1007
2026-06-15 23:55:15,24.0000,15.9011,9.9725,8.0989
2026-06-15 23:55:17,24.0000,15.8996,9.9760,8.1004
2026-06-15 23:55:19,24.0000,15.8997,9.9793,8.1003
2026-06-15 23:55:21,24.0000,15.8700,9.9892,8.1300
2026-06-15 23:55:23,24.0000,15.8694,9.9698,8.1306
2026-06-15 23:55:25,24.0000,15.8706,9.9830,8.1294
2026-06-15 23:55:27,24.0000,15.8687,9.9803,8.1313
2026-06-15 23:55:29,24.0000,15.8842,9.9604,8.1158
2026-06-15 23:55:31,24.0000,16.2708,9.9855,7.7292
2026-06-15 23:55:33,24.0000,16.4207,9.9784,7.5793
2026-06-15 23:55:35,24.0000,16.4059,10.0071,7.5941
2026-06-15 23:55:37,24.0000,16.1252,9.8977,7.8748
2026-06-15 23:55:39,24.0000,16.1826,9.8824,7.8174
2026-06-15 23:55:41,24.0000,16.1214,9.9048,7.8786
2026-06-15 23:55:43,24.0000,16.0946,9.9027,7.9054
2026-06-15 23:55:45,24.0000,16.1040,9.9006,7.8960
2026-06-15 23:55:47,24.0000,16.0925,9.8953,7.9075
2026-06-15 23:55:49,24.0000,16.0775,9.8866,7.9225
2026-06-15 23:55:51,24.0000,16.0753,9.8878,7.9247
2026-06-15 23:55:53,24.0000,16.0763,9.8877,7.9237
2026-06-15 23:55:55,24.0000,16.1620,9.8754,7.8380
2026-06-15 23:55:57,24.0000,16.1329,9.9059,7.8671
2026-06-15 23:55:59,24.0000,16.1557,9.9149,7.8443
2026-06-15 23:56:01,24.0000,16.1622,9.8554,7.8378
2026-06-15 23:56:03,24.0000,16.1572,9.8890,7.8428
2026-06-15 23:56:05,24.0000,16.2728,9.8421,7.7272
2026-06-15 23:56:07,24.0000,16.3100,9.9175,7.6900
2026-06-15 23:56:09,24.0000,16.3187,9.9218,7.6813
2026-06-15 23:56:11,24.0000,16.4511,9.8553,7.5489
2026-06-15 23:56:13,24.0000,16.4408,9.8759,7.5592
2026-06-15 23:56:15,24.0000,16.4512,9.8898,7.5488
2026-06-15 23:56:17,24.0000,16.4277,9.9624,7.5723
2026-06-15 23:56:19,24.0000,16.4181,9.9236,7.5819
2026-06-15 23:56:21,24.0000,16.4707,9.9095,7.5293
2026-06-15 23:56:23,24.0000,16.4606,9.9105,7.5394
2026-06-15 23:56:25,24.0000,16.4348,9.9366,7.5652
2026-06-15 23:56:27,24.0000,16.3939,9.9541,7.6061
2026-06-15 23:56:29,24.0000,16.3822,9.9456,7.6178
2026-06-15 23:56:31,24.0000,16.3904,9.9453,7.6096
2026-06-15 23:56:33,24.0000,16.4197,9.9291,7.5803
2026-06-15 23:56:35,24.0000,16.4235,9.8933,7.5765
2026-06-15 23:56:37,24.0000,16.4043,9.9496,7.5957
2026-06-15 23:56:39,24.0000,16.3979,9.9069,7.6021
2026-06-15 23:56:41,24.0000,16.3951,9.8663,7.6049
2026-06-15 23:56:43,24.0000,16.4007,9.9460,7.5993
2026-06-15 23:56:45,24.0000,16.3916,9.9452,7.6084
2026-06-15 23:56:47,24.0000,16.4088,9.9485,7.5912
2026-06-15 23:56:49,24.0000,16.3868,9.9823,7.6132
2026-06-15 23:56:51,24.0000,16.3928,9.9438,7.6072
2026-06-15 23:56:53,24.0000,16.3535,9.9597,7.6465
2026-06-15 23:56:55,24.0000,16.3894,9.9124,7.6106
2026-06-15 23:56:57,24.0000,16.4119,9.9374,7.5881
2026-06-15 23:56:59,24.0000,16.4101,9.9406,7.5899
2026-06-15 23:57:01,24.0000,16.4344,9.8970,7.5656
2026-06-15 23:57:03,24.0000,16.4404,9.9425,7.5596
2026-06-15 23:57:05,24.0000,16.4116,9.9407,7.5884
2026-06-15 23:57:07,24.0000,16.3884,9.9424,7.6116
2026-06-15 23:57:09,24.0000,16.3770,9.9523,7.6230
2026-06-15 23:57:11,24.0000,16.3680,9.9648,7.6320
2026-06-15 23:57:13,24.0000,16.3431,9.9557,7.6569
2026-06-15 23:57:15,24.0000,16.3356,9.9482,7.6644
2026-06-15 23:57:17,24.0000,16.3352,9.9484,7.6648
2026-06-15 23:57:19,24.0000,16.3389,9.9190,7.6611
2026-06-15 23:57:21,24.0000,16.3579,9.9123,7.6421
2026-06-15 23:57:23,24.0000,16.3792,9.9258,7.6208
2026-06-15 23:57:25,24.0000,16.3771,9.9270,7.6229
2026-06-15 23:57:27,24.0000,16.3802,9.9319,7.6198
2026-06-15 23:57:29,24.0000,16.3792,9.9315,7.6208
2026-06-15 23:57:31,24.0000,16.3786,9.9321,7.6214
2026-06-15 23:57:33,24.0000,16.3631,9.9202,7.6369
2026-06-15 23:57:35,24.0000,16.4328,9.9158,7.5672
2026-06-15 23:57:37,24.0000,16.4001,9.9393,7.5999
2026-06-15 23:57:39,24.0000,16.3946,9.9257,7.6054
2026-06-15 23:57:41,24.0000,16.3736,9.9247,7.6264
2026-06-15 23:57:43,24.0000,16.3687,9.9247,7.6313
2026-06-15 23:57:45,24.0000,16.3575,9.9354,7.6425
2026-06-15 23:57:47,24.0000,16.3581,9.9222,7.6419
2026-06-15 23:57:49,24.0000,16.3966,9.9344,7.6034
2026-06-15 23:57:51,24.0000,16.3829,9.9305,7.6171
2026-06-15 23:57:53,24.0000,16.3783,9.9293,7.6217
2026-06-15 23:57:55,24.0000,16.3713,9.9271,7.6287
2026-06-15 23:57:57,24.0000,16.3782,9.9307,7.6218
2026-06-15 23:57:59,24.0000,16.4136,9.9357,7.5864
2026-06-15 23:58:01,24.0000,16.4539,9.9429,7.5461
2026-06-15 23:58:03,24.0000,16.4369,9.9382,7.5631
2026-06-15 23:58:05,24.0000,15.9518,9.7023,8.0482
2026-06-15 23:58:07,24.0000,15.8222,9.8244,8.1778
2026-06-15 23:58:09,24.0000,15.8068,9.7355,8.1932
2026-06-15 23:58:11,24.0000,15.7685,9.6731,8.2315
2026-06-15 23:58:13,24.0000,15.7013,9.5392,8.2987
2026-06-15 23:58:15,24.0000,15.0782,9.5129,8.9218
2026-06-15 23:58:17,24.0000,14.9879,9.4399,9.0121
2026-06-15 23:58:19,24.0000,15.0280,9.4661,8.9720
2026-06-15 23:58:21,24.0000,14.9947,9.5419,9.0053
2026-06-15 23:58:23,24.0000,15.0059,9.4929,8.9941
2026-06-15 23:58:25,24.0000,14.9720,9.5058,9.0280
2026-06-15 23:58:27,24.0000,15.0684,9.4749,8.9316
2026-06-15 23:58:29,24.0000,15.1102,9.4480,8.8898
2026-06-15 23:58:31,24.0000,15.1101,9.4887,8.8899
2026-06-15 23:58:33,24.0000,15.1018,9.4669,8.8982
2026-06-15 23:58:35,24.0000,15.0880,9.5438,8.9120
2026-06-15 23:58:37,24.0000,15.0896,9.4935,8.9104
2026-06-15 23:58:39,24.0000,15.0247,9.4891,8.9753
2026-06-15 23:58:41,24.0000,15.0487,9.5487,8.9513
2026-06-15 23:58:43,24.0000,15.0091,9.5586,8.9909
2026-06-15 23:58:45,24.0000,15.0009,9.5567,8.9991
2026-06-15 23:58:47,24.0000,14.9877,9.5542,9.0123
2026-06-15 23:58:49,24.0000,14.9661,9.5477,9.0339
2026-06-15 23:58:51,24.0000,14.9668,9.5458,9.0332
2026-06-15 23:58:53,24.0000,14.9334,9.5181,9.0666
2026-06-15 23:58:55,24.0000,14.8834,9.4904,9.1166
2026-06-15 23:58:57,24.0000,14.9021,9.5004,9.0979
2026-06-15 23:58:59,24.0000,14.8953,9.4976,9.1047
2026-06-15 23:59:01,24.0000,14.8955,9.4975,9.1045
2026-06-15 23:59:03,24.0000,14.8836,9.4957,9.1164
2026-06-15 23:59:05,24.0000,14.8815,9.4907,9.1185
2026-06-15 23:59:07,24.0000,14.8789,9.4698,9.1211
2026-06-15 23:59:09,24.0000,14.8795,9.4850,9.1205
2026-06-15 23:59:11,24.0000,14.7447,9.4503,9.2553
2026-06-15 23:59:13,24.0000,14.7033,9.4047,9.2967
2026-06-15 23:59:15,24.0000,14.6996,9.4039,9.3004
2026-06-15 23:59:17,24.0000,14.7460,9.4151,9.2540
2026-06-15 23:59:19,24.0000,14.9296,9.3577,9.0704
2026-06-15 23:59:21,24.0000,14.8531,9.4381,9.1469
2026-06-15 23:59:23,24.0000,14.8402,9.4343,9.1598
2026-06-15 23:59:25,24.0000,14.9836,9.4411,9.0164
2026-06-15 23:59:27,24.0000,14.9663,9.5043,9.0337
2026-06-15 23:59:29,24.0000,14.9386,9.5483,9.0614
2026-06-15 23:59:31,24.0000,14.8687,9.4478,9.1313
2026-06-15 23:59:33,24.0000,14.8367,9.4650,9.1633
2026-06-15 23:59:35,24.0000,14.8473,9.4536,9.1527
2026-06-15 23:59:37,24.0000,14.8389,9.4734,9.1611
2026-06-15 23:59:39,24.0000,14.7557,9.3874,9.2443
2026-06-15 23:59:41,24.0000,14.7081,9.4381,9.2919
2026-06-15 23:59:43,24.0000,14.6803,9.4096,9.3197
2026-06-15 23:59:45,24.0000,14.6677,9.4184,9.3323
2026-06-15 23:59:47,24.0000,14.6786,9.4237,9.3214
2026-06-15 23:59:49,24.0000,14.6668,9.4199,9.3332
2026-06-15 23:59:51,24.0000,14.6744,9.3995,9.3256
2026-06-15 23:59:53,24.0000,14.6603,9.4020,9.3397
2026-06-15 23:59:55,24.0000,14.6718,9.4009,9.3282
2026-06-15 23:59:57,24.0000,14.6598,9.4137,9.3402
2026-06-15 23:59:59,24.0000,14.6576,9.4143,9.3424
2026-06-16 00:00:01,24.0000,14.7090,9.4301,9.2910
2026-06-16 00:00:03,24.0000,14.7650,9.4544,9.2350
2026-06-16 00:00:05,24.0000,14.7536,9.4794,9.2464
2026-06-16 00:00:07,24.0000,14.7430,9.4764,9.2570
2026-06-16 00:00:09,24.0000,14.7318,9.4733,9.2682
2026-06-16 00:00:11,24.0000,14.7525,9.4708,9.2475
2026-06-16 00:00:13,24.0000,14.7404,9.4725,9.2596
2026-06-16 00:00:15,24.0000,14.7364,9.4718,9.2636
2026-06-16 00:00:17,24.0000,14.7355,9.4714,9.2645
2026-06-16 00:03:43,24.0000,15.3582,9.6957,8.6418
2026-06-16 00:03:45,24.0000,15.2723,9.7051,8.7277
2026-06-16 00:03:47,24.0000,15.2138,9.6634,8.7862
2026-06-16 00:03:49,24.0000,15.2097,9.6785,8.7903
2026-06-16 00:03:57,24.0000,15.4133,9.6526,8.5867
2026-06-16 00:03:59,24.0000,15.3578,9.7247,8.6422
2026-06-16 00:04:01,24.0000,15.3036,9.7062,8.6964
2026-06-16 00:04:03,24.0000,15.3907,9.7105,8.6093
2026-06-16 00:04:05,24.0000,15.2010,9.6228,8.7990
2026-06-16 00:04:07,24.0000,15.2369,9.6711,8.7631
2026-06-16 00:04:09,24.0000,15.2370,9.6709,8.7630
2026-06-16 00:04:11,24.0000,15.2147,9.6683,8.7853
2026-06-16 00:04:13,24.0000,15.2101,9.6641,8.7899
2026-06-16 00:04:15,24.0000,15.1988,9.6329,8.8012
2026-06-16 00:04:17,24.0000,15.1805,9.6429,8.8195
2026-06-16 00:04:19,24.0000,15.1814,9.6385,8.8186
2026-06-16 00:04:21,24.0000,15.1721,9.6385,8.8279
2026-06-16 00:04:23,24.0000,15.1783,9.6391,8.8217
2026-06-16 00:04:25,24.0000,15.1712,9.6376,8.8288
2026-06-16 00:04:27,24.0000,15.2640,9.6234,8.7360
2026-06-16 00:04:29,24.0000,15.2073,9.6533,8.7927
2026-06-16 00:04:31,24.0000,15.1858,9.6501,8.8142
2026-06-16 00:04:33,24.0000,15.2031,9.6543,8.7969
2026-06-16 00:04:35,24.0000,15.1919,9.6584,8.8081
2026-06-16 00:04:37,24.0000,15.1876,9.6512,8.8124
2026-06-16 00:04:39,24.0000,15.1783,9.6443,8.8217
2026-06-16 00:04:41,24.0000,15.1778,9.6237,8.8222
2026-06-16 00:04:43,24.0000,15.1717,9.6272,8.8283
2026-06-16 00:04:45,24.0000,15.1645,9.6358,8.8355
2026-06-16 00:04:47,24.0000,15.1612,9.6375,8.8388
2026-06-16 00:05:11,24.0000,15.5633,9.7310,8.4367
2026-06-16 00:05:13,24.0000,15.4866,9.7014,8.5134
2026-06-16 00:05:15,24.0000,15.5269,9.6229,8.4731
2026-06-16 00:05:17,24.0000,15.5007,9.7516,8.4993
2026-06-16 00:05:19,24.0000,15.3360,9.6331,8.6640
2026-06-16 00:05:21,24.0000,15.3282,9.6403,8.6718
2026-06-16 00:05:23,24.0000,15.2931,9.6482,8.7069
2026-06-16 00:05:25,24.0000,15.3044,9.6439,8.6956
2026-06-16 00:05:27,24.0000,15.2345,9.6202,8.7655
2026-06-16 00:05:29,24.0000,15.2205,9.6192,8.7795
2026-06-16 00:05:31,24.0000,15.2119,9.6069,8.7881
2026-06-16 00:05:33,24.0000,15.1804,9.5960,8.8196
2026-06-16 00:05:35,24.0000,15.1786,9.5967,8.8214
2026-06-16 00:05:37,24.0000,15.1805,9.5959,8.8195
2026-06-16 00:05:43,24.0000,15.5265,9.7053,8.4735
2026-06-16 00:05:45,24.0000,15.5114,9.6638,8.4886
2026-06-16 00:05:47,24.0000,15.4509,9.7396,8.5491
2026-06-16 00:05:49,24.0000,15.4183,9.7200,8.5817
2026-06-16 00:05:51,24.0000,15.2509,9.6024,8.7491
2026-06-16 00:05:53,24.0000,15.2158,9.6200,8.7842
2026-06-16 00:05:55,24.0000,15.1790,9.6038,8.8210
2026-06-16 00:05:57,24.0000,15.1587,9.5973,8.8413
2026-06-16 00:05:59,24.0000,15.1527,9.6049,8.8473
2026-06-16 00:06:01,24.0000,15.1501,9.5979,8.8499
2026-06-16 00:06:03,24.0000,15.1356,9.6053,8.8644
2026-06-16 00:06:05,24.0000,15.1362,9.5937,8.8638
2026-06-16 00:06:07,24.0000,15.1304,9.5920,8.8696
2026-06-16 00:06:09,24.0000,15.1297,9.5876,8.8703
2026-06-16 00:06:11,24.0000,15.1168,9.6037,8.8832
2026-06-16 00:06:13,24.0000,15.1315,9.5532,8.8685
2026-06-16 00:06:15,24.0000,15.1218,9.5738,8.8782
2026-06-16 00:06:17,24.0000,15.1192,9.5842,8.8808
2026-06-16 00:06:19,24.0000,15.1186,9.5672,8.8814
2026-06-16 00:06:21,24.0000,15.1225,9.5738,8.8775
2026-06-16 00:06:23,24.0000,15.1212,9.5751,8.8788
2026-06-16 00:06:25,24.0000,15.1173,9.5548,8.8827
2026-06-16 00:06:27,24.0000,15.1219,9.5713,8.8781
2026-06-16 00:06:29,24.0000,15.1181,9.5714,8.8819
2026-06-16 00:06:31,24.0000,15.1147,9.5865,8.8853
2026-06-16 00:06:33,24.0000,15.0976,9.5729,8.9024
2026-06-16 00:06:35,24.0000,15.0973,9.5815,8.9027
2026-06-16 00:06:37,24.0000,15.1006,9.5421,8.8994
2026-06-16 00:06:39,24.0000,15.0999,9.5742,8.9001
2026-06-16 00:06:41,24.0000,15.1008,9.5749,8.8992
2026-06-16 00:06:43,24.0000,15.1163,9.5495,8.8837
2026-06-16 00:06:45,24.0000,15.1029,9.5884,8.8971
2026-06-16 00:06:47,24.0000,15.1036,9.5487,8.8964
2026-06-16 00:06:49,24.0000,15.1048,9.5486,8.8952
2026-06-16 00:06:51,24.0000,15.1419,9.5862,8.8581
2026-06-16 00:06:53,24.0000,15.1288,9.5590,8.8712
2026-06-16 00:06:55,24.0000,15.1139,9.5732,8.8861
2026-06-16 00:06:57,24.0000,15.0997,9.5669,8.9003
2026-06-16 00:06:59,24.0000,15.0933,9.5634,8.9067
2026-06-16 00:07:01,24.0000,15.1204,9.5777,8.8796
2026-06-16 00:07:03,24.0000,15.1045,9.5764,8.8955
2026-06-16 00:07:05,24.0000,15.1095,9.5735,8.8905
2026-06-16 00:07:07,24.0000,15.1115,9.5731,8.8885
2026-06-16 00:07:09,24.0000,15.1008,9.5711,8.8992
2026-06-16 00:07:11,24.0000,15.1442,9.5624,8.8558
2026-06-16 00:07:13,24.0000,15.1273,9.5784,8.8727
2026-06-16 00:07:15,24.0000,15.1451,9.5673,8.8549
2026-06-16 00:07:17,24.0000,15.1198,9.5626,8.8802
2026-06-16 00:07:19,24.0000,15.1355,9.5649,8.8645
2026-06-16 00:07:21,24.0000,15.1130,9.5677,8.8870
2026-06-16 00:07:23,24.0000,15.1107,9.5745,8.8893
2026-06-16 00:07:25,24.0000,15.1013,9.5738,8.8987
2026-06-16 00:07:27,24.0000,15.0995,9.5800,8.9005
2026-06-16 00:07:29,24.0000,15.0884,9.5683,8.9116
2026-06-16 00:07:31,24.0000,15.0862,9.5682,8.9138
2026-06-16 00:07:33,24.0000,15.0858,9.5682,8.9142
2026-06-16 00:07:35,24.0000,15.0852,9.5682,8.9148
2026-06-16 00:07:37,24.0000,15.0474,9.5454,8.9526
2026-06-16 00:07:39,24.0000,15.0188,9.5276,8.9812
2026-06-16 00:07:41,24.0000,15.0380,9.5213,8.9620
2026-06-16 00:07:43,24.0000,15.0380,9.5307,8.9620
2026-06-16 00:07:45,24.0000,15.0374,9.5384,8.9626
2026-06-16 00:07:47,24.0000,15.0374,9.5429,8.9626
2026-06-16 00:07:49,24.0000,15.0284,9.5763,8.9716
2026-06-16 00:07:51,24.0000,15.0283,9.5808,8.9717
2026-06-16 00:07:53,24.0000,15.0222,9.5777,8.9778
2026-06-16 00:07:55,24.0000,15.0434,9.5585,8.9566
2026-06-16 00:07:57,24.0000,15.0434,9.5624,8.9566
2026-06-16 00:07:59,24.0000,15.0584,9.5408,8.9416
2026-06-16 00:08:01,24.0000,15.0452,9.5417,8.9548
2026-06-16 00:08:03,24.0000,15.1162,9.5433,8.8838
2026-06-16 00:08:05,24.0000,15.0942,9.5662,8.9058
2026-06-16 00:08:07,24.0000,15.0794,9.5628,8.9206
2026-06-16 00:08:09,24.0000,15.0744,9.5621,8.9256
2026-06-16 00:08:11,24.0000,15.0793,9.5620,8.9207
2026-06-16 00:08:13,24.0000,15.0758,9.5594,8.9242
2026-06-16 00:08:15,24.0000,15.0648,9.5563,8.9352
2026-06-16 00:08:17,24.0000,15.0625,9.5561,8.9375
2026-06-16 00:08:19,24.0000,15.0632,9.5561,8.9368
2026-06-16 00:08:21,24.0000,15.0649,9.5560,8.9351
2026-06-16 00:08:23,24.0000,15.0757,9.5560,8.9243
2026-06-16 00:08:25,24.0000,15.0629,9.5318,8.9371
2026-06-16 00:08:27,24.0000,15.0619,9.5380,8.9381
2026-06-16 00:08:29,24.0000,15.0647,9.5524,8.9353
2026-06-16 00:08:31,24.0000,15.1301,9.5519,8.8699
2026-06-16 00:08:33,24.0000,15.1213,9.5787,8.8787
2026-06-16 00:08:35,24.0000,15.1065,9.5741,8.8935
2026-06-16 00:08:37,24.0000,15.0982,9.5738,8.9018
2026-06-16 00:08:39,24.0000,15.0836,9.5658,8.9164
2026-06-16 00:08:41,24.0000,15.1246,9.5575,8.8754
2026-06-16 00:08:43,24.0000,15.1270,9.5675,8.8730
2026-06-16 00:08:45,24.0000,15.1040,9.5757,8.8960
2026-06-16 00:08:47,24.0000,15.0919,9.5757,8.9081
2026-06-16 00:08:49,24.0000,15.0888,9.5448,8.9112
2026-06-16 00:08:51,24.0000,15.0835,9.5526,8.9165
2026-06-16 00:08:53,24.0000,15.0709,9.5920,8.9291
2026-06-16 00:08:55,24.0000,15.1218,9.5769,8.8782
2026-06-16 00:08:57,24.0000,15.1191,9.5811,8.8809
2026-06-16 00:08:59,24.0000,15.1070,9.5854,8.8930
2026-06-16 00:09:01,24.0000,15.0993,9.5787,8.9007
2026-06-16 00:09:03,24.0000,15.0981,9.5797,8.9019
2026-06-16 00:09:05,24.0000,15.0852,9.5787,8.9148
2026-06-16 00:09:07,24.0000,15.0844,9.6081,8.9156
2026-06-16 00:09:09,24.0000,15.0867,9.5726,8.9133
2026-06-16 00:09:11,24.0000,15.0921,9.5679,8.9079
2026-06-16 00:09:13,24.0000,15.1052,9.5671,8.8948
2026-06-16 00:09:15,24.0000,15.1074,9.5772,8.8926
2026-06-16 00:09:17,24.0000,15.1074,9.5804,8.8926
2026-06-16 00:09:19,24.0000,15.1071,9.5813,8.8929
2026-06-16 00:09:21,24.0000,15.1066,9.5961,8.8934
2026-06-16 00:09:23,24.0000,15.1058,9.6093,8.8942
2026-06-16 00:09:25,24.0000,15.1038,9.6008,8.8962
2026-06-16 00:09:27,24.0000,15.0855,9.5645,8.9145
2026-06-16 00:09:29,24.0000,15.0879,9.5413,8.9121
2026-06-16 00:09:31,24.0000,15.0881,9.5448,8.9119
2026-06-16 00:09:33,24.0000,15.0875,9.5519,8.9125
2026-06-16 00:09:35,24.0000,15.0878,9.5647,8.9122
2026-06-16 00:09:37,24.0000,15.0869,9.5647,8.9131
2026-06-16 00:09:39,24.0000,15.0754,9.5595,8.9246
2026-06-16 00:09:41,24.0000,15.0741,9.5578,8.9259
2026-06-16 00:09:43,24.0000,15.0730,9.5586,8.9270
2026-06-16 00:09:45,24.0000,15.0735,9.5652,8.9265
2026-06-16 00:09:47,24.0000,15.0748,9.5382,8.9252
2026-06-16 00:09:49,24.0000,15.1638,9.5955,8.8362
2026-06-16 00:09:51,24.0000,15.1434,9.5904,8.8566
2026-06-16 00:09:53,24.0000,15.1254,9.5837,8.8746
2026-06-16 00:09:55,24.0000,15.1474,9.5786,8.8526
2026-06-16 00:09:57,24.0000,15.1305,9.5920,8.8695
2026-06-16 00:09:59,24.0000,15.1191,9.5917,8.8809
2026-06-16 00:10:01,24.0000,15.1155,9.5912,8.8845
2026-06-16 00:10:03,24.0000,15.1128,9.5912,8.8872
2026-06-16 00:10:05,24.0000,15.0985,9.5883,8.9015
2026-06-16 00:10:07,24.0000,15.0978,9.5882,8.9022
2026-06-16 00:10:09,24.0000,15.0981,9.5882,8.9019
2026-06-16 00:10:11,24.0000,15.1035,9.5885,8.8965
2026-06-16 00:10:13,24.0000,15.1144,9.5861,8.8856
2026-06-16 00:10:15,24.0000,15.1161,9.5862,8.8839
2026-06-16 00:10:17,24.0000,15.1092,9.5862,8.8908
2026-06-16 00:10:19,24.0000,15.1053,9.5859,8.8947
2026-06-16 00:10:21,24.0000,15.1047,9.5859,8.8953
2026-06-16 00:10:23,24.0000,15.1531,9.5772,8.8469
2026-06-16 00:10:25,24.0000,15.1572,9.5974,8.8428
2026-06-16 00:10:27,24.0000,15.1375,9.5983,8.8625
2026-06-16 00:10:29,24.0000,15.1379,9.5966,8.8621
2026-06-16 00:10:31,24.0000,15.1211,9.5964,8.8789
2026-06-16 00:10:33,24.0000,15.1190,9.5965,8.8810
2026-06-16 00:10:35,24.0000,15.1065,9.5935,8.8935
2026-06-16 00:10:37,24.0000,15.1027,9.5896,8.8973
2026-06-16 00:10:39,24.0000,15.1019,9.5896,8.8981
2026-06-16 00:10:41,24.0000,15.1033,9.5896,8.8967
2026-06-16 00:10:43,24.0000,15.1001,9.5896,8.8999
2026-06-16 00:10:45,24.0000,15.1023,9.5685,8.8977
2026-06-16 00:10:47,24.0000,15.1027,9.5759,8.8973
2026-06-16 00:10:49,24.0000,15.1038,9.5768,8.8962
2026-06-16 00:10:51,24.0000,15.1031,9.5820,8.8969
2026-06-16 00:10:53,24.0000,15.0997,9.5741,8.9003
2026-06-16 00:10:55,24.0000,15.0978,9.5728,8.9022
2026-06-16 00:10:57,24.0000,15.1264,9.5714,8.8736
2026-06-16 00:10:59,24.0000,15.2788,9.5229,8.7212
2026-06-16 00:11:01,24.0000,15.4009,9.6090,8.5991
2026-06-16 00:11:03,24.0000,15.2957,9.6776,8.7043
2026-06-16 00:11:05,24.0000,15.4245,9.5405,8.5755
2026-06-16 00:11:07,24.0000,15.4785,9.6136,8.5215
2026-06-16 00:11:09,24.0000,15.4780,9.6631,8.5220
2026-06-16 00:11:11,24.0000,15.4338,9.6283,8.5662
2026-06-16 00:11:13,24.0000,15.3070,9.6730,8.6930
2026-06-16 00:11:15,24.0000,15.3537,9.6363,8.6463
2026-06-16 00:11:17,24.0000,15.3294,9.6488,8.6706
2026-06-16 00:11:19,24.0000,15.3253,9.6453,8.6747
2026-06-16 00:11:21,24.0000,15.3211,9.6445,8.6789
2026-06-16 00:11:23,24.0000,14.3387,9.5481,9.6613
2026-06-16 00:11:25,24.0000,14.3319,9.5480,9.6681
2026-06-16 00:11:27,24.0000,14.3456,9.5412,9.6544
2026-06-16 00:11:29,24.0000,14.3347,9.5153,9.6653
2026-06-16 00:11:31,24.0000,14.3474,9.5152,9.6526
2026-06-16 00:11:33,24.0000,14.3675,9.5150,9.6325
2026-06-16 00:11:35,24.0000,14.3682,9.5151,9.6318
2026-06-16 00:11:37,24.0000,14.3237,9.4926,9.6763
2026-06-16 00:11:39,24.0000,14.3019,9.4927,9.6981
2026-06-16 00:11:41,24.0000,14.3108,9.4806,9.6892
2026-06-16 00:11:43,24.0000,14.2001,9.4280,9.7999
2026-06-16 00:11:45,24.0000,14.1282,9.4069,9.8718
2026-06-16 00:11:47,24.0000,14.2427,9.4035,9.7573
2026-06-16 00:11:49,24.0000,14.1591,9.4037,9.8409
2026-06-16 00:11:51,24.0000,14.1244,9.3955,9.8756
2026-06-16 00:11:53,24.0000,14.1226,9.3932,9.8774
2026-06-16 00:11:55,24.0000,14.2502,9.3925,9.7498
2026-06-16 00:11:57,24.0000,14.2116,9.3929,9.7884
2026-06-16 00:11:59,24.0000,14.1430,9.3812,9.8570
2026-06-16 00:12:01,24.0000,14.0641,9.3641,9.9359
2026-06-16 00:12:03,24.0000,14.0875,9.3628,9.9125
2026-06-16 00:12:05,24.0000,14.0844,9.3635,9.9156
2026-06-16 00:12:07,24.0000,14.2122,9.3643,9.7878
2026-06-16 00:12:09,24.0000,14.1411,9.3632,9.8589
2026-06-16 00:12:11,24.0000,14.0972,9.3632,9.9028
2026-06-16 00:12:13,24.0000,14.1284,9.3629,9.8716
2026-06-16 00:12:15,24.0000,14.0978,9.3630,9.9022
2026-06-16 00:12:17,24.0000,14.1224,9.3629,9.8776
2026-06-16 00:12:19,24.0000,14.1073,9.3630,9.8927
2026-06-16 00:12:21,24.0000,14.1154,9.3606,9.8846
2026-06-16 00:12:23,24.0000,14.0915,9.3611,9.9085
2026-06-16 00:12:25,24.0000,14.0787,9.3609,9.9213
2026-06-16 00:12:27,24.0000,14.0573,9.3609,9.9427
2026-06-16 00:12:29,24.0000,14.0183,9.3609,9.9817
2026-06-16 00:12:31,24.0000,14.0459,9.3610,9.9541
2026-06-16 00:12:33,24.0000,14.0329,9.3610,9.9671
2026-06-16 00:12:35,24.0000,14.1849,9.3613,9.8151
2026-06-16 00:12:37,24.0000,14.1759,9.3614,9.8241
2026-06-16 00:12:39,24.0000,14.1384,9.3615,9.8616
2026-06-16 00:12:41,24.0000,14.0416,9.3617,9.9584
2026-06-16 00:12:43,24.0000,14.0260,9.3617,9.9740
2026-06-16 00:12:45,24.0000,14.0134,9.3616,9.9866
2026-06-16 00:12:47,24.0000,14.0717,9.3620,9.9283
2026-06-16 00:12:49,24.0000,14.0344,9.3620,9.9656
2026-06-16 00:12:51,24.0000,14.0224,9.3612,9.9776
2026-06-16 00:12:53,24.0000,14.0099,9.3608,9.9901
2026-06-16 00:12:55,24.0000,14.0062,9.3609,9.9938
2026-06-16 00:12:57,24.0000,13.9972,9.3609,10.0028
2026-06-16 00:12:59,24.0000,13.9955,9.3611,10.0045
2026-06-16 00:13:01,24.0000,13.9950,9.3611,10.0050
2026-06-16 00:13:03,24.0000,13.9949,9.3612,10.0051
2026-06-16 00:13:05,24.0000,14.0478,9.3612,9.9522
2026-06-16 00:13:07,24.0000,14.0211,9.3618,9.9789
2026-06-16 00:13:09,24.0000,14.0123,9.3621,9.9877
2026-06-16 00:13:11,24.0000,14.0164,9.3568,9.9836
2026-06-16 00:13:18,24.0000,14.4337,9.3282,9.5663
2026-06-16 00:13:20,24.0000,14.3647,9.3305,9.6353
2026-06-16 00:13:22,24.0000,14.3016,9.3283,9.6984
2026-06-16 00:13:24,24.0000,14.4156,9.3286,9.5844
2026-06-16 00:13:26,24.0000,14.2188,9.3052,9.7812
2026-06-16 00:13:28,24.0000,14.1785,9.3052,9.8215
2026-06-16 00:13:30,24.0000,14.1695,9.3052,9.8305
2026-06-16 00:13:32,24.0000,14.1742,9.3058,9.8258
2026-06-16 00:13:34,24.0000,14.1394,9.3058,9.8606
2026-06-16 00:13:36,24.0000,14.1177,9.3053,9.8823
2026-06-16 00:13:38,24.0000,14.1131,9.3054,9.8869
2026-06-16 00:13:40,24.0000,14.1078,9.3055,9.8922
2026-06-16 00:13:42,24.0000,14.0905,9.3036,9.9095
2026-06-16 00:13:44,24.0000,14.0884,9.3037,9.9116
2026-06-16 00:13:49,24.0000,14.4112,9.3056,9.5888
2026-06-16 00:13:51,24.0000,14.3761,9.3064,9.6239
2026-06-16 00:13:53,24.0000,14.4366,9.3063,9.5634
2026-06-16 00:13:55,24.0000,14.3922,9.3063,9.6078
2026-06-16 00:13:57,24.0000,14.2813,9.3052,9.7187
2026-06-16 00:13:59,24.0000,14.2173,9.3052,9.7827
2026-06-16 00:14:01,24.0000,14.1906,9.3053,9.8094
2026-06-16 00:14:03,24.0000,14.1544,9.3053,9.8456
2026-06-16 00:14:05,24.0000,14.1541,9.3054,9.8459
2026-06-16 00:14:07,24.0000,14.1313,9.3054,9.8687
2026-06-16 00:14:09,24.0000,14.1068,9.3058,9.8932
2026-06-16 00:14:11,24.0000,14.1079,9.3058,9.8921
2026-06-16 00:14:13,24.0000,14.1072,9.3050,9.8928
2026-06-16 00:14:18,24.0000,14.4142,9.3060,9.5858
2026-06-16 00:14:20,24.0000,14.3824,9.3053,9.6176
2026-06-16 00:14:22,24.0000,14.4619,9.3055,9.5381
2026-06-16 00:14:24,24.0000,14.4214,9.3057,9.5786
2026-06-16 00:14:26,24.0000,14.2460,9.3056,9.7540
2026-06-16 00:14:28,24.0000,14.2080,9.3057,9.7920
2026-06-16 00:14:30,24.0000,14.1892,9.3057,9.8108
2026-06-16 00:14:32,24.0000,14.1995,9.3054,9.8005
2026-06-16 00:14:34,24.0000,14.1881,9.3054,9.8119
2026-06-16 00:14:36,24.0000,14.1805,9.3055,9.8195
2026-06-16 00:14:38,24.0000,14.1603,9.3055,9.8397
2026-06-16 00:14:40,24.0000,14.1334,9.3056,9.8666
2026-06-16 00:14:42,24.0000,14.1224,9.3058,9.8776
2026-06-16 00:14:44,24.0000,14.1574,9.3059,9.8426
2026-06-16 00:14:46,24.0000,14.1581,9.3061,9.8419
2026-06-16 00:14:48,24.0000,14.1421,9.3061,9.8579
2026-06-16 00:14:50,24.0000,14.1533,9.3060,9.8467
2026-06-16 00:14:52,24.0000,14.1362,9.3060,9.8638
2026-06-16 00:14:54,24.0000,14.1256,9.3060,9.8744
2026-06-16 00:14:56,24.0000,14.1136,9.3061,9.8864
2026-06-16 00:14:58,24.0000,14.1263,9.3062,9.8737
2026-06-16 00:15:00,24.0000,14.0912,9.3063,9.9088
2026-06-16 00:15:02,24.0000,14.0951,9.3070,9.9049
2026-06-16 00:15:04,24.0000,14.0999,9.3070,9.9001
2026-06-16 00:15:06,24.0000,14.1573,9.3017,9.8427
2026-06-16 00:15:08,24.0000,14.1592,9.3017,9.8408
2026-06-16 00:15:10,24.0000,14.1469,9.3022,9.8531
2026-06-16 00:15:12,24.0000,14.1548,9.3020,9.8452
2026-06-16 00:15:14,24.0000,14.1854,9.3021,9.8146
2026-06-16 00:15:16,24.0000,14.1593,9.3011,9.8407
2026-06-16 00:15:18,24.0000,14.1373,9.3002,9.8627
2026-06-16 00:15:20,24.0000,14.1313,9.3004,9.8687
2026-06-16 00:15:22,24.0000,14.1395,9.3004,9.8605
2026-06-16 00:15:24,24.0000,14.1086,9.3004,9.8914
2026-06-16 00:15:26,24.0000,14.1215,9.3004,9.8785
2026-06-16 00:15:28,24.0000,14.1080,9.3004,9.8920
2026-06-16 00:15:30,24.0000,14.1192,9.3016,9.8808
2026-06-16 00:15:32,24.0000,14.1200,9.3006,9.8800
2026-06-16 00:15:34,24.0000,14.3465,9.2897,9.6535
2026-06-16 00:15:41,24.0000,14.5377,9.3392,9.4623
2026-06-16 00:15:43,24.0000,14.4867,9.3322,9.5133
2026-06-16 00:15:45,24.0000,14.4228,9.3322,9.5772
2026-06-16 00:15:47,24.0000,14.4060,9.3323,9.5940
2026-06-16 00:15:49,24.0000,14.2642,9.3304,9.7358
2026-06-16 00:15:51,24.0000,14.2185,9.3270,9.7815
2026-06-16 00:15:53,24.0000,14.2041,9.3271,9.7959
2026-06-16 00:15:55,24.0000,14.1937,9.3269,9.8063
2026-06-16 00:17:55,24.0000,14.5528,9.3427,9.4472
2026-06-16 00:17:57,24.0000,14.4753,9.3331,9.5247
2026-06-16 00:17:59,24.0000,14.4148,9.3185,9.5852
2026-06-16 00:18:01,24.0000,14.3969,9.3176,9.6031
2026-06-16 00:18:03,24.0000,14.2419,9.3165,9.7581
2026-06-16 00:18:05,24.0000,14.1987,9.3150,9.8013
2026-06-16 00:18:07,24.0000,14.3730,9.2726,9.6270
2026-06-16 00:18:13,24.0000,14.5356,9.3705,9.4644
2026-06-16 00:18:15,24.0000,14.5015,9.3493,9.4985
2026-06-16 00:18:17,24.0000,14.4592,9.3273,9.5408
2026-06-16 00:18:19,24.0000,14.4218,9.3275,9.5782
2026-06-16 00:18:21,24.0000,14.2912,9.3147,9.7088
2026-06-16 00:18:23,24.0000,14.3792,9.2720,9.6208
2026-06-16 00:18:25,24.0000,14.3035,9.2949,9.6965
2026-06-16 00:18:27,24.0000,14.2654,9.2948,9.7346
2026-06-16 00:18:29,24.0000,14.2443,9.2948,9.7557
2026-06-16 00:18:31,24.0000,14.2323,9.2948,9.7677
2026-06-16 00:18:33,24.0000,14.1922,9.2934,9.8078
2026-06-16 00:18:35,24.0000,14.1869,9.2934,9.8131
2026-06-16 00:18:37,24.0000,14.1877,9.2934,9.8123
2026-06-16 00:18:39,24.0000,14.1864,9.2934,9.8136
2026-06-16 00:18:41,24.0000,14.1861,9.2934,9.8139
2026-06-16 00:18:43,24.0000,14.2223,9.2827,9.7777
2026-06-16 00:18:45,24.0000,14.3134,9.2817,9.6866
2026-06-16 00:18:47,24.0000,14.2523,9.2818,9.7477
2026-06-16 00:18:49,24.0000,14.2446,9.2817,9.7554
2026-06-16 00:18:51,24.0000,14.2495,9.2815,9.7505
2026-06-16 00:18:53,24.0000,14.2391,9.2816,9.7609
2026-06-16 00:18:55,24.0000,14.2115,9.2817,9.7885
2026-06-16 00:18:57,24.0000,14.2046,9.2818,9.7954
2026-06-16 00:18:59,24.0000,14.2068,9.2819,9.7932
2026-06-16 00:19:01,24.0000,14.2055,9.2819,9.7945
2026-06-16 00:19:03,24.0000,14.2075,9.2820,9.7925
2026-06-16 00:19:05,24.0000,14.2068,9.2820,9.7932
2026-06-16 00:19:07,24.0000,14.2006,9.2817,9.7994
2026-06-16 00:19:09,24.0000,14.2002,9.2822,9.7998
2026-06-16 00:19:11,24.0000,14.2001,9.2824,9.7999
2026-06-16 00:19:13,24.0000,14.1927,9.2825,9.8073
2026-06-16 00:19:15,24.0000,14.1939,9.2832,9.8061
2026-06-16 00:19:17,24.0000,14.2108,9.2832,9.7892
2026-06-16 00:19:19,24.0000,14.1931,9.2832,9.8069
2026-06-16 00:19:21,24.0000,14.2050,9.2831,9.7950
2026-06-16 00:19:23,24.0000,14.1926,9.2831,9.8074
2026-06-16 00:19:25,24.0000,14.1923,9.2831,9.8077
2026-06-16 00:19:27,24.0000,14.1929,9.2831,9.8071
2026-06-16 00:19:29,24.0000,14.2053,9.2832,9.7947
2026-06-16 00:19:31,24.0000,14.1925,9.2834,9.8075
2026-06-16 00:19:33,24.0000,14.2040,9.2834,9.7960
2026-06-16 00:19:38,24.0000,14.5284,9.3650,9.4716
2026-06-16 00:19:40,24.0000,14.4994,9.3667,9.5006
2026-06-16 00:19:42,24.0000,14.4381,9.3468,9.5619
2026-06-16 00:19:44,24.0000,14.4308,9.3468,9.5692
2026-06-16 00:19:46,24.0000,14.2806,9.3446,9.7194
2026-06-16 00:19:48,24.0000,14.2378,9.3402,9.7622
2026-06-16 00:19:50,24.0000,14.3544,9.2841,9.6456
2026-06-16 00:19:52,24.0000,14.3563,9.2846,9.6437
2026-06-16 00:19:54,24.0000,14.3134,9.2902,9.6866
2026-06-16 00:19:56,24.0000,14.2812,9.2899,9.7188
2026-06-16 00:19:58,24.0000,14.2644,9.2892,9.7356
2026-06-16 00:20:00,24.0000,14.2413,9.2893,9.7587
2026-06-16 00:20:05,24.0000,14.5862,9.3208,9.4138
2026-06-16 00:20:07,24.0000,14.5224,9.3739,9.4776
2026-06-16 00:20:09,24.0000,14.4701,9.3707,9.5299
2026-06-16 00:20:11,24.0000,14.4451,9.3702,9.5549
2026-06-16 00:20:13,24.0000,14.2802,9.3360,9.7198
2026-06-16 00:20:15,24.0000,14.2595,9.3361,9.7405
2026-06-16 00:20:17,24.0000,14.2508,9.3331,9.7492
2026-06-16 00:20:19,24.0000,14.2414,9.3328,9.7586
2026-06-16 00:20:21,24.0000,14.2369,9.3244,9.7631
2026-06-16 00:20:23,24.0000,14.2300,9.3243,9.7700
2026-06-16 00:20:25,24.0000,14.2123,9.3243,9.7877
2026-06-16 00:20:27,24.0000,14.2940,9.3243,9.7060
2026-06-16 00:20:29,24.0000,14.2739,9.3243,9.7261
2026-06-16 00:20:31,24.0000,14.2587,9.3244,9.7413
2026-06-16 00:20:33,24.0000,14.2457,9.3244,9.7543
2026-06-16 00:20:35,24.0000,14.2427,9.3244,9.7573
2026-06-16 00:20:37,24.0000,14.2350,9.3246,9.7650
2026-06-16 00:20:39,24.0000,14.2118,9.3247,9.7882
2026-06-16 00:20:41,24.0000,14.2141,9.3248,9.7859
2026-06-16 00:20:43,24.0000,14.2136,9.3248,9.7864
2026-06-16 00:20:45,24.0000,14.3221,9.3245,9.6779
2026-06-16 00:20:47,24.0000,14.3014,9.3199,9.6986
2026-06-16 00:20:49,24.0000,14.2171,9.3193,9.7829
2026-06-16 00:20:51,24.0000,14.2135,9.3192,9.7865
2026-06-16 00:20:53,24.0000,14.2140,9.3192,9.7860
2026-06-16 00:20:55,24.0000,14.2024,9.3193,9.7976
2026-06-16 00:20:57,24.0000,14.1936,9.3192,9.8064
2026-06-16 00:20:59,24.0000,14.1908,9.3192,9.8092
2026-06-16 00:21:01,24.0000,14.1886,9.3193,9.8114
2026-06-16 00:21:03,24.0000,14.1881,9.3193,9.8119
2026-06-16 00:21:05,24.0000,14.1880,9.3193,9.8120
2026-06-16 00:21:07,24.0000,14.1881,9.3193,9.8119
2026-06-16 00:21:09,24.0000,14.2375,9.3183,9.7625
2026-06-16 00:21:11,24.0000,14.1865,9.3184,9.8135
2026-06-16 00:21:13,24.0000,14.1848,9.3185,9.8152
2026-06-16 00:21:15,24.0000,14.1859,9.3186,9.8141
2026-06-16 00:21:17,24.0000,14.1856,9.3188,9.8144
2026-06-16 00:21:19,24.0000,14.1855,9.3188,9.8145
2026-06-16 00:21:21,24.0000,14.1840,9.3187,9.8160
2026-06-16 00:21:23,24.0000,14.1826,9.3188,9.8174
2026-06-16 00:21:25,24.0000,14.1814,9.3188,9.8186
2026-06-16 00:21:31,24.0000,14.5899,9.3793,9.4101
2026-06-16 00:21:33,24.0000,14.5055,9.3699,9.4945
2026-06-16 00:21:35,24.0000,14.4819,9.3555,9.5181
2026-06-16 00:21:37,24.0000,14.5816,9.3313,9.4184
2026-06-16 00:21:39,24.0000,14.3947,9.3442,9.6053
2026-06-16 00:21:41,24.0000,14.3454,9.3442,9.6546
2026-06-16 00:21:43,24.0000,14.3100,9.3441,9.6900
2026-06-16 00:21:45,24.0000,14.2901,9.3440,9.7099
2026-06-16 00:21:47,24.0000,14.2522,9.3389,9.7478
2026-06-16 00:21:49,24.0000,14.2451,9.3388,9.7549
2026-06-16 00:21:51,24.0000,14.2193,9.3389,9.7807
2026-06-16 00:21:53,24.0000,14.2184,9.3389,9.7816
2026-06-16 00:21:55,24.0000,14.2187,9.3389,9.7813
2026-06-16 00:21:57,24.0000,14.2748,9.3384,9.7252
2026-06-16 00:21:59,24.0000,14.2653,9.3382,9.7347
2026-06-16 00:22:01,24.0000,14.2604,9.3391,9.7396
2026-06-16 00:22:03,24.0000,14.2892,9.3304,9.7108
2026-06-16 00:22:05,24.0000,14.3741,9.2760,9.6259
2026-06-16 00:22:07,24.0000,14.5808,9.2787,9.4192
2026-06-16 00:22:09,24.0000,14.5703,9.3526,9.4297
2026-06-16 00:22:11,24.0000,14.4646,9.3166,9.5354
2026-06-16 00:22:13,24.0000,14.4338,9.3293,9.5662
2026-06-16 00:22:15,24.0000,14.4410,9.3298,9.5590
2026-06-16 00:22:17,24.0000,14.4170,9.3145,9.5830
2026-06-16 00:22:19,24.0000,14.4109,9.3112,9.5891
2026-06-16 00:22:21,24.0000,14.4279,9.3111,9.5721
2026-06-16 00:22:23,24.0000,14.4266,9.3091,9.5734
2026-06-16 00:22:25,24.0000,14.4281,9.3092,9.5719
2026-06-16 00:22:27,24.0000,14.6394,9.3043,9.3606
2026-06-16 00:23:51,24.0000,14.5581,9.3695,9.4419
2026-06-16 00:23:53,24.0000,14.4843,9.3747,9.5157
2026-06-16 00:23:55,24.0000,14.5231,9.2922,9.4769
2026-06-16 00:23:57,24.0000,14.5218,9.3780,9.4782
2026-06-16 00:23:59,24.0000,14.3382,9.3744,9.6618
2026-06-16 00:24:05,24.0000,14.5900,9.3938,9.4100
2026-06-16 00:24:07,24.0000,14.5220,9.3776,9.4780
2026-06-16 00:24:09,24.0000,14.7796,9.3454,9.2204
2026-06-16 00:24:11,24.0000,14.7431,9.4157,9.2569
2026-06-16 00:24:13,24.0000,14.4372,9.4249,9.5628
2026-06-16 00:24:15,24.0000,14.4505,9.3931,9.5495
2026-06-16 00:24:17,24.0000,14.4181,9.3930,9.5819
2026-06-16 00:24:19,24.0000,14.3987,9.3929,9.6013
2026-06-16 00:24:21,24.0000,14.4296,9.3877,9.5704
2026-06-16 00:24:23,24.0000,14.4462,9.3790,9.5538
2026-06-16 00:24:25,24.0000,14.4193,9.3787,9.5807
2026-06-16 00:24:27,24.0000,14.4282,9.3534,9.5718
2026-06-16 00:24:29,24.0000,14.4326,9.3534,9.5674
2026-06-16 00:24:31,24.0000,14.4274,9.3528,9.5726
2026-06-16 00:24:33,24.0000,14.4188,9.3232,9.5812
2026-06-16 00:24:35,24.0000,14.3882,9.3257,9.6118
2026-06-16 00:24:37,24.0000,14.3533,9.3081,9.6467
2026-06-16 00:24:43,24.0000,14.5873,9.4301,9.4127
2026-06-16 00:24:45,24.0000,14.6075,9.3290,9.3925
2026-06-16 00:24:47,24.0000,14.5863,9.3925,9.4137
2026-06-16 00:24:49,24.0000,14.5323,9.3769,9.4677
2026-06-16 00:24:51,24.0000,14.3874,9.3227,9.6126
2026-06-16 00:24:53,24.0000,14.3219,9.3214,9.6781
2026-06-16 00:24:55,24.0000,14.2825,9.3215,9.7175
2026-06-16 00:24:57,24.0000,14.2489,9.3199,9.7511
2026-06-16 00:24:59,24.0000,14.2325,9.3198,9.7675
2026-06-16 00:25:01,24.0000,14.2039,9.3103,9.7961
2026-06-16 00:25:03,24.0000,14.1806,9.3103,9.8194
2026-06-16 00:25:05,24.0000,14.1799,9.3103,9.8201
2026-06-16 00:25:07,24.0000,14.1808,9.3109,9.8192
2026-06-16 00:25:09,24.0000,14.1803,9.3044,9.8197
2026-06-16 00:25:11,24.0000,14.1801,9.3044,9.8199
2026-06-16 00:25:13,24.0000,14.1801,9.3046,9.8199
2026-06-16 00:25:15,24.0000,14.1814,9.3047,9.8186
2026-06-16 00:25:17,24.0000,14.1820,9.3047,9.8180
2026-06-16 00:25:19,24.0000,14.1836,9.3049,9.8164
2026-06-16 00:25:21,24.0000,14.1844,9.3049,9.8156
2026-06-16 00:25:23,24.0000,14.1853,9.3050,9.8147
2026-06-16 00:25:25,24.0000,14.1843,9.3050,9.8157
2026-06-16 00:25:27,24.0000,14.1850,9.3051,9.8150
2026-06-16 00:25:29,24.0000,14.1857,9.3051,9.8143
2026-06-16 00:25:31,24.0000,14.1841,9.3051,9.8159
2026-06-16 00:25:33,24.0000,14.1731,9.3051,9.8269
2026-06-16 00:25:35,24.0000,14.1740,9.3051,9.8260
2026-06-16 00:25:37,24.0000,14.1746,9.3053,9.8254
2026-06-16 00:25:39,24.0000,14.1739,9.3053,9.8261
2026-06-16 00:25:41,24.0000,14.1713,9.3053,9.8287
2026-06-16 00:25:43,24.0000,14.1825,9.3053,9.8175
2026-06-16 00:25:45,24.0000,14.1730,9.3054,9.8270
2026-06-16 00:25:47,24.0000,14.1702,9.3054,9.8298
2026-06-16 00:25:49,24.0000,14.1704,9.3055,9.8296
2026-06-16 00:25:55,24.0000,14.5346,9.3768,9.4654
2026-06-16 00:25:57,24.0000,14.4721,9.3645,9.5279
2026-06-16 00:25:59,24.0000,14.4026,9.3480,9.5974
2026-06-16 00:26:01,24.0000,14.5199,9.3117,9.4801
2026-06-16 00:26:03,24.0000,14.3367,9.3691,9.6633
2026-06-16 00:26:05,24.0000,14.3060,9.3316,9.6940
2026-06-16 00:26:07,24.0000,14.2683,9.3318,9.7317
2026-06-16 00:26:09,24.0000,14.2614,9.3323,9.7386
2026-06-16 00:26:11,24.0000,14.2314,9.3297,9.7686
2026-06-16 00:26:13,24.0000,14.2284,9.3297,9.7716
2026-06-16 00:26:15,24.0000,14.2142,9.3298,9.7858
2026-06-16 00:26:17,24.0000,14.2120,9.3298,9.7880
2026-06-16 00:26:19,24.0000,14.2082,9.3298,9.7918
2026-06-16 00:26:21,24.0000,14.2081,9.3297,9.7919
2026-06-16 00:26:23,24.0000,14.2071,9.3297,9.7929
2026-06-16 00:26:25,24.0000,14.2241,9.3297,9.7759
2026-06-16 00:26:27,24.0000,14.2583,9.3286,9.7417
2026-06-16 00:26:29,24.0000,14.2454,9.3287,9.7546
2026-06-16 00:26:31,24.0000,14.2309,9.3288,9.7691
2026-06-16 00:26:33,24.0000,14.2252,9.3288,9.7748
2026-06-16 00:26:35,24.0000,14.2195,9.3289,9.7805
2026-06-16 00:26:37,24.0000,14.2301,9.3269,9.7699
2026-06-16 00:26:39,24.0000,14.2052,9.3271,9.7948
2026-06-16 00:26:41,24.0000,14.2563,9.3271,9.7437
2026-06-16 00:26:43,24.0000,14.2558,9.3271,9.7442
2026-06-16 00:26:45,24.0000,14.2092,9.3271,9.7908
2026-06-16 00:26:47,24.0000,14.1987,9.3271,9.8013
2026-06-16 00:26:49,24.0000,14.2072,9.3272,9.7928
2026-06-16 00:26:51,24.0000,14.1868,9.3272,9.8132
2026-06-16 00:26:53,24.0000,14.1686,9.3273,9.8314
2026-06-16 00:26:55,24.0000,14.1635,9.3273,9.8365
2026-06-16 00:26:57,24.0000,14.1712,9.3275,9.8288
2026-06-16 00:26:59,24.0000,14.1699,9.3275,9.8301
2026-06-16 00:27:01,24.0000,14.1698,9.3276,9.8302
2026-06-16 00:27:03,24.0000,14.1700,9.3277,9.8300
2026-06-16 00:27:05,24.0000,14.2100,9.3278,9.7900
2026-06-16 00:27:07,24.0000,14.2040,9.3281,9.7960
2026-06-16 00:27:09,24.0000,14.2202,9.3307,9.7798
2026-06-16 00:27:11,24.0000,14.2096,9.3307,9.7904
2026-06-16 00:27:13,24.0000,14.2244,9.3309,9.7756
2026-06-16 00:27:15,24.0000,14.2079,9.3310,9.7921
2026-06-16 00:27:17,24.0000,14.1983,9.3311,9.8017
2026-06-16 00:27:19,24.0000,14.1808,9.3311,9.8192
2026-06-16 00:27:21,24.0000,14.1770,9.3311,9.8230
2026-06-16 00:27:23,24.0000,14.1626,9.3311,9.8374
2026-06-16 00:27:25,24.0000,14.2116,9.3310,9.7884
2026-06-16 00:27:27,24.0000,14.2009,9.3312,9.7991
2026-06-16 00:27:29,24.0000,14.2020,9.3312,9.7980
2026-06-16 00:27:31,24.0000,14.1987,9.3314,9.8013
2026-06-16 00:27:33,24.0000,14.1952,9.3315,9.8048
2026-06-16 00:27:35,24.0000,14.1979,9.3316,9.8021
2026-06-16 00:27:37,24.0000,14.2087,9.3316,9.7913
2026-06-16 00:27:39,24.0000,14.2092,9.3317,9.7908
2026-06-16 00:27:41,24.0000,14.2098,9.3317,9.7902
2026-06-16 00:27:43,24.0000,14.2101,9.3317,9.7899
2026-06-16 00:27:45,24.0000,14.2088,9.3317,9.7912
2026-06-16 00:27:47,24.0000,14.2101,9.3317,9.7899
2026-06-16 00:27:49,24.0000,14.2248,9.3317,9.7752
2026-06-16 00:27:51,24.0000,14.2102,9.3316,9.7898
2026-06-16 00:27:53,24.0000,14.2096,9.3317,9.7904
2026-06-16 00:27:55,24.0000,14.2309,9.3318,9.7691
2026-06-16 00:27:57,24.0000,14.2097,9.3318,9.7903
2026-06-16 00:27:59,24.0000,14.2082,9.3319,9.7918
2026-06-16 00:28:01,24.0000,14.2086,9.3319,9.7914
2026-06-16 00:28:03,24.0000,14.2059,9.3319,9.7941
2026-06-16 00:28:05,24.0000,14.2082,9.3320,9.7918
2026-06-16 00:28:07,24.0000,14.2107,9.3320,9.7893
2026-06-16 00:28:09,24.0000,14.1989,9.3320,9.8011
2026-06-16 00:28:11,24.0000,14.1990,9.3321,9.8010
2026-06-16 00:28:13,24.0000,14.1957,9.3322,9.8043
2026-06-16 00:28:15,24.0000,14.1843,9.3323,9.8157
2026-06-16 00:28:17,24.0000,14.1908,9.3324,9.8092
2026-06-16 00:28:19,24.0000,14.2504,9.3330,9.7496
2026-06-16 00:28:21,24.0000,14.2326,9.3330,9.7674
2026-06-16 00:28:23,24.0000,14.2234,9.3330,9.7766
2026-06-16 00:28:25,24.0000,14.2158,9.3330,9.7842
2026-06-16 00:28:27,24.0000,14.2269,9.3331,9.7731
2026-06-16 00:28:29,24.0000,14.2246,9.3331,9.7754
2026-06-16 00:28:31,24.0000,14.2000,9.3332,9.8000
2026-06-16 00:28:33,24.0000,14.2007,9.3333,9.7993
2026-06-16 00:28:35,24.0000,14.2001,9.3335,9.7999
2026-06-16 00:28:37,24.0000,14.2012,9.3335,9.7988
2026-06-16 00:28:39,24.0000,14.2079,9.3335,9.7921
2026-06-16 00:28:41,24.0000,14.2084,9.3335,9.7916
2026-06-16 00:28:43,24.0000,14.2042,9.3335,9.7958
2026-06-16 00:28:45,24.0000,14.1987,9.3336,9.8013
2026-06-16 00:28:47,24.0000,14.1971,9.3336,9.8029
2026-06-16 00:28:49,24.0000,14.1971,9.3337,9.8029
2026-06-16 00:28:51,24.0000,14.2117,9.3339,9.7883
2026-06-16 00:28:53,24.0000,14.1993,9.3341,9.8007
2026-06-16 00:28:55,24.0000,14.2062,9.3341,9.7938
2026-06-16 00:28:57,24.0000,14.2044,9.3341,9.7956
2026-06-16 00:28:59,24.0000,14.2268,9.3345,9.7732
2026-06-16 00:29:01,24.0000,14.1941,9.3345,9.8059
2026-06-16 00:29:03,24.0000,14.1955,9.3345,9.8045
2026-06-16 00:29:05,24.0000,14.1961,9.3346,9.8039
2026-06-16 00:29:07,24.0000,14.1980,9.3346,9.8020
2026-06-16 00:29:09,24.0000,14.1968,9.3347,9.8032
2026-06-16 00:29:11,24.0000,14.1953,9.3348,9.8047
2026-06-16 00:29:13,24.0000,14.1947,9.3348,9.8053
2026-06-16 00:29:15,24.0000,14.2110,9.3311,9.7890
2026-06-16 00:29:17,24.0000,14.1946,9.3311,9.8054
2026-06-16 00:29:19,24.0000,14.1941,9.3311,9.8059
2026-06-16 00:29:21,24.0000,14.1837,9.3311,9.8163
2026-06-16 00:29:23,24.0000,14.1849,9.3312,9.8151
2026-06-16 00:29:25,24.0000,14.1902,9.3312,9.8098
2026-06-16 00:29:27,24.0000,14.1933,9.3312,9.8067
2026-06-16 00:29:29,24.0000,14.1915,9.3312,9.8085
2026-06-16 00:29:31,24.0000,14.2128,9.3317,9.7872
2026-06-16 00:29:33,24.0000,14.2077,9.3318,9.7923
2026-06-16 00:29:35,24.0000,14.2093,9.3318,9.7907
2026-06-16 00:29:37,24.0000,14.2076,9.3319,9.7924
2026-06-16 00:29:39,24.0000,14.2059,9.3319,9.7941
2026-06-16 00:29:41,24.0000,14.2054,9.3319,9.7946
2026-06-16 00:29:43,24.0000,14.2066,9.3319,9.7934
2026-06-16 00:29:45,24.0000,14.2053,9.3319,9.7947
2026-06-16 00:29:47,24.0000,14.2054,9.3319,9.7946
2026-06-16 00:29:52,24.0000,14.5990,9.3888,9.4010
2026-06-16 00:29:54,24.0000,14.5212,9.3883,9.4788
2026-06-16 00:29:56,24.0000,14.4698,9.3730,9.5302
2026-06-16 00:29:58,24.0000,14.4613,9.3711,9.5387
2026-06-16 00:30:00,24.0000,14.3137,9.3561,9.6863
2026-06-16 00:30:02,24.0000,14.2731,9.3501,9.7269
2026-06-16 00:30:04,24.0000,14.2685,9.3508,9.7315
2026-06-16 00:30:06,24.0000,14.3813,9.3120,9.6187
2026-06-16 00:30:08,24.0000,14.3946,9.3227,9.6054
2026-06-16 00:30:10,24.0000,14.3563,9.3241,9.6437
2026-06-16 00:30:12,24.0000,14.3212,9.3227,9.6788
2026-06-16 00:30:18,24.0000,14.6162,9.4165,9.3838
2026-06-16 00:30:20,24.0000,14.5520,9.4016,9.4480
2026-06-16 00:30:22,24.0000,14.4928,9.3879,9.5072
2026-06-16 00:30:24,24.0000,14.4719,9.3879,9.5281
2026-06-16 00:30:26,24.0000,14.4774,9.3006,9.5226
2026-06-16 00:30:28,24.0000,14.4134,9.3536,9.5866
2026-06-16 00:30:30,24.0000,14.3915,9.3235,9.6085
2026-06-16 00:30:32,24.0000,14.3516,9.3402,9.6484
2026-06-16 00:30:34,24.0000,14.3401,9.3239,9.6599
2026-06-16 00:30:36,24.0000,14.2959,9.3237,9.7041
2026-06-16 00:30:38,24.0000,14.2749,9.3208,9.7251
2026-06-16 00:30:40,24.0000,14.2709,9.3208,9.7291
2026-06-16 00:30:42,24.0000,14.2716,9.3209,9.7284
2026-06-16 00:30:44,24.0000,14.2717,9.3209,9.7283
2026-06-16 00:30:46,24.0000,14.2704,9.3206,9.7296
2026-06-16 00:30:48,24.0000,14.2857,9.3189,9.7143
2026-06-16 00:30:50,24.0000,14.2829,9.3189,9.7171
2026-06-16 00:30:52,24.0000,14.2688,9.3187,9.7312
2026-06-16 00:30:54,24.0000,14.2664,9.3187,9.7336
2026-06-16 00:30:56,24.0000,14.2650,9.3188,9.7350
2026-06-16 00:30:58,24.0000,14.2581,9.3188,9.7419
2026-06-16 00:31:00,24.0000,14.2587,9.3188,9.7413
2026-06-16 00:31:02,24.0000,14.2684,9.3186,9.7316
2026-06-16 00:31:04,24.0000,14.2659,9.3186,9.7341
2026-06-16 00:31:06,24.0000,14.2619,9.3185,9.7381
2026-06-16 00:31:08,24.0000,14.2470,9.3187,9.7530
2026-06-16 00:31:10,24.0000,14.2399,9.3153,9.7601
2026-06-16 00:31:12,24.0000,14.2353,9.3154,9.7647
2026-06-16 00:31:14,24.0000,14.2345,9.3155,9.7655
2026-06-16 00:31:16,24.0000,14.2333,9.3156,9.7667
2026-06-16 00:31:18,24.0000,14.2290,9.3156,9.7710
2026-06-16 00:31:20,24.0000,14.2285,9.3156,9.7715
2026-06-16 00:31:22,24.0000,14.2256,9.3162,9.7744
2026-06-16 00:31:24,24.0000,14.2253,9.3162,9.7747
2026-06-16 00:31:26,24.0000,14.2255,9.3165,9.7745
2026-06-16 00:31:28,24.0000,14.2336,9.3165,9.7664
2026-06-16 00:31:30,24.0000,14.2345,9.3167,9.7655
2026-06-16 00:31:32,24.0000,14.2332,9.3167,9.7668
2026-06-16 00:31:34,24.0000,14.2329,9.3167,9.7671
2026-06-16 00:31:36,24.0000,14.2338,9.3167,9.7662
2026-06-16 00:31:38,24.0000,14.2345,9.3168,9.7655
2026-06-16 00:31:40,24.0000,14.2326,9.3169,9.7674
2026-06-16 00:31:42,24.0000,14.2335,9.3170,9.7665
2026-06-16 00:31:44,24.0000,14.2323,9.3170,9.7677
2026-06-16 00:31:46,24.0000,14.2314,9.3170,9.7686
2026-06-16 00:31:48,24.0000,14.2328,9.3172,9.7672
2026-06-16 00:31:50,24.0000,14.2322,9.3172,9.7678
2026-06-16 00:31:52,24.0000,14.2320,9.3171,9.7680
2026-06-16 00:31:54,24.0000,14.2273,9.3169,9.7727
2026-06-16 00:31:56,24.0000,14.2275,9.3170,9.7725
2026-06-16 00:31:58,24.0000,14.2332,9.3170,9.7668
2026-06-16 00:32:00,24.0000,14.2324,9.3171,9.7676
2026-06-16 00:32:02,24.0000,14.2339,9.3172,9.7661
2026-06-16 00:32:04,24.0000,14.2339,9.3172,9.7661
2026-06-16 00:32:06,24.0000,14.2340,9.3172,9.7660
2026-06-16 00:32:08,24.0000,14.2322,9.3172,9.7678
2026-06-16 00:32:10,24.0000,14.2203,9.3173,9.7797
2026-06-16 00:32:12,24.0000,14.2234,9.3173,9.7766
2026-06-16 00:32:14,24.0000,14.2221,9.3174,9.7779
2026-06-16 00:32:16,24.0000,14.2137,9.3174,9.7863
2026-06-16 00:32:18,24.0000,14.2134,9.3174,9.7866
2026-06-16 00:32:20,24.0000,14.2789,9.3173,9.7211
2026-06-16 00:32:22,24.0000,14.2759,9.3176,9.7241
2026-06-16 00:32:24,24.0000,14.2613,9.3176,9.7387
2026-06-16 00:32:26,24.0000,14.2522,9.3175,9.7478
2026-06-16 00:32:28,24.0000,14.2394,9.3176,9.7606
2026-06-16 00:32:33,24.0000,14.5953,9.4203,9.4047
2026-06-16 00:32:35,24.0000,14.5390,9.4056,9.4610
2026-06-16 00:32:37,24.0000,14.4815,9.3897,9.5185
2026-06-16 00:32:39,24.0000,14.4686,9.3901,9.5314
2026-06-16 00:32:41,24.0000,14.3237,9.3729,9.6763
2026-06-16 00:32:43,24.0000,14.2830,9.3645,9.7170
2026-06-16 00:32:45,24.0000,14.2704,9.3644,9.7296
2026-06-16 00:32:47,24.0000,14.3905,9.3100,9.6095
2026-06-16 00:32:49,24.0000,14.4019,9.3220,9.5981
2026-06-16 00:32:51,24.0000,14.3560,9.3218,9.6440
2026-06-16 00:32:53,24.0000,14.3172,9.3214,9.6828
2026-06-16 00:32:55,24.0000,14.3135,9.3214,9.6865
2026-06-16 00:32:57,24.0000,14.2934,9.3215,9.7066
2026-06-16 00:33:03,24.0000,14.6174,9.4339,9.3826
2026-06-16 00:33:05,24.0000,14.5579,9.4154,9.4421
2026-06-16 00:33:07,24.0000,14.5069,9.4075,9.4931
2026-06-16 00:33:09,24.0000,14.4894,9.4062,9.5106
2026-06-16 00:33:11,24.0000,14.3337,9.3769,9.6663
2026-06-16 00:33:13,24.0000,14.2964,9.3683,9.7036
2026-06-16 00:33:15,24.0000,14.2869,9.3663,9.7131
2026-06-16 00:33:17,24.0000,14.4641,9.3055,9.5359
2026-06-16 00:33:19,24.0000,14.3980,9.3687,9.6020
2026-06-16 00:33:21,24.0000,14.4655,9.3173,9.5345
2026-06-16 00:33:23,24.0000,14.4243,9.3024,9.5757
2026-06-16 00:33:25,24.0000,14.3504,9.3097,9.6496
2026-06-16 00:33:27,24.0000,14.3303,9.3038,9.6697
2026-06-16 00:33:29,24.0000,14.3088,9.3023,9.6912
2026-06-16 00:33:31,24.0000,14.3019,9.3023,9.6981
2026-06-16 00:33:33,24.0000,14.2796,9.3023,9.7204
2026-06-16 00:33:35,24.0000,14.2781,9.3023,9.7219
2026-06-16 00:33:37,24.0000,14.2769,9.3025,9.7231
2026-06-16 00:33:39,24.0000,14.2769,9.3031,9.7231
2026-06-16 00:33:41,24.0000,14.2761,9.3023,9.7239
2026-06-16 00:33:46,24.0000,14.6016,9.4201,9.3984
2026-06-16 00:33:48,24.0000,14.6298,9.3570,9.3702
2026-06-16 00:33:50,24.0000,14.5892,9.4284,9.4108
2026-06-16 00:33:52,24.0000,14.5530,9.4153,9.4470
2026-06-16 00:33:54,24.0000,14.3925,9.3877,9.6075
2026-06-16 00:33:56,24.0000,14.3544,9.3875,9.6456
2026-06-16 00:33:58,24.0000,14.3259,9.3860,9.6741
2026-06-16 00:34:00,24.0000,14.3001,9.3806,9.6999
2026-06-16 00:34:02,24.0000,14.2912,9.3805,9.7088
2026-06-16 00:34:04,24.0000,14.2903,9.3806,9.7097
2026-06-16 00:34:10,24.0000,14.6203,9.4370,9.3797
2026-06-16 00:34:12,24.0000,14.5560,9.4137,9.4440
2026-06-16 00:34:14,24.0000,14.5011,9.3976,9.4989
2026-06-16 00:34:16,24.0000,14.4836,9.3963,9.5164
2026-06-16 00:34:18,24.0000,14.3327,9.3738,9.6673
2026-06-16 00:34:20,24.0000,14.2922,9.3690,9.7078
2026-06-16 00:34:22,24.0000,14.2801,9.3610,9.7199
2026-06-16 00:34:24,24.0000,14.2710,9.3611,9.7290
2026-06-16 00:34:26,24.0000,14.2833,9.3529,9.7167
2026-06-16 00:34:28,24.0000,14.2983,9.3530,9.7017
2026-06-16 00:34:30,24.0000,14.4168,9.3148,9.5832
2026-06-16 00:34:32,24.0000,14.3749,9.3374,9.6251
2026-06-16 00:34:34,24.0000,14.3461,9.3375,9.6539
2026-06-16 00:34:36,24.0000,14.3236,9.3374,9.6764
2026-06-16 00:34:38,24.0000,14.3127,9.3375,9.6873
2026-06-16 00:34:40,24.0000,14.2911,9.3375,9.7089
2026-06-16 00:34:42,24.0000,14.2796,9.3376,9.7204
2026-06-16 00:34:44,24.0000,14.2996,9.3378,9.7004
2026-06-16 00:34:46,24.0000,14.2771,9.3379,9.7229
2026-06-16 00:34:48,24.0000,14.2949,9.3379,9.7051
2026-06-16 00:34:50,24.0000,14.2919,9.3152,9.7081
2026-06-16 00:34:56,24.0000,14.6407,9.4209,9.3593
2026-06-16 00:34:58,24.0000,14.5711,9.4235,9.4289
2026-06-16 00:35:00,24.0000,14.4933,9.4071,9.5067
2026-06-16 00:35:02,24.0000,14.4748,9.4069,9.5252
2026-06-16 00:35:04,24.0000,14.3351,9.3804,9.6649
2026-06-16 00:35:06,24.0000,14.3062,9.3723,9.6938
2026-06-16 00:35:08,24.0000,14.2878,9.3718,9.7122
2026-06-16 00:35:10,24.0000,14.2797,9.3722,9.7203
2026-06-16 00:35:12,24.0000,14.2858,9.3546,9.7142
2026-06-16 00:35:14,24.0000,14.2812,9.3546,9.7188
2026-06-16 00:35:16,24.0000,14.4423,9.3344,9.5577
2026-06-16 00:35:18,24.0000,14.3817,9.3402,9.6183
2026-06-16 00:35:20,24.0000,14.3552,9.3398,9.6448
2026-06-16 00:35:22,24.0000,14.3846,9.3379,9.6154
2026-06-16 00:35:24,24.0000,14.3653,9.3379,9.6347
2026-06-16 00:35:26,24.0000,14.3294,9.3378,9.6706
2026-06-16 00:35:28,24.0000,14.3221,9.3379,9.6779
2026-06-16 00:35:30,24.0000,14.3094,9.3379,9.6906
2026-06-16 00:35:32,24.0000,14.3061,9.3380,9.6939
2026-06-16 00:35:34,24.0000,14.2996,9.3380,9.7004
2026-06-16 00:35:36,24.0000,14.2941,9.3381,9.7059
2026-06-16 00:35:41,24.0000,14.6052,9.4378,9.3948
2026-06-16 00:35:43,24.0000,14.5463,9.4431,9.4537
2026-06-16 00:36:41,24.0000,14.6007,9.4227,9.3993
2026-06-16 00:36:43,24.0000,14.5373,9.4236,9.4627
2026-06-16 00:36:45,24.0000,14.5133,9.3733,9.4867
2026-06-16 00:36:47,24.0000,14.5686,9.3621,9.4314
2026-06-16 00:36:49,24.0000,14.4233,9.3474,9.5767
2026-06-16 00:36:51,24.0000,14.3905,9.3475,9.6095
2026-06-16 00:36:53,24.0000,14.3603,9.3438,9.6397
2026-06-16 00:36:55,24.0000,14.3377,9.3438,9.6623
2026-06-16 00:36:57,24.0000,14.3106,9.3404,9.6894
2026-06-16 00:37:03,24.0000,14.6228,9.4294,9.3772
2026-06-16 00:37:05,24.0000,14.6516,9.3550,9.3484
2026-06-16 00:37:07,24.0000,14.5840,9.4402,9.4160
2026-06-16 00:37:09,24.0000,14.5579,9.4375,9.4421
2026-06-16 00:37:11,24.0000,14.3861,9.4088,9.6139
2026-06-16 00:37:13,24.0000,14.3698,9.4087,9.6302
2026-06-16 00:37:15,24.0000,14.5022,9.4052,9.4978
2026-06-16 00:37:17,24.0000,14.3417,9.4038,9.6583
2026-06-16 00:37:19,24.0000,14.3439,9.4038,9.6561
2026-06-16 00:37:21,24.0000,14.3282,9.4038,9.6718
2026-06-16 00:37:23,24.0000,14.3193,9.4008,9.6807
2026-06-16 00:37:25,24.0000,14.3334,9.4004,9.6666
2026-06-16 00:37:30,24.0000,14.6842,9.4751,9.3158
2026-06-16 00:37:32,24.0000,14.6144,9.4587,9.3856
2026-06-16 00:37:34,24.0000,14.5673,9.4417,9.4327
2026-06-16 00:37:36,24.0000,14.5495,9.4418,9.4505
2026-06-16 00:37:38,24.0000,14.3959,9.4034,9.6041
2026-06-16 00:37:40,24.0000,14.5484,9.3251,9.4516
2026-06-16 00:37:42,24.0000,14.4562,9.3886,9.5438
2026-06-16 00:37:44,24.0000,14.4190,9.3902,9.5810
2026-06-16 00:37:46,24.0000,14.3952,9.3902,9.6048
2026-06-16 00:37:48,24.0000,14.3747,9.3901,9.6253
2026-06-16 00:37:50,24.0000,14.3743,9.3872,9.6257
2026-06-16 00:37:52,24.0000,14.3554,9.3850,9.6446
2026-06-16 00:37:54,24.0000,14.3358,9.3850,9.6642
2026-06-16 00:37:56,24.0000,14.3857,9.3868,9.6143
2026-06-16 00:37:58,24.0000,14.3743,9.3867,9.6257
2026-06-16 00:38:00,24.0000,14.3411,9.3474,9.6589
2026-06-16 00:38:06,24.0000,14.6736,9.4524,9.3264
2026-06-16 00:38:08,24.0000,14.6068,9.4350,9.3932
2026-06-16 00:38:10,24.0000,14.5524,9.4227,9.4476
2026-06-16 00:38:12,24.0000,14.5325,9.4223,9.4675
2026-06-16 00:38:14,24.0000,14.4878,9.3192,9.5122
2026-06-16 00:38:16,24.0000,14.4796,9.4041,9.5204
2026-06-16 00:38:18,24.0000,14.4387,9.3831,9.5613
2026-06-16 00:38:20,24.0000,14.4063,9.3833,9.5937
2026-06-16 00:38:26,24.0000,14.6893,9.4644,9.3107
2026-06-16 00:38:28,24.0000,14.6143,9.4411,9.3857
2026-06-16 00:38:30,24.0000,14.5576,9.4269,9.4424
2026-06-16 00:38:32,24.0000,14.6865,9.4105,9.3135
2026-06-16 00:38:34,24.0000,14.4888,9.4405,9.5112
2026-06-16 00:38:36,24.0000,14.4339,9.4236,9.5661
2026-06-16 00:38:38,24.0000,14.4456,9.4210,9.5544
2026-06-16 00:38:40,24.0000,14.4059,9.4199,9.5941
2026-06-16 00:38:42,24.0000,14.3685,9.4162,9.6315
2026-06-16 00:38:44,24.0000,14.3637,9.4161,9.6363
2026-06-16 00:38:46,24.0000,14.3268,9.4156,9.6732
2026-06-16 00:38:48,24.0000,14.3177,9.4153,9.6823
2026-06-16 00:38:50,24.0000,14.3055,9.4153,9.6945
2026-06-16 00:38:52,24.0000,14.3047,9.4155,9.6953
2026-06-16 00:38:54,24.0000,14.3190,9.3800,9.6810
2026-06-16 00:38:56,24.0000,14.3052,9.3800,9.6948
2026-06-16 00:38:58,24.0000,14.3028,9.3801,9.6972
2026-06-16 00:39:00,24.0000,14.3066,9.3802,9.6934
2026-06-16 00:39:02,24.0000,14.3057,9.3802,9.6943
2026-06-16 00:39:04,24.0000,14.3029,9.3799,9.6971
2026-06-16 00:39:10,24.0000,14.6578,9.4600,9.3422
2026-06-16 00:39:12,24.0000,14.6758,9.4015,9.3242
2026-06-16 00:39:14,24.0000,14.6343,9.4695,9.3657
2026-06-16 00:39:16,24.0000,14.6021,9.4692,9.3979
2026-06-16 00:39:18,24.0000,14.4734,9.4256,9.5266
2026-06-16 00:39:20,24.0000,14.4329,9.4254,9.5671
2026-06-16 00:39:22,24.0000,14.3923,9.4220,9.6077
2026-06-16 00:39:24,24.0000,14.3749,9.4218,9.6251
2026-06-16 00:39:26,24.0000,14.3703,9.4218,9.6297
2026-06-16 00:39:28,24.0000,14.3495,9.4219,9.6505
2026-06-16 00:39:33,24.0000,14.6919,9.4662,9.3081
2026-06-16 00:39:45,24.0000,14.6948,9.4685,9.3052
2026-06-16 00:39:47,24.0000,14.6247,9.4641,9.3753
2026-06-16 00:39:49,24.0000,14.6423,9.4295,9.3577
2026-06-16 00:39:51,24.0000,14.8825,9.4211,9.1175
2026-06-16 00:39:53,24.0000,14.7767,9.3894,9.2233
2026-06-16 00:39:55,24.0000,14.7630,9.4596,9.2370
2026-06-16 00:39:57,24.0000,14.7207,9.4594,9.2793
2026-06-16 00:39:59,24.0000,14.6202,9.4067,9.3798
2026-06-16 00:40:01,24.0000,14.5796,9.4396,9.4204
2026-06-16 00:40:03,24.0000,14.5872,9.4228,9.4128
2026-06-16 00:40:05,24.0000,14.5356,9.4144,9.4644
2026-06-16 00:40:07,24.0000,14.5274,9.4144,9.4726
2026-06-16 00:40:09,24.0000,14.4900,9.4065,9.5100
2026-06-16 00:40:11,24.0000,14.4977,9.4064,9.5023
2026-06-16 00:40:13,24.0000,14.5307,9.3807,9.4693
2026-06-16 00:40:15,24.0000,14.5290,9.3805,9.4710
2026-06-16 00:40:17,24.0000,14.5005,9.3806,9.4995
2026-06-16 00:40:19,24.0000,14.4383,9.3728,9.5617
2026-06-16 00:40:21,24.0000,14.5014,9.3672,9.4986
2026-06-16 00:40:23,24.0000,14.4526,9.3666,9.5474
2026-06-16 00:40:25,24.0000,14.4185,9.3666,9.5815
2026-06-16 00:40:27,24.0000,14.3581,9.3666,9.6419
2026-06-16 00:40:29,24.0000,14.3389,9.3666,9.6611
2026-06-16 00:40:31,24.0000,14.3237,9.3663,9.6763
2026-06-16 00:40:33,24.0000,14.3170,9.3663,9.6830
2026-06-16 00:40:35,24.0000,14.2705,9.3661,9.7295
2026-06-16 00:40:41,24.0000,14.7140,9.4898,9.2860
2026-06-16 00:40:43,24.0000,14.6974,9.4109,9.3026
2026-06-16 00:40:45,24.0000,14.6527,9.4985,9.3473
2026-06-16 00:40:47,24.0000,14.6246,9.4800,9.3754
2026-06-16 00:40:49,24.0000,14.4672,9.4760,9.5328
2026-06-16 00:40:54,24.0000,14.7434,9.5183,9.2566
2026-06-16 00:40:56,24.0000,14.6348,9.4741,9.3652
2026-06-16 00:40:58,24.0000,14.6663,9.3829,9.3337
2026-06-16 00:41:00,24.0000,14.6298,9.4783,9.3702
2026-06-16 00:41:02,24.0000,14.4663,9.4572,9.5337
2026-06-16 00:41:04,24.0000,14.4332,9.4530,9.5668
2026-06-16 00:41:06,24.0000,14.4080,9.4523,9.5920
2026-06-16 00:41:08,24.0000,14.3648,9.4451,9.6352
2026-06-16 00:41:10,24.0000,14.3456,9.4424,9.6544
2026-06-16 00:41:12,24.0000,14.3423,9.4424,9.6577
2026-06-16 00:41:14,24.0000,14.3189,9.4423,9.6811
2026-06-16 00:41:16,24.0000,14.3168,9.4423,9.6832
2026-06-16 00:41:18,24.0000,14.3146,9.4424,9.6854
2026-06-16 00:41:20,24.0000,14.3244,9.4419,9.6756
2026-06-16 00:41:22,24.0000,14.3112,9.4420,9.6888
2026-06-16 00:41:24,24.0000,14.3269,9.4028,9.6731
2026-06-16 00:41:26,24.0000,14.3212,9.4028,9.6788
2026-06-16 00:41:28,24.0000,14.3158,9.4029,9.6842
2026-06-16 00:41:30,24.0000,14.3146,9.4029,9.6854
2026-06-16 00:41:35,24.0000,14.6963,9.4801,9.3037
2026-06-16 00:41:37,24.0000,14.6258,9.4682,9.3742
2026-06-16 00:41:39,24.0000,14.5647,9.4577,9.4353
2026-06-16 00:41:41,24.0000,14.5494,9.4576,9.4506
2026-06-16 00:41:43,24.0000,14.3951,9.4297,9.6049
2026-06-16 00:41:45,24.0000,14.3575,9.4234,9.6425
2026-06-16 00:41:47,24.0000,14.3457,9.4235,9.6543
2026-06-16 00:41:49,24.0000,14.3428,9.4227,9.6572
2026-06-16 00:41:51,24.0000,14.3478,9.4097,9.6522
2026-06-16 00:41:53,24.0000,14.3435,9.4097,9.6565
2026-06-16 00:41:55,24.0000,14.3328,9.4098,9.6672
2026-06-16 00:41:57,24.0000,14.3318,9.4098,9.6682
2026-06-16 00:41:59,24.0000,14.3317,9.4099,9.6683
2026-06-16 00:43:11,24.0000,14.7119,9.4963,9.2881
2026-06-16 00:43:13,24.0000,14.6279,9.4632,9.3721
2026-06-16 00:43:15,24.0000,14.5710,9.4554,9.4290
2026-06-16 00:43:17,24.0000,14.5529,9.4555,9.4471
2026-06-16 00:43:19,24.0000,14.4124,9.4249,9.5876
2026-06-16 00:43:21,24.0000,14.4931,9.3392,9.5069
2026-06-16 00:43:23,24.0000,14.5104,9.4233,9.4896
2026-06-16 00:43:25,24.0000,14.4545,9.4158,9.5455
2026-06-16 00:43:27,24.0000,14.4298,9.4002,9.5702
2026-06-16 00:43:29,24.0000,14.4077,9.4001,9.5923
2026-06-16 00:43:31,24.0000,14.3851,9.4000,9.6149
2026-06-16 00:43:33,24.0000,14.3575,9.3955,9.6425
2026-06-16 00:43:35,24.0000,14.3650,9.3955,9.6350
2026-06-16 00:43:37,24.0000,14.3588,9.3956,9.6412
2026-06-16 00:43:39,24.0000,14.3588,9.3947,9.6412
2026-06-16 00:43:41,24.0000,14.3599,9.3555,9.6401
2026-06-16 00:43:43,24.0000,14.3591,9.3556,9.6409
2026-06-16 00:43:45,24.0000,14.3594,9.3556,9.6406
2026-06-16 00:43:50,24.0000,14.7248,9.5037,9.2752
2026-06-16 00:43:52,24.0000,14.6452,9.4737,9.3548
2026-06-16 00:43:54,24.0000,14.5871,9.4550,9.4129
2026-06-16 00:43:56,24.0000,14.5690,9.4549,9.4310
2026-06-16 00:43:58,24.0000,14.4361,9.3901,9.5639
2026-06-16 00:44:00,24.0000,14.5272,9.3477,9.4728
2026-06-16 00:44:02,24.0000,14.4596,9.3696,9.5404
2026-06-16 00:44:04,24.0000,14.4234,9.3759,9.5766
2026-06-16 00:44:06,24.0000,14.4007,9.3652,9.5993
2026-06-16 00:44:08,24.0000,14.4272,9.3687,9.5728
2026-06-16 00:44:13,24.0000,14.7305,9.4897,9.2695
2026-06-16 00:44:15,24.0000,14.6415,9.4784,9.3585
2026-06-16 00:44:17,24.0000,14.5820,9.4751,9.4180
2026-06-16 00:44:19,24.0000,14.5637,9.4655,9.4363
2026-06-16 00:44:21,24.0000,14.4099,9.4173,9.5901
2026-06-16 00:44:23,24.0000,14.3805,9.4187,9.6195
2026-06-16 00:44:25,24.0000,14.4553,9.4683,9.5447
2026-06-16 00:44:27,24.0000,14.4911,9.4199,9.5089
2026-06-16 00:44:29,24.0000,14.5059,9.4124,9.4941
2026-06-16 00:44:31,24.0000,14.4749,9.4190,9.5251
2026-06-16 00:44:33,24.0000,14.4668,9.4167,9.5332
2026-06-16 00:44:35,24.0000,14.5740,9.3634,9.4260
2026-06-16 00:44:37,24.0000,14.5310,9.4218,9.4690
2026-06-16 00:44:39,24.0000,14.5079,9.4155,9.4921
2026-06-16 00:44:41,24.0000,14.5007,9.4153,9.4993
2026-06-16 00:44:43,24.0000,14.4750,9.4107,9.5250
2026-06-16 00:44:45,24.0000,14.6255,9.3625,9.3745
2026-06-16 00:44:47,24.0000,14.5490,9.4464,9.4510
2026-06-16 00:44:49,24.0000,14.5217,9.4465,9.4783
2026-06-16 00:44:51,24.0000,14.5128,9.4462,9.4872
2026-06-16 00:44:53,24.0000,14.5024,9.4463,9.4976
2026-06-16 00:44:55,24.0000,14.4682,9.4419,9.5318
2026-06-16 00:44:57,24.0000,14.4653,9.4404,9.5347
2026-06-16 00:44:59,24.0000,14.4658,9.4402,9.5342
2026-06-16 00:45:01,24.0000,14.4643,9.4364,9.5357
2026-06-16 00:45:03,24.0000,14.4904,9.4328,9.5096
2026-06-16 00:45:09,24.0000,14.8369,9.4848,9.1631
2026-06-16 00:45:11,24.0000,14.7533,9.5326,9.2467
2026-06-16 00:45:13,24.0000,14.7043,9.5286,9.2957
2026-06-16 00:45:15,24.0000,14.7650,9.4483,9.2350
2026-06-16 00:45:17,24.0000,14.5974,9.4141,9.4026
2026-06-16 00:45:19,24.0000,14.5576,9.4446,9.4424
2026-06-16 00:45:21,24.0000,14.5359,9.4419,9.4641
2026-06-16 00:45:23,24.0000,14.5252,9.4414,9.4748
2026-06-16 00:45:25,24.0000,14.5128,9.4408,9.4872
2026-06-16 00:45:27,24.0000,14.4811,9.4324,9.5189
2026-06-16 00:45:29,24.0000,14.4683,9.4278,9.5317
2026-06-16 00:45:31,24.0000,14.4665,9.4277,9.5335
2026-06-16 00:45:33,24.0000,14.4689,9.4279,9.5311
2026-06-16 00:45:35,24.0000,14.4695,9.4279,9.5305
2026-06-16 00:45:37,24.0000,14.4697,9.4278,9.5303
2026-06-16 00:45:39,24.0000,14.4851,9.4146,9.5149
2026-06-16 00:45:41,24.0000,14.4715,9.4146,9.5285
2026-06-16 00:45:43,24.0000,14.4691,9.4147,9.5309
2026-06-16 00:45:45,24.0000,14.4637,9.4145,9.5363
2026-06-16 00:45:47,24.0000,14.4654,9.4146,9.5346
2026-06-16 00:45:49,24.0000,14.4627,9.4147,9.5373
2026-06-16 00:45:51,24.0000,14.4623,9.4146,9.5377
2026-06-16 00:45:53,24.0000,14.4507,9.4127,9.5493
2026-06-16 00:45:55,24.0000,14.4498,9.4127,9.5502
2026-06-16 00:45:57,24.0000,14.4495,9.4127,9.5505
2026-06-16 00:45:59,24.0000,14.4571,9.4090,9.5429
2026-06-16 00:46:01,24.0000,14.6548,9.4439,9.3452
2026-06-16 00:46:03,24.0000,14.5626,9.4462,9.4374
2026-06-16 00:46:19,24.0000,14.8301,9.5704,9.1699
2026-06-16 00:46:21,24.0000,14.7554,9.5477,9.2446
2026-06-16 00:46:23,24.0000,14.7949,9.4565,9.2051
2026-06-16 00:46:25,24.0000,14.7706,9.5638,9.2294
2026-06-16 00:46:31,24.0000,14.8786,9.5907,9.1214
2026-06-16 00:46:33,24.0000,14.7967,9.5673,9.2033
2026-06-16 00:46:35,24.0000,14.7220,9.5565,9.2780
2026-06-16 00:46:37,24.0000,14.6981,9.5526,9.3019
2026-06-16 00:46:39,24.0000,14.8421,9.4103,9.1579
2026-06-16 00:46:41,24.0000,14.8432,9.5143,9.1568
2026-06-16 00:46:43,24.0000,14.8387,9.5197,9.1613
2026-06-16 00:46:45,24.0000,14.8098,9.3952,9.1902
2026-06-16 00:46:47,24.0000,14.9316,9.5015,9.0684
2026-06-16 00:46:49,24.0000,14.9207,9.5832,9.0793
2026-06-16 00:46:51,24.0000,14.8401,9.5223,9.1599
2026-06-16 00:46:53,24.0000,14.6993,9.5229,9.3007
2026-06-16 00:46:55,24.0000,14.6757,9.5206,9.3243
2026-06-16 00:46:57,24.0000,14.7074,9.4776,9.2926
2026-06-16 00:46:59,24.0000,14.6682,9.4823,9.3318
2026-06-16 00:47:01,24.0000,14.6622,9.4744,9.3378
2026-06-16 00:47:03,24.0000,14.6572,9.4743,9.3428
2026-06-16 00:47:05,24.0000,14.6533,9.4679,9.3467
2026-06-16 00:47:07,24.0000,14.6496,9.4678,9.3504
2026-06-16 00:47:09,24.0000,14.6546,9.4639,9.3454
2026-06-16 00:47:11,24.0000,14.6859,9.4635,9.3141
2026-06-16 00:47:13,24.0000,14.6973,9.4599,9.3027
2026-06-16 00:47:15,24.0000,14.6750,9.4369,9.3250
2026-06-16 00:47:17,24.0000,14.6918,9.4110,9.3082
2026-06-16 00:47:19,24.0000,14.6911,9.4315,9.3089
2026-06-16 00:47:21,24.0000,14.6769,9.4234,9.3231
2026-06-16 00:47:23,24.0000,14.6312,9.4433,9.3688
2026-06-16 00:47:25,24.0000,14.6073,9.4407,9.3927
2026-06-16 00:47:27,24.0000,14.6380,9.4246,9.3620
2026-06-16 00:47:29,24.0000,14.6328,9.4241,9.3672
2026-06-16 00:47:31,24.0000,14.6373,9.4232,9.3627
2026-06-16 00:47:33,24.0000,14.6383,9.4368,9.3617
2026-06-16 00:47:35,24.0000,14.6170,9.4179,9.3830
2026-06-16 00:47:37,24.0000,14.6081,9.4175,9.3919
2026-06-16 00:47:39,24.0000,14.6120,9.4179,9.3880
2026-06-16 00:47:41,24.0000,14.6007,9.4243,9.3993
2026-06-16 00:47:43,24.0000,14.6325,9.4123,9.3675
2026-06-16 00:47:45,24.0000,14.5125,9.4277,9.4875
2026-06-16 00:47:52,24.0000,14.8835,9.5902,9.1165
2026-06-16 00:47:54,24.0000,14.7879,9.5610,9.2121
2026-06-16 00:47:56,24.0000,14.8595,9.5119,9.1405
2026-06-16 00:47:58,24.0000,14.8035,9.5583,9.1965
2026-06-16 00:48:00,24.0000,14.6436,9.4853,9.3564
2026-06-16 00:48:05,24.0000,14.9131,9.6127,9.0869
2026-06-16 00:48:07,24.0000,14.8220,9.5787,9.1780
2026-06-16 00:48:09,24.0000,14.7573,9.5517,9.2427
2026-06-16 00:48:11,24.0000,14.7199,9.5493,9.2801
2026-06-16 00:48:13,24.0000,14.5634,9.4811,9.4366
2026-06-16 00:48:15,24.0000,14.5195,9.4725,9.4805
2026-06-16 00:48:17,24.0000,14.6433,9.3962,9.3567
2026-06-16 00:48:19,24.0000,14.6592,9.4933,9.3408
2026-06-16 00:48:21,24.0000,14.6166,9.4894,9.3834
2026-06-16 00:48:23,24.0000,14.5820,9.4890,9.4180
2026-06-16 00:48:25,24.0000,14.5526,9.4868,9.4474
2026-06-16 00:48:27,24.0000,14.5437,9.4867,9.4563
2026-06-16 00:48:29,24.0000,14.5176,9.4836,9.4824
2026-06-16 00:48:31,24.0000,14.5629,9.4813,9.4371
2026-06-16 00:48:33,24.0000,14.5884,9.4808,9.4116
2026-06-16 00:48:35,24.0000,14.5692,9.4370,9.4308
2026-06-16 00:48:37,24.0000,14.5446,9.4443,9.4554
2026-06-16 00:48:39,24.0000,14.5378,9.4469,9.4622
2026-06-16 00:48:41,24.0000,14.5477,9.4429,9.4523
2026-06-16 00:48:43,24.0000,14.5538,9.4478,9.4462
2026-06-16 00:48:45,24.0000,14.5887,9.4422,9.4113
2026-06-16 00:48:47,24.0000,14.5466,9.4493,9.4534
2026-06-16 00:48:49,24.0000,14.5618,9.4466,9.4382
2026-06-16 00:48:51,24.0000,14.5600,9.4469,9.4400
2026-06-16 00:48:53,24.0000,14.5414,9.4485,9.4586
2026-06-16 00:48:59,24.0000,14.8544,9.5804,9.1456
2026-06-16 00:49:01,24.0000,14.7770,9.5669,9.2230
2026-06-16 00:49:03,24.0000,14.7148,9.5452,9.2852
2026-06-16 00:49:05,24.0000,14.8509,9.4426,9.1491
2026-06-16 00:49:07,24.0000,14.6635,9.4909,9.3365
2026-06-16 00:49:09,24.0000,14.6233,9.5024,9.3767
2026-06-16 00:49:11,24.0000,14.5927,9.4745,9.4073
2026-06-16 00:49:17,24.0000,14.8957,9.6022,9.1043
2026-06-16 00:49:19,24.0000,14.8265,9.5270,9.1735
2026-06-16 00:49:21,24.0000,14.8665,9.4635,9.1335
2026-06-16 00:49:23,24.0000,14.8327,9.5562,9.1673
2026-06-16 00:49:25,24.0000,14.6425,9.4731,9.3575
2026-06-16 00:49:27,24.0000,14.6184,9.4680,9.3816
2026-06-16 00:49:29,24.0000,14.7111,9.4854,9.2889
2026-06-16 00:49:35,24.0000,14.8870,9.5392,9.1130
2026-06-16 00:49:37,24.0000,14.8361,9.5762,9.1639
2026-06-16 00:49:39,24.0000,14.8066,9.5737,9.1934
2026-06-16 00:49:41,24.0000,14.7634,9.5063,9.2366
2026-06-16 00:49:43,24.0000,14.6074,9.4639,9.3926
2026-06-16 00:49:45,24.0000,14.5807,9.4963,9.4193
2026-06-16 00:49:47,24.0000,14.5558,9.4813,9.4442
2026-06-16 00:49:49,24.0000,14.5446,9.4808,9.4554
2026-06-16 00:49:51,24.0000,14.5341,9.4777,9.4659
2026-06-16 00:49:53,24.0000,14.5435,9.4765,9.4565
2026-06-16 00:49:55,24.0000,14.5273,9.4628,9.4727
2026-06-16 00:49:57,24.0000,14.5284,9.4625,9.4716
2026-06-16 00:49:59,24.0000,14.5167,9.4618,9.4833
2026-06-16 00:50:01,24.0000,14.5164,9.4620,9.4836
2026-06-16 00:50:03,24.0000,14.5175,9.4488,9.4825
2026-06-16 00:50:05,24.0000,14.4677,9.4402,9.5323
2026-06-16 00:50:07,24.0000,14.4657,9.4388,9.5343
2026-06-16 00:50:09,24.0000,14.4651,9.4386,9.5349
2026-06-16 00:50:11,24.0000,14.4591,9.4379,9.5409
2026-06-16 00:50:13,24.0000,14.4594,9.4379,9.5406
2026-06-16 00:50:15,24.0000,14.4564,9.4380,9.5436
2026-06-16 00:50:17,24.0000,14.4516,9.4353,9.5484
2026-06-16 00:50:19,24.0000,14.4444,9.4353,9.5556
2026-06-16 00:50:21,24.0000,14.4456,9.4354,9.5544
2026-06-16 00:50:23,24.0000,14.4439,9.4355,9.5561
2026-06-16 00:50:25,24.0000,14.4223,9.4328,9.5777
2026-06-16 00:50:32,24.0000,14.8151,9.5609,9.1849
2026-06-16 00:50:34,24.0000,14.7317,9.5463,9.2683
2026-06-16 00:50:36,24.0000,14.6711,9.5299,9.3289
2026-06-16 00:50:38,24.0000,14.7009,9.5198,9.2991
2026-06-16 00:50:40,24.0000,14.5517,9.4413,9.4483
2026-06-16 00:50:42,24.0000,14.5030,9.4363,9.4970
2026-06-16 00:50:44,24.0000,14.4888,9.4362,9.5112
2026-06-16 00:50:46,24.0000,14.4766,9.4361,9.5234
2026-06-16 00:50:48,24.0000,14.4877,9.4252,9.5123
2026-06-16 00:50:50,24.0000,14.4906,9.4279,9.5094
2026-06-16 00:50:52,24.0000,14.4781,9.4291,9.5219
2026-06-16 00:50:54,24.0000,14.4776,9.4290,9.5224
2026-06-16 00:50:56,24.0000,14.6154,9.4068,9.3846
2026-06-16 00:50:58,24.0000,14.5503,9.4517,9.4497
2026-06-16 00:51:00,24.0000,14.5223,9.4517,9.4777
2026-06-16 00:51:02,24.0000,14.5063,9.4517,9.4937
2026-06-16 00:51:04,24.0000,14.4959,9.4517,9.5041
2026-06-16 00:51:06,24.0000,14.4693,9.4459,9.5307
2026-06-16 00:51:08,24.0000,14.4675,9.4458,9.5325
2026-06-16 00:51:10,24.0000,14.4694,9.4392,9.5306
2026-06-16 00:51:12,24.0000,14.4660,9.4391,9.5340
2026-06-16 00:51:17,24.0000,14.8593,9.5850,9.1407
2026-06-16 00:51:19,24.0000,14.7691,9.5588,9.2309
2026-06-16 00:51:21,24.0000,14.7032,9.5367,9.2968
2026-06-16 00:51:23,24.0000,14.6648,9.5317,9.3352
2026-06-16 00:51:25,24.0000,14.6664,9.4034,9.3336
2026-06-16 00:51:27,24.0000,14.6034,9.4806,9.3966
2026-06-16 00:51:29,24.0000,14.5701,9.4790,9.4299
2026-06-16 00:51:35,24.0000,14.8860,9.5978,9.1140
2026-06-16 00:51:37,24.0000,14.8485,9.4916,9.1515
2026-06-16 00:51:39,24.0000,14.8271,9.5794,9.1729
2026-06-16 00:51:41,24.0000,14.7823,9.5723,9.2177
2026-06-16 00:51:43,24.0000,14.5997,9.4989,9.4003
2026-06-16 00:51:45,24.0000,14.5692,9.4871,9.4308
2026-06-16 00:51:51,24.0000,14.8585,9.5899,9.1415
2026-06-16 00:51:53,24.0000,14.7659,9.5696,9.2341
2026-06-16 00:51:55,24.0000,14.7012,9.5533,9.2988
2026-06-16 00:51:57,24.0000,14.6870,9.5619,9.3130
2026-06-16 00:51:59,24.0000,14.5401,9.4757,9.4599
2026-06-16 00:52:01,24.0000,14.4956,9.4701,9.5044
2026-06-16 00:52:03,24.0000,14.4899,9.4700,9.5101
2026-06-16 00:52:05,24.0000,14.4807,9.4700,9.5193
2026-06-16 00:52:07,24.0000,14.6714,9.3846,9.3286
2026-06-16 00:52:09,24.0000,14.5887,9.4707,9.4113
2026-06-16 00:52:11,24.0000,14.5618,9.4703,9.4382
2026-06-16 00:52:13,24.0000,14.5403,9.4697,9.4597
2026-06-16 00:52:15,24.0000,14.5291,9.4689,9.4709
2026-06-16 00:52:17,24.0000,14.4860,9.4680,9.5140
2026-06-16 00:52:19,24.0000,14.4941,9.4602,9.5059
2026-06-16 00:52:21,24.0000,14.5043,9.4585,9.4957
2026-06-16 00:52:26,24.0000,14.8421,9.5837,9.1579
2026-06-16 00:52:28,24.0000,14.7626,9.5562,9.2374
2026-06-16 00:52:30,24.0000,14.7015,9.5335,9.2985
2026-06-16 00:52:32,24.0000,14.6871,9.5333,9.3129
2026-06-16 00:52:34,24.0000,14.5228,9.4530,9.4772
2026-06-16 00:52:36,24.0000,14.4847,9.4480,9.5153
2026-06-16 00:52:38,24.0000,14.4626,9.4480,9.5374
2026-06-16 00:52:40,24.0000,14.4608,9.4485,9.5392
2026-06-16 00:52:42,24.0000,14.4766,9.4392,9.5234
2026-06-16 00:52:44,24.0000,14.4614,9.4388,9.5386
2026-06-16 00:52:46,24.0000,14.4547,9.4389,9.5453
2026-06-16 00:52:48,24.0000,14.4590,9.4387,9.5410
2026-06-16 00:52:50,24.0000,14.5726,9.3823,9.4274
2026-06-16 00:52:52,24.0000,14.5735,9.4624,9.4265
2026-06-16 00:52:58,24.0000,14.8841,9.5992,9.1159
2026-06-16 00:53:00,24.0000,14.8704,9.4981,9.1296
2026-06-16 00:53:02,24.0000,14.8185,9.5576,9.1815
2026-06-16 00:53:04,24.0000,14.7782,9.5637,9.2218
2026-06-16 00:53:17,24.0000,14.8822,9.5989,9.1178
2026-06-16 00:53:19,24.0000,14.7749,9.5736,9.2251
2026-06-16 00:53:21,24.0000,14.7141,9.5542,9.2859
2026-06-16 00:53:23,24.0000,14.6979,9.5538,9.3021
2026-06-16 00:53:25,24.0000,14.5511,9.4753,9.4489
2026-06-16 00:53:27,24.0000,14.5118,9.4692,9.4882
2026-06-16 00:53:29,24.0000,14.4999,9.4692,9.5001
2026-06-16 00:53:31,24.0000,14.4898,9.4691,9.5102
2026-06-16 00:53:33,24.0000,14.5135,9.4228,9.4865
2026-06-16 00:53:35,24.0000,14.5043,9.4226,9.4957
2026-06-16 00:53:37,24.0000,14.5979,9.3886,9.4021
2026-06-16 00:53:39,24.0000,14.6135,9.4701,9.3865
2026-06-16 00:53:41,24.0000,14.5681,9.4774,9.4319
2026-06-16 00:53:43,24.0000,14.5730,9.4702,9.4270
2026-06-16 00:53:48,24.0000,14.8766,9.5902,9.1234
2026-06-16 00:53:50,24.0000,14.7958,9.5723,9.2042
2026-06-16 00:53:52,24.0000,14.8243,9.4694,9.1757
2026-06-16 00:53:54,24.0000,14.8033,9.5716,9.1967
2026-06-16 00:53:56,24.0000,14.6260,9.4952,9.3740
2026-06-16 00:54:01,24.0000,14.9167,9.6102,9.0833
2026-06-16 00:54:03,24.0000,14.8075,9.5757,9.1925
2026-06-16 00:54:05,24.0000,14.7413,9.5502,9.2587
2026-06-16 00:54:07,24.0000,14.8076,9.4707,9.1924
2026-06-16 00:54:09,24.0000,14.6500,9.4728,9.3500
2026-06-16 00:54:11,24.0000,14.6069,9.4855,9.3931
2026-06-16 00:54:13,24.0000,14.5680,9.4846,9.4320
2026-06-16 00:54:15,24.0000,14.5470,9.4826,9.4530
2026-06-16 00:54:17,24.0000,14.5885,9.4792,9.4115
2026-06-16 00:54:23,24.0000,14.8562,9.5939,9.1438
2026-06-16 00:54:25,24.0000,14.7762,9.5767,9.2238
2026-06-16 00:54:27,24.0000,14.8307,9.5247,9.1693
2026-06-16 00:54:29,24.0000,14.8074,9.5759,9.1926
2026-06-16 00:54:31,24.0000,14.6198,9.4999,9.3802
2026-06-16 00:54:36,24.0000,14.8887,9.6098,9.1113
2026-06-16 00:54:38,24.0000,14.8023,9.5948,9.1977
2026-06-16 00:54:40,24.0000,14.7346,9.5707,9.2654
2026-06-16 00:54:42,24.0000,14.7061,9.5756,9.2939
2026-06-16 00:54:44,24.0000,14.5293,9.4860,9.4707
2026-06-16 00:54:46,24.0000,14.4996,9.4794,9.5004
2026-06-16 00:54:48,24.0000,14.4770,9.4790,9.5230
2026-06-16 00:54:50,24.0000,14.4729,9.4785,9.5271
2026-06-16 00:54:52,24.0000,14.4880,9.4648,9.5120
2026-06-16 00:54:54,24.0000,14.4824,9.4648,9.5176
2026-06-16 00:54:56,24.0000,14.4763,9.4649,9.5237
2026-06-16 00:54:58,24.0000,14.5734,9.4666,9.4266
2026-06-16 00:55:00,24.0000,14.5614,9.4632,9.4386
2026-06-16 00:55:02,24.0000,14.5493,9.4628,9.4507
2026-06-16 00:55:04,24.0000,14.5784,9.4630,9.4216
2026-06-16 00:55:06,24.0000,14.5476,9.4627,9.4524
2026-06-16 00:55:08,24.0000,14.5393,9.4667,9.4607
2026-06-16 00:55:10,24.0000,14.5392,9.4646,9.4608
2026-06-16 00:55:12,24.0000,14.5383,9.4736,9.4617
2026-06-16 00:55:14,24.0000,14.5443,9.4645,9.4557
2026-06-16 00:55:16,24.0000,14.5440,9.4645,9.4560
2026-06-16 00:55:18,24.0000,14.6561,9.3974,9.3439
2026-06-16 00:55:20,24.0000,14.9560,9.4003,9.0440
2026-06-16 00:59:36,24.0000,15.7162,9.7815,8.2838
2026-06-16 00:59:38,24.0000,15.6907,9.7826,8.3093
2026-06-16 00:59:40,24.0000,15.6388,9.7921,8.3612
2026-06-16 00:59:42,24.0000,15.5915,9.7818,8.4085
2026-06-16 00:59:44,24.0000,15.3784,9.6849,8.6216
2026-06-16 00:59:46,24.0000,15.3569,9.6749,8.6431
2026-06-16 00:59:48,24.0000,15.3349,9.6678,8.6651
2026-06-16 00:59:50,24.0000,15.3304,9.6673,8.6696
2026-06-16 00:59:52,24.0000,15.3211,9.6650,8.6789
2026-06-16 00:59:54,24.0000,15.3196,9.6642,8.6804
2026-06-16 00:59:56,24.0000,15.3290,9.6648,8.6710
2026-06-16 00:59:58,24.0000,15.3287,9.6710,8.6713
2026-06-16 01:00:00,24.0000,15.3203,9.6368,8.6797
